game_id,strategy,players,seed,paper_score,raw_score,perfect_game,lives_remaining,category,needed_last_copy_lost,playable_cards_left,moves,hints,plays,discards,failed_plays,zero_hint_moves,last_resort_plays,deck_sha256
simple-3p-42,Simple,3,42,25,25,1,3,perfect,0,0,58,22,25,11,0,0,0,fedac63db945c37afbbd4cacb47e82bd4a0f404cc9ec1e02c663cafcd7bd4c69
simple-3p-43,Simple,3,43,25,25,1,2,perfect,0,0,52,18,26,8,1,15,0,bb0cfdc58bd91db9332854925d503eaca56f7d689bfddb2c8aec82b2e8b93394
simple-3p-44,Simple,3,44,18,18,0,2,tempo,0,3,62,25,19,18,1,0,0,c3dc5cfa6132ab8f55a157942cc32deb8212ea927af4ca5439f4be42187ad026
simple-3p-45,Simple,3,45,23,23,0,1,needed_last_copy_lost,1,0,56,21,25,10,2,11,0,b4d11519d9ac6a6fc5e8681b8da7a57d2bcdec2c2ad7c80d7529b972abdf663c
simple-3p-46,Simple,3,46,21,21,0,1,tempo,0,3,61,24,23,14,2,8,0,c3b529f2e39e93c354828b56a836a26dc407db0c227c80f618f29ccb9d365a4b
simple-3p-47,Simple,3,47,23,23,0,1,tempo,0,2,59,22,25,12,2,5,0,802501c4243223972cf25502c3e074a5b5c762a6967a2ac7fb397e2edebea2f6
simple-3p-48,Simple,3,48,24,24,0,1,tempo,0,1,58,21,26,11,2,6,0,c1449b564576865f68d13821bfff61e589ab5e0c605ab55d4c7d3adf750c257f
simple-3p-49,Simple,3,49,24,24,0,1,needed_last_copy_lost,1,0,57,21,26,10,2,2,0,96693f3bfcc3c8ed8d8740fc7f14d6b81d224daad236e8a6a22996fd7e7059e3
simple-3p-50,Simple,3,50,22,22,0,3,needed_last_copy_lost,1,2,60,23,22,15,0,0,0,1aebb4d217774d89d174325d50e9b0c37c9c4bd64e8562a47583cab82a4d4cb9
simple-3p-51,Simple,3,51,25,25,1,2,perfect,0,0,57,21,26,10,1,5,0,c84e36b323f8de85a3aa773078c13260e395a8ae73035ede37b6060652c88a86
simple-3p-52,Simple,3,52,25,25,1,2,perfect,0,0,52,18,26,8,1,6,0,97d9b4427a073d692362ca7120d7a38223857cc98568f384fbbf6ddd47a835bb
simple-3p-53,Simple,3,53,25,25,1,3,perfect,0,0,59,22,25,12,0,11,0,f606376a322bba1a6894557e550a9f426f818ee596621bc1d955c1e561d071b8
simple-3p-54,Simple,3,54,23,23,0,3,tempo,0,2,61,24,23,14,0,0,0,9ca3fcc6eebcc53c9ca32e69493cb4d613f5e3544f572f80e6a98065041a8fd9
simple-3p-55,Simple,3,55,24,24,0,3,tempo,0,1,58,21,24,13,0,11,0,e03060997851f25d7e9aba760d42b6c7777c5f1d3d044fdef73f223ae6eaa182
simple-3p-56,Simple,3,56,22,22,0,3,needed_last_copy_lost,1,2,62,25,22,15,0,3,0,b6407b9b73a48db1d9ab996800e88e2e17fbe90d364d014bd7cf06efd351aad5
simple-3p-57,Simple,3,57,25,25,1,3,perfect,0,0,59,23,25,11,0,6,0,071422ef582663bd55d3c39226ef45adbb4300e472e2f95c0875a451acf9511f
simple-3p-58,Simple,3,58,23,23,0,3,needed_last_copy_lost,1,0,53,20,23,10,0,12,0,c6ecb8bb61f0f8128bc721a4550d4b11702458b1c6d9e99dfc5be1c40ac454ab
simple-3p-59,Simple,3,59,24,24,0,2,needed_last_copy_lost,1,0,53,19,25,9,1,6,0,4f620eec21d771229f077dfba8674db8b19fab3474c8aa1a5d6fbaa5da5cb0b1
simple-3p-60,Simple,3,60,24,24,0,3,tempo,0,1,57,21,24,12,0,0,0,8dec70b50a4c44b773ab4a33f06671a407036c1e4fa130b49d367a0845320d1d
simple-3p-61,Simple,3,61,22,22,0,2,needed_last_copy_lost,1,0,56,22,23,11,1,9,0,97ff11d12c8bef2668af14111c14d34711390e0ee78635840d509ec4ad0549b3
simple-3p-62,Simple,3,62,24,24,0,2,needed_last_copy_lost,1,0,57,21,25,11,1,18,0,35d633b472752adc3e04de17798d01bd4eace6c07893d345a9dc51cb1b338368
simple-3p-63,Simple,3,63,25,25,1,3,perfect,0,0,57,21,25,11,0,7,0,d9d2e1bba10253bb6a9a308998938ee29b5d8ad93ab8297a77ecb7195810385c
simple-3p-64,Simple,3,64,24,24,0,2,needed_last_copy_lost,1,0,53,19,25,9,1,12,0,84513d846a1ef7cd87a5c4690a341ee6acd9156ac87d8df082c4f09563f30756
simple-3p-65,Simple,3,65,24,24,0,3,tempo,0,1,59,23,24,12,0,13,0,9cc4299ec55011446e7c98f6b99e15c3eb87834c073343d40e359a40c3dba3e8
simple-3p-66,Simple,3,66,24,24,0,3,tempo,0,1,61,24,24,13,0,7,0,1c3b0fbc2242e9f97993843ee5ff00721eaeccd4db2fc44995e5df87b88e393b
simple-3p-67,Simple,3,67,22,22,0,1,needed_last_copy_lost,1,1,59,23,24,12,2,14,0,0f5d49ed47b0b51a6cc718aabffd80d7e8d01b0bc90ac9b9a27a292868373ac6
simple-3p-68,Simple,3,68,24,24,0,2,needed_last_copy_lost,1,0,57,21,25,11,1,7,0,74dcc2b2ffa69a1fe7e3ff41a24366bec9edb775544fca67edda6b8a1256fef8
simple-3p-69,Simple,3,69,23,23,0,3,needed_last_copy_lost,1,0,47,16,23,8,0,0,0,1ef92a6b8f11da5d01249e4246185f4ec6dd751edebdec62aeda43fa29e6e408
simple-3p-70,Simple,3,70,25,25,1,3,perfect,0,0,55,20,25,10,0,2,0,ae123732c024250e5b7c44539e9c3cb9ece185b05c4be6b6be1b38bb4240d9e6
simple-3p-71,Simple,3,71,25,25,1,2,perfect,0,0,57,21,26,10,1,8,0,07eb4b5bf79117d2c05b39efcb26b83ca937a2ca084163310c9e600b3fcb2e79
simple-3p-72,Simple,3,72,25,25,1,2,perfect,0,0,54,20,26,8,1,10,0,db1cfef41dfbaa95a49bd996b3e05778d57bc5cc2ec613b006f5ce4e201703fb
simple-3p-73,Simple,3,73,24,24,0,1,needed_last_copy_lost,1,0,58,21,26,11,2,15,0,61205d3b5a71c2cbc337b7d6d0796eb3ae7f9dba9498543a6c8e88020e804154
simple-3p-74,Simple,3,74,25,25,1,2,perfect,0,0,58,21,26,11,1,10,0,052f77b58cc9886067f8fd85f87248f487a412d6a0e3071756722fea55083e4d
simple-3p-75,Simple,3,75,22,22,0,2,needed_last_copy_lost,1,1,60,23,23,14,1,9,0,0c4cc612b70e10dbaf489c4c2eceaf8fba5cc7d6c42768005960eeddd2fe6952
simple-3p-76,Simple,3,76,23,23,0,3,tempo,0,1,61,25,23,13,0,8,0,ef7cb135a55965b56f9977b21154751f99d1fd9489500555228c066158de2f9d
simple-3p-77,Simple,3,77,24,24,0,3,tempo,0,1,60,23,24,13,0,9,0,828a9c94c3882a4130ad0f0ff37d7b18aaa55c8e330442f3e211f16ef96e5164
simple-3p-78,Simple,3,78,21,21,0,2,needed_last_copy_lost,1,0,53,20,22,11,1,10,0,4fe7108117e79813c1f64121a8b28d48ecb8090654354f9edc54d4337e0a7be3
simple-3p-79,Simple,3,79,25,25,1,2,perfect,0,0,59,22,26,11,1,18,0,d74eee179996053ed9e7b173dcaf727fc67af3b3110a72630ea26767a6eb7957
simple-3p-80,Simple,3,80,22,22,0,3,tempo,0,2,61,24,22,15,0,0,0,2d9d2132daa95a86f61aab09546a07c45292efbe5a736025409824088e8b4cb3
simple-3p-81,Simple,3,81,22,22,0,2,tempo,0,3,59,22,23,14,1,0,0,e3b1a8914953bcb5dc5a4d3ca116e4d634bad68c701da52f9a6c71a16cb014c9
simple-3p-82,Simple,3,82,20,20,0,1,needed_last_copy_lost,1,1,61,24,22,15,2,1,0,fb7458682c0866f8b2e4d91888e5deb99d0515b02062d59caf16e35f628880f0
simple-3p-83,Simple,3,83,25,25,1,3,perfect,0,0,57,21,25,11,0,8,0,0c1b1be88d29a90661ef97c8cb84dcfba5ead1a52e629e1f9affeba9e91789e6
simple-3p-84,Simple,3,84,25,25,1,2,perfect,0,0,49,17,26,6,1,14,0,98d2501225371b7368f26e1f556c337a6edf2cf8321cb9f62e89bdcf2a6733d5
simple-3p-85,Simple,3,85,24,24,0,3,tempo,0,1,59,23,24,12,0,12,0,e236f3b885623b623a80c6565ac8fb17af6728eda4898e16afc669d40cbfacb2
simple-3p-86,Simple,3,86,25,25,1,2,perfect,0,0,59,22,26,11,1,4,0,66dc79d5a676c20dc03aa5d751a347d7b185e97a69ff8e728dc3a6d9828357c6
simple-3p-87,Simple,3,87,25,25,1,3,perfect,0,0,60,23,25,12,0,13,0,d0c806ad48679fc5b496c4d21c09aaccf419f435af4762ed89f9c3331ea6fb4c
simple-3p-88,Simple,3,88,25,25,1,1,perfect,0,0,57,20,27,10,2,5,0,d24fd470c0e14d6724aff5a6126f0a912b6f70a61cf358c1c6d7c69ee51a56d1
simple-3p-89,Simple,3,89,25,25,1,3,perfect,0,0,59,23,25,11,0,11,0,94e6a4cc67d996272fa6f628bae737c717ae2313ff4fa4491335920ec9162ef3
simple-3p-90,Simple,3,90,25,25,1,3,perfect,0,0,53,20,25,8,0,8,0,906418964d98b54da90f89f4fd0491997431561e213e0e59481d7f817f4ac3ea
simple-3p-91,Simple,3,91,24,24,0,1,needed_last_copy_lost,1,0,55,20,26,9,2,2,0,37a5041ddb2e3e6b2bea3dc2830ea04fe2f2289f394133d06c37880669df2a64
simple-3p-92,Simple,3,92,23,23,0,2,tempo,0,1,60,24,24,12,1,14,0,bb66d7740ccb8374bc7bdb90e0891f14c6994b0879a387e908a932fc72ff3a9c
simple-3p-93,Simple,3,93,24,24,0,2,needed_last_copy_lost,1,0,53,19,25,9,1,9,0,ac81bf6cc7500352e4bd7ae729361d0e16eafe47149c877e8bbf45d7387d330e
simple-3p-94,Simple,3,94,25,25,1,3,perfect,0,0,53,19,25,9,0,16,0,aafcacf76b2da2e1dca6146b14fcfaafc2ab29bb26a3085f2c88aa8dc1471380
simple-3p-95,Simple,3,95,25,25,1,3,perfect,0,0,56,21,25,10,0,7,0,f0fbbda3e4f9711fc4667b3f763a2c38b94a0d4d7709a45cccc725511b6cf25a
simple-3p-96,Simple,3,96,25,25,1,2,perfect,0,0,58,22,26,10,1,4,0,9c3a0cf28c7dc2d04bbca42a7bdd20aa7f83ba3d921662bf519795b63c078ac8
simple-3p-97,Simple,3,97,23,23,0,3,needed_last_copy_lost,1,1,60,23,23,14,0,11,0,3e8efe994913d0c1fe774495e22670469cef29baf0c7ee786b586f4fc6243eec
simple-3p-98,Simple,3,98,24,24,0,2,tempo,0,1,58,22,25,11,1,2,0,ac921b415d5bc3b41431a7fa4285b0fbc62f57b6ad8b560acce50432b1e4553d
simple-3p-99,Simple,3,99,23,23,0,2,tempo,0,2,60,23,24,13,1,10,0,c2041dc979a77ca97221ec6a670ece2fa2d4aa837879ccd82204310304690076
simple-3p-100,Simple,3,100,25,25,1,2,perfect,0,0,57,20,26,11,1,8,0,07de12da556560cb277e2f40ee430fd53a3b3f0426883b7d161af51e292bbf30
simple-3p-101,Simple,3,101,23,23,0,3,tempo,0,1,60,24,23,13,0,7,0,53c0598207060fa0ccba1ac47a62594ccf57dae53d3ffa3e38a46b744e9fd077
simple-3p-102,Simple,3,102,25,25,1,1,perfect,0,0,58,21,27,10,2,14,0,32f85fa88b609ec9684f9be09e134c018db285f0c189a03f07127deaf30c4abf
simple-3p-103,Simple,3,103,24,24,0,3,tempo,0,1,61,24,24,13,0,7,0,bcfeaa10e49949fe838dc54d4d7da827dde18083df2c5332271fd8686ba9602e
simple-3p-104,Simple,3,104,24,24,0,2,tempo,0,1,57,21,25,11,1,4,0,039f7c3e86b0ecaa78ca80319b6730af2591b9366bb878fec7b004da47550308
simple-3p-105,Simple,3,105,25,25,1,2,perfect,0,0,54,19,26,9,1,12,0,c99dca0e8359b28621f51634052a139056a63dbd272c191806c2b839f1464dc8
simple-3p-106,Simple,3,106,19,19,0,1,needed_last_copy_lost,1,3,61,24,21,16,2,9,0,c75ad90dc18271707ae8d31351f5c421e48ffe28bda0382be20e1cbb764f286b
simple-3p-107,Simple,3,107,24,24,0,2,tempo,0,1,57,20,25,12,1,0,0,2b6e9dc446ecee4b150d36ba89087f0ed7387da8dd422da261f2ac04ab285bbe
simple-3p-108,Simple,3,108,24,24,0,3,needed_last_copy_lost,1,0,54,20,24,10,0,2,0,318f8e8d1c3a0e922ded146c493218518cfb2f572cbdb2f24c47fb24261722f4
simple-3p-109,Simple,3,109,25,25,1,3,perfect,0,0,55,20,25,10,0,3,0,157f558f9ff536c5846c8c74d2f590eae3b43a46a0e5c23b78b1b1298ef5c94b
simple-3p-110,Simple,3,110,25,25,1,3,perfect,0,0,56,20,25,11,0,8,0,982cd5bcb2429013963d24ed83b3d794aaf8ef1cc165b18c31ffdb12781dc941
simple-3p-111,Simple,3,111,22,22,0,2,tempo,0,2,59,23,23,13,1,0,0,32ae8cdaea0ee3c6930c20d6d2ed7ffb2dc34b0c28523ab3de5b5f772bb81d7e
simple-3p-112,Simple,3,112,25,25,1,3,perfect,0,0,54,20,25,9,0,5,0,9837333d881dff8a3e067c7ab0d704de6d55f1e95049263df312f1d9062aa414
simple-3p-113,Simple,3,113,25,25,1,2,perfect,0,0,53,19,26,8,1,4,0,f71c6f807d3c267724bece7b2bc9de19d7cfa4d64599c9cee748141d6231c4e1
simple-3p-114,Simple,3,114,22,22,0,1,tempo,0,2,59,22,24,13,2,7,0,e275745cc3f7d4cfce128b77751da088cace9b7315ad31c562679bfacffbeab1
simple-3p-115,Simple,3,115,25,25,1,2,perfect,0,0,53,19,26,8,1,10,0,4a83233343361cd8856d5b9db764d017fd9245142789f9c588b6032f6d0cc749
simple-3p-116,Simple,3,116,25,25,1,3,perfect,0,0,50,17,25,8,0,10,0,6aba94d64fd22a012435f035aa5de9c98b78ba9946745909d0a8cc8f87d881a2
simple-3p-117,Simple,3,117,23,23,0,1,needed_last_copy_lost,1,1,58,22,25,11,2,11,0,073502ce23a70d5afc854b065cff450c6da682f8e2a01f674f3e41185ce5b182
simple-3p-118,Simple,3,118,25,25,1,2,perfect,0,0,53,19,26,8,1,10,0,51ecb6ae3abed99eb535b0509aa59539bba4068d44db7644944b5e2cacf8c4c0
simple-3p-119,Simple,3,119,24,24,0,1,tempo,0,1,58,21,26,11,2,6,0,7ddb81872bbc6ed6d3704d3fcabf5bcf1f6a761bea5880e9d680b48473bc9411
simple-3p-120,Simple,3,120,23,23,0,1,needed_last_copy_lost,1,1,60,23,25,12,2,8,0,8003ec521b34e4166dc95d6ac79215fd46cf94261b179476774f06c9045abfdf
simple-3p-121,Simple,3,121,23,23,0,1,needed_last_copy_lost,1,1,59,22,25,12,2,12,0,f79f0a9a2e143ede97863c2c7056de00ea8506a21bd4233cc8c72d2bed90620b
simple-3p-122,Simple,3,122,23,23,0,1,tempo,0,2,58,22,25,11,2,8,0,3b9feb6233c1478e693a5fe6c6a8a9e4332f7c7fc57cca54d66136708c695c3c
simple-3p-123,Simple,3,123,22,22,0,1,needed_last_copy_lost,1,2,59,22,24,13,2,12,0,5fc2d1918b263220f5163726cd39531604cc13f6f7733e69f81eb3f7a8931200
simple-3p-124,Simple,3,124,22,22,0,1,tempo,0,2,61,24,24,13,2,21,0,13e0b0fbbb8cee3926a1d6e340a8ed422f1a7a9b8ab3c48423ee8a3d47a0a040
simple-3p-125,Simple,3,125,25,25,1,3,perfect,0,0,53,19,25,9,0,6,0,de98a8d95ea23e83f05e85fab4237f3a1e2f52b2e7c0554cbe334caea4b914ba
simple-3p-126,Simple,3,126,20,20,0,2,tempo,0,2,61,25,21,15,1,9,0,83b17e0f74000659c8c2b6ce59104bf00746ffe14d1c9a9bcd2c4c2c9e9bb2f3
simple-3p-127,Simple,3,127,24,24,0,3,tempo,0,1,58,21,24,13,0,0,0,a59969e8c5fd6e14fd26c15ba03c4d68d7b23fd38512632d4ba0b8fe06498f12
simple-3p-128,Simple,3,128,23,23,0,2,tempo,0,1,58,21,24,13,1,0,0,0dbdb9ff06265dd8acf667423f73a120e2f6398e1e0924f187f7a0b57c3a73ae
simple-3p-129,Simple,3,129,25,25,1,2,perfect,0,0,59,22,26,11,1,10,0,9612f0eaccdf3d048165810918ba9552894925402ce9d729b9660e7b14d8e9a1
simple-3p-130,Simple,3,130,25,25,1,2,perfect,0,0,54,20,26,8,1,16,0,603dd690729bc6919e13e70ac6820c26230a1c308f881098ad7e05eff0a10e28
simple-3p-131,Simple,3,131,22,22,0,1,needed_last_copy_lost,1,1,59,22,24,13,2,14,0,cf066cdd396ae156dcb73bf721d5417e6288b0482a19f33fac299dce6adcefa7
simple-3p-132,Simple,3,132,24,24,0,1,tempo,0,1,58,21,26,11,2,17,0,bd0c9ba80cd91a9209ca6249d637d8e75c1e23d619caa29d0e5eff01e4136e3d
simple-3p-133,Simple,3,133,19,19,0,3,needed_last_copy_lost,1,2,64,27,19,18,0,1,0,f2ad165b0ba10c708d8f3c2fdcfcc915e39462a935cc445cc6e45ca43a485e4e
simple-3p-134,Simple,3,134,23,23,0,2,tempo,0,2,59,22,24,13,1,12,0,c7a71f7f723a0e39faf86e06d390c2d573c5216192ff785fa6aeba8c8dda364e
simple-3p-135,Simple,3,135,22,22,0,2,needed_last_copy_lost,1,0,61,24,23,14,1,6,0,7fa136b39f5b240958c6b880891567196e5069a09e8a32557d6609efa9ea8936
simple-3p-136,Simple,3,136,25,25,1,2,perfect,0,0,55,20,26,9,1,16,0,5bff8aac0914522a37eeed25a23a0022dc8b57458f24e7cee950d0b0ae7a1a78
simple-3p-137,Simple,3,137,21,21,0,1,needed_last_copy_lost,1,0,60,23,23,14,2,15,0,f0ef9825ddb3f81c4114eb038f2cc6639d84e575a49c32b00f953d67096261f8
simple-3p-138,Simple,3,138,22,22,0,1,tempo,0,2,61,24,24,13,2,4,0,64597c12ba0709258b7751081e9609d09498e60ca58ca7c52a1ce12a534b71f1
simple-3p-139,Simple,3,139,23,23,0,1,needed_last_copy_lost,1,0,60,23,25,12,2,21,0,1edddd49d0d3b1ac29d3c6786d3df96aa79567d6008b1de6f214ef5bb59e8aaa
simple-3p-140,Simple,3,140,23,23,0,2,tempo,0,2,60,23,24,13,1,11,0,0f0d5090477513daa7dc5090f2b8b4d8c837584f31b3161f8b57bcc97b7d159d
simple-3p-141,Simple,3,141,24,24,0,1,needed_last_copy_lost,1,0,58,22,26,10,2,11,0,8235c42eb00a4b06e5c42fccd732463c43cc82bb5a016c4c8da73de726ba0651
simple-3p-142,Simple,3,142,22,22,0,2,tempo,0,1,62,25,23,14,1,17,0,decd14c38bfbcc6d0985fc7309c5d362c5523951b40e34b274515f573a06d3bc
simple-3p-143,Simple,3,143,23,23,0,3,needed_last_copy_lost,1,0,53,20,23,10,0,16,0,052feceed29b4026c2aece1f0b95e03da27c0f4520a4b7dfae7294b6d33316d8
simple-3p-144,Simple,3,144,24,24,0,2,tempo,0,1,59,22,25,12,1,0,0,f4072b3dcb4512a16493ebbc30e0ff92f35f7de00cd163e732096a6cdd261c5d
simple-3p-145,Simple,3,145,21,21,0,1,needed_last_copy_lost,1,1,59,23,23,13,2,22,0,2445c51914f3bd29461c67a6d96855b83e159f0e3f8f942d6343fad7c21c4ba4
simple-3p-146,Simple,3,146,22,22,0,1,tempo,0,2,59,23,24,12,2,14,0,d0774eb8aa2eaed5354f2335aaf52bc441821387b26bd999bb055cbb53369dcd
simple-3p-147,Simple,3,147,25,25,1,3,perfect,0,0,55,20,25,10,0,15,0,dc8e2b33e0656eba2d5562c1493d566597481299681fc218c3defb8f89836f18
simple-3p-148,Simple,3,148,23,23,0,1,tempo,0,1,60,23,25,12,2,15,0,92339c72fcb07164bf17b864e7d8c7fb14e60110c3ea8e1b80fb21ce7963c5aa
simple-3p-149,Simple,3,149,24,24,0,2,tempo,0,1,60,23,25,12,1,14,0,dfd375763fd68c564f03be4e4a89e3904de1b3ee26f3586846d5e56a7b563051
simple-3p-150,Simple,3,150,24,24,0,2,tempo,0,1,59,22,25,12,1,10,0,8621ab8c45ab79ddef1b298b923a3e8c12ac10386ffb70e40559a894acc61e80
simple-3p-151,Simple,3,151,25,25,1,3,perfect,0,0,56,21,25,10,0,9,0,e0d4dfd34b225ebeffab1fee6b5f3fc69a535222ca4764108e5db7901c0fe1ce
simple-3p-152,Simple,3,152,23,23,0,1,tempo,0,1,57,20,25,12,2,9,0,19576642d42bcca396014474b03414e11637187c92142a73eb0e4293f593e8df
simple-3p-153,Simple,3,153,25,25,1,3,perfect,0,0,52,19,25,8,0,0,0,800a0ff337d622a7d787b5a4c4d43823f1dd9af9b8b6346c1f05fb5795b28786
simple-3p-154,Simple,3,154,25,25,1,3,perfect,0,0,54,20,25,9,0,12,0,26963fb23e8610cce0b95b7998c17450be5e161a9335d3ffd26fcf8761594e38
simple-3p-155,Simple,3,155,24,24,0,2,needed_last_copy_lost,1,0,60,23,25,12,1,2,0,5b8b7397b0788c87a6e988d12048a77c1c65b1c468c956e700bdcda1cb99b169
simple-3p-156,Simple,3,156,24,24,0,2,needed_last_copy_lost,1,0,53,19,25,9,1,4,0,78c30090aeae45074ca81ebc38744ca251fa14d2a2141df8cc2bf7a09cc18041
simple-3p-157,Simple,3,157,24,24,0,2,needed_last_copy_lost,1,0,59,22,25,12,1,7,0,384ba1129d7c8a9cb127f413996f3d97a7f7f63192b0877d51b297f2dc9f07d8
simple-3p-158,Simple,3,158,25,25,1,2,perfect,0,0,56,21,26,9,1,4,0,265d455fcde84295525aa956dca1940f2f03aa409fe78b5a424593ea6b8beb09
simple-3p-159,Simple,3,159,23,23,0,3,tempo,0,2,57,20,23,14,0,0,0,4e011ead4cccdc9a5f00d4fc7428579c29ac739e79decb2117e51b2cb2905a38
simple-3p-160,Simple,3,160,25,25,1,3,perfect,0,0,56,20,25,11,0,0,0,b68767bfee00f4498531c3328b88b67331f2eb5bea0eebd2a2a640c8e75936d1
simple-3p-161,Simple,3,161,20,20,0,1,tempo,0,3,60,23,22,15,2,0,0,3f790a95907a9a828192d8ddd0e8a2f6415517a009a9dfa73cb014cb049a0c32
simple-3p-162,Simple,3,162,25,25,1,3,perfect,0,0,54,20,25,9,0,1,0,0b631784ebd9d2cefa5ca2e92b7b0b41606f2f14c3fe9ba51903063c8893a280
simple-3p-163,Simple,3,163,25,25,1,2,perfect,0,0,56,20,26,10,1,18,0,0e7f5fdf3dcdd5e074fcb6f205a18c8bafe57055b8ca20b127309d66d49cfb73
simple-3p-164,Simple,3,164,24,24,0,2,needed_last_copy_lost,1,0,58,22,25,11,1,11,0,a509611c7cecf606f7782671561b8f96bb62d5f10656d1c7bf186f3ab2216ef2
simple-3p-165,Simple,3,165,24,24,0,3,tempo,0,1,61,24,24,13,0,2,0,140d45ffc4b4bbca12607fc21c4c0721829e1bbbab55a1009d749f38d74e8909
simple-3p-166,Simple,3,166,24,24,0,3,needed_last_copy_lost,1,0,55,21,24,10,0,13,0,98514edc6cd00303bf8442c5c66b9b57265fbd9213b21d5a3de23bb8de93dc57
simple-3p-167,Simple,3,167,23,23,0,3,tempo,0,2,60,24,23,13,0,2,0,24ec1a0a1ea3962576c5eb68b9e5bc919b49bc7bc44be0a968f6a849a3c45077
simple-3p-168,Simple,3,168,21,21,0,2,needed_last_copy_lost,1,1,60,23,22,15,1,0,0,2712aa69440d21e741fa504b17923db82b3a7caf0b04007b76e47772d61a251f
simple-3p-169,Simple,3,169,25,25,1,2,perfect,0,0,58,22,26,10,1,5,0,46ec781e3d967599eabe30edbd15f12f8569e2fe0817c02373cd32c11ecde79d
simple-3p-170,Simple,3,170,24,24,0,2,needed_last_copy_lost,1,0,53,19,25,9,1,4,0,6d0c2e40f055dab507d018695fc157aff58b167afc7b2a23fff6fa40e802ba6a
simple-3p-171,Simple,3,171,25,25,1,2,perfect,0,0,56,20,26,10,1,6,0,f01c0832061ca9748fb0865157f1cbce791cafdc875bbe02ebe7e081ce789ff8
simple-3p-172,Simple,3,172,25,25,1,2,perfect,0,0,56,20,26,10,1,11,0,f06c6068ba31dd6b0eda70da27c7413aa1ab3eddb61a9c7d79f75395f033097b
simple-3p-173,Simple,3,173,20,20,0,1,needed_last_copy_lost,1,0,51,19,22,10,2,15,0,a5ad819d82837a0721568f03d560737ca1af4263406330861b6774e8f2554c04
simple-3p-174,Simple,3,174,24,24,0,3,needed_last_copy_lost,1,0,50,18,24,8,0,10,0,bd4157ef631efd36e3f6a4790593e4620bfb65ac2539ba29e0351cf5a71dacba
simple-3p-175,Simple,3,175,18,18,0,1,needed_last_copy_lost,1,1,63,26,20,17,2,24,0,f0c9a73a45c3a44a54c31db647ca08c1757446518644dd85507c0aaf1616c0af
simple-3p-176,Simple,3,176,19,19,0,1,needed_last_copy_lost,1,0,55,21,21,13,2,17,0,c5cebf30baf6bd47e437dd5d80461ae620cdb6683387f7ab703fe65736890f03
simple-3p-177,Simple,3,177,24,24,0,3,needed_last_copy_lost,1,0,56,20,24,12,0,0,0,d33c10cc9bd349c63fc7efd2cbf367acc342553a21f992af716ad5d353678fd0
simple-3p-178,Simple,3,178,23,23,0,2,needed_last_copy_lost,1,1,57,21,24,12,1,8,0,bb25b09926861c6105dca574356634db21f5cc56ed7891494c7f233d89f8406e
simple-3p-179,Simple,3,179,20,20,0,1,needed_last_copy_lost,1,2,58,21,22,15,2,0,0,3326c265b5cf46b01a20b96a5ff46cc62173a28cf000995a6b04e813592c80b2
simple-3p-180,Simple,3,180,25,25,1,2,perfect,0,0,59,22,26,11,1,5,0,c68cfd4cb260701f9d963f5db5df918bbfc2ea817d61a69673d7824fb2adaeaa
simple-3p-181,Simple,3,181,25,25,1,2,perfect,0,0,56,21,26,9,1,4,0,8e57c8a2fa4a4d626c23c39f20abd691014fb730cf5d232e50cc3b7ec679fc5c
simple-3p-182,Simple,3,182,24,24,0,2,needed_last_copy_lost,1,0,56,20,25,11,1,0,0,0bf98bf85a38300f52e8ae299ac17c732bab683f901c3d323e2b395c98dd7609
simple-3p-183,Simple,3,183,23,23,0,3,needed_last_copy_lost,1,0,56,20,23,13,0,0,0,e7f3e2a76498b2a6d8684707489ca4e77e852ab5397501296f0f4593fd323180
simple-3p-184,Simple,3,184,24,24,0,2,needed_last_copy_lost,1,0,54,20,25,9,1,7,0,6295d44e22f02578c04fb1a179b10cd11d46252a3cd102a011538515857b7997
simple-3p-185,Simple,3,185,25,25,1,3,perfect,0,0,57,21,25,11,0,11,0,71d86af2f73faa99644571d06d8bf39715ce81aa4d412170a6dc290be167e1a3
simple-3p-186,Simple,3,186,22,22,0,1,needed_last_copy_lost,1,0,55,20,24,11,2,20,0,06c9dc4836d55fac193c843e117e4fcdade50b1ac06fe068e1fce7ebbb1180c7
simple-3p-187,Simple,3,187,25,25,1,1,perfect,0,0,58,21,27,10,2,18,0,a7f6260826050620db71016e50a9d43c6f1370663c06e915fdad25ddf0928258
simple-3p-188,Simple,3,188,25,25,1,2,perfect,0,0,57,21,26,10,1,0,0,39155ecb33d5dc113b453cfe146a502cfb7a3dd30c04cab053b4179d45a65653
simple-3p-189,Simple,3,189,23,23,0,1,needed_last_copy_lost,1,1,58,22,25,11,2,12,0,8834b7290f2366191a21c0fa9c713af8a3d08b28328ffeb32a0d112b79c4a4db
simple-3p-190,Simple,3,190,20,20,0,1,needed_last_copy_lost,1,0,60,24,22,14,2,9,0,94292ce46ac4b10ec4181756d9361dae652d043a21ac1c329a15c569d3e04c29
simple-3p-191,Simple,3,191,23,23,0,2,tempo,0,1,59,23,24,12,1,6,0,2495e93e4b29f2ee02d749b4b33a45c83dc3a7c9a869e8da2751bc83124a81a2
simple-3p-192,Simple,3,192,22,22,0,3,tempo,0,2,58,22,22,14,0,0,0,74728e1d244d2be8ed277790f9f2b7a80d4607f5c84dbc7feeac7c72acfea6fb
simple-3p-193,Simple,3,193,23,23,0,2,tempo,0,2,58,21,24,13,1,0,0,25d0987682286bd101bf795932d1725ac116c5c835c44c57da7f8fc8e6fa7506
simple-3p-194,Simple,3,194,25,25,1,2,perfect,0,0,59,22,26,11,1,9,0,2265a5e5d3076bbb7f1f8e6c44c200eec014a50f924c730d9f29212acc376f85
simple-3p-195,Simple,3,195,25,25,1,3,perfect,0,0,44,15,25,4,0,11,0,5f39670c1acb42c2688f682751a1bc2928dd68a79387fd3f16227570aef13da0
simple-3p-196,Simple,3,196,23,23,0,1,tempo,0,1,59,22,25,12,2,13,0,b5cd9025d5d9e28c1ef6e06fb5e1efb1cefd41b7158d3eb34bd672da9450b518
simple-3p-197,Simple,3,197,24,24,0,2,tempo,0,1,60,23,25,12,1,2,0,eadbde85938c7e266caf75db8da346fc9682e249222520931f6fdf12907f2c1f
simple-3p-198,Simple,3,198,24,24,0,1,tempo,0,1,57,21,26,10,2,11,0,459221c88f6c14963a6874bd02bbf11c5de17a950c60c947a5d6be177e5e9ff4
simple-3p-199,Simple,3,199,25,25,1,3,perfect,0,0,53,20,25,8,0,5,0,55cbe9aa431e32f875f144a5d2c698e81dc061f064af4667157204f01ba8f470
simple-3p-200,Simple,3,200,22,22,0,3,tempo,0,1,58,22,22,14,0,0,0,567c675328c78cb38d906b650952f5f404a99ec71c33e59c59f57f75905efc3a
simple-3p-201,Simple,3,201,23,23,0,2,tempo,0,1,60,23,24,13,1,7,0,63e1e313478991f5be0e3ac433e275ca062c62fb9d5dbe975fbf519ef051d948
simple-3p-202,Simple,3,202,22,22,0,2,needed_last_copy_lost,1,0,52,19,23,10,1,0,0,47677e9157f70c6be822a92f1b67f3cd0e9b15ee4426a5c0d60632eb0241e36d
simple-3p-203,Simple,3,203,23,23,0,1,needed_last_copy_lost,1,0,54,19,25,10,2,12,0,02ca4fc649b63dc16538ad2585cd2f65a75d68129015c8b4181079ef4e200fa1
simple-3p-204,Simple,3,204,21,21,0,1,needed_last_copy_lost,1,2,60,23,23,14,2,15,0,46f547e3f97b25e33ef47d8be3f9ab1d5f39f1f5d6d16a8a53f7d9ed184edfb0
simple-3p-205,Simple,3,205,23,23,0,1,needed_last_copy_lost,1,0,56,20,25,11,2,0,0,252685d29f72fa6d9abdfafc782d9c27ddeb79a2b58e7f98426b9cf8f2d17fcc
simple-3p-206,Simple,3,206,25,25,1,1,perfect,0,0,57,21,27,9,2,11,0,1ef1f280eeb3d460ab15bf73cdd080a0f9e4368027617591b3bcba58b61ef513
simple-3p-207,Simple,3,207,21,21,0,1,needed_last_copy_lost,1,2,61,24,23,14,2,13,0,90ad671c89be3ac6bb0cbd6f3b837f432c62d0658e080dffab0c6165818b75c4
simple-3p-208,Simple,3,208,25,25,1,2,perfect,0,0,58,22,26,10,1,9,0,bd24f3314f8e943c5b0edac1f5f7aa4a084b569b224bb9a26ba4fe2aa1750ffa
simple-3p-209,Simple,3,209,22,22,0,2,tempo,0,2,60,24,23,13,1,6,0,3f5db94188475386a9b630d7d85743d113420aadde008b9df5a80c3729f377f9
simple-3p-210,Simple,3,210,21,21,0,1,needed_last_copy_lost,1,1,60,23,23,14,2,10,0,b7d268addb91f16da8412f915c79f341aa3b5c88301b2164aa00f458eac3cbb3
simple-3p-211,Simple,3,211,22,22,0,1,needed_last_copy_lost,1,1,60,23,24,13,2,11,0,be28f1596a885de911d6b0faed75094675781ad187db3702cb89f080c61fc3b8
simple-3p-212,Simple,3,212,24,24,0,3,tempo,0,1,57,21,24,12,0,7,0,edef5559487f7cd0bce48e67263310d91cebcab023a243c98cf9cbf6bad8a743
simple-3p-213,Simple,3,213,25,25,1,2,perfect,0,0,58,21,26,11,1,0,0,6bbf033d191adb5e573834d4e07e398defb488947edf1e5321c822d033af6a43
simple-3p-214,Simple,3,214,23,23,0,3,needed_last_copy_lost,1,1,60,24,23,13,0,4,0,5102338da62b8bafbf1bbf5680f0dcd684a86219298325f8ecf118e34868a2cc
simple-3p-215,Simple,3,215,25,25,1,3,perfect,0,0,53,20,25,8,0,15,0,b92b06e462d270a3687db26a7df7271cf1e76f5f84b70e31c9e8dce9834075ef
simple-3p-216,Simple,3,216,25,25,1,2,perfect,0,0,58,22,26,10,1,7,0,45285f4542567af9879c8899a79e32fc6f3f66a0a7b1dc1d654ca37b5158a152
simple-3p-217,Simple,3,217,24,24,0,2,tempo,0,1,59,22,25,12,1,3,0,981e81decd5ad13e4d266e3085542e31e2d0e8660bd3c1bdf61e50c494191249
simple-3p-218,Simple,3,218,25,25,1,3,perfect,0,0,60,23,25,12,0,12,0,b312c114c413c874ed395b065bc781cf902b5ae84f3d4615d1e5c01fb141e517
simple-3p-219,Simple,3,219,25,25,1,2,perfect,0,0,50,18,26,6,1,6,0,3199c1b8b4a7fd9e559a7fb6338211d1b11c2878b70874d889af4bace4fa382d
simple-3p-220,Simple,3,220,22,22,0,1,tempo,0,2,60,23,24,13,2,14,0,3dca95904b30c0814b9924c9052f26007575a18e10f86e66c7ab9ed922b4db77
simple-3p-221,Simple,3,221,22,22,0,1,needed_last_copy_lost,1,1,59,22,24,13,2,15,0,d744c0b5b0493e7bcc5ea4d85271224eea1b80a6c447881b3a8458e8ac6a6118
simple-3p-222,Simple,3,222,25,25,1,2,perfect,0,0,58,21,26,11,1,15,0,20c6221b473925053cbc1e3d7bfc11f7ed283de376d8f5740fb38c24b10ddd96
simple-3p-223,Simple,3,223,24,24,0,2,tempo,0,1,59,22,25,12,1,13,0,2a1be5ea38e30b005707d45d181c2410180c2302de1ba5fe055f87321ca877ba
simple-3p-224,Simple,3,224,21,21,0,1,needed_last_copy_lost,1,1,60,23,23,14,2,15,0,2cc5cebe24eede8fefb1cd9d385768c1953dfe26f566df5198a040f505c56d87
simple-3p-225,Simple,3,225,25,25,1,3,perfect,0,0,58,22,25,11,0,0,0,f5b0b2cb048957e07c204e18d5aac3e020eea0430617a4fca5150fbe194df1c9
simple-3p-226,Simple,3,226,24,24,0,2,needed_last_copy_lost,1,0,57,21,25,11,1,10,0,021b655e3803ce9af711fee8c8af041637a5e99594b4dcc084fe2cfbef16ad4d
simple-3p-227,Simple,3,227,24,24,0,3,tempo,0,1,61,24,24,13,0,4,0,5aa8ef57999c850804db5c95d2a7e06a4a4f068fe6f6ce3a9288157234565ab6
simple-3p-228,Simple,3,228,25,25,1,3,perfect,0,0,54,19,25,10,0,0,0,d58b5155906514f54da727925eb5a5c6b7ef78784354dabea4281aae6ff4fb61
simple-3p-229,Simple,3,229,22,22,0,2,tempo,0,1,60,23,23,14,1,4,0,8883c923b5c56d4a27e5e4a0d3cbb2b3172e9b976191b4e469ebaaa5ac690ba1
simple-3p-230,Simple,3,230,23,23,0,3,tempo,0,1,60,24,23,13,0,16,0,0de87e1ad6f945758584d78bdc0a623bcc067444c9eeca1225ba75c3baa7882e
simple-3p-231,Simple,3,231,24,24,0,3,tempo,0,1,61,24,24,13,0,16,0,8298a17100ed7c836f427a4ae4c10bf35a392fb4dd8a2db1d5669604970dd230
simple-3p-232,Simple,3,232,25,25,1,3,perfect,0,0,50,18,25,7,0,10,0,bf04bd92dd73f9fd4003b39c823301d0e92d34cd227f524c7024a288c50394fb
simple-3p-233,Simple,3,233,22,22,0,2,tempo,0,2,60,24,23,13,1,5,0,eebab909a0d8c6bbc184082a304d82a7d315ad9be7296b2ba099f49120bc28d5
simple-3p-234,Simple,3,234,23,23,0,3,needed_last_copy_lost,1,1,60,23,23,14,0,0,0,63ab35f875c3039f595088a9cbdbedcd8887684eefa057a1392ceae50f229116
simple-3p-235,Simple,3,235,23,23,0,1,needed_last_copy_lost,1,1,59,22,25,12,2,13,0,939ffadf9d01c0ff45d9dbde6229c24c1f8e22e50970ffee447677df4b1a662b
simple-3p-236,Simple,3,236,25,25,1,1,perfect,0,0,55,20,27,8,2,8,0,aa35963210720462d918ed44dfdb5a665f099a41f04c0cf5bebbafa532141dec
simple-3p-237,Simple,3,237,25,25,1,1,perfect,0,0,59,22,27,10,2,13,0,e470bd9c12ce5b092cb653dec1aa1096f6f117b17b1a33e078e547833ca66c29
simple-3p-238,Simple,3,238,25,25,1,2,perfect,0,0,53,19,26,8,1,16,0,f6be29176e1fc5ba557e5ab9ec3f0c7063a6c1718b22b7457ade99aeda9b76a6
simple-3p-239,Simple,3,239,24,24,0,3,tempo,0,1,59,22,24,13,0,5,0,3b50d5a65cd7bb2b713006071fa09d779533b7f01d1a6d3e616f7a3dd14d82fe
simple-3p-240,Simple,3,240,25,25,1,1,perfect,0,0,58,21,27,10,2,19,0,f713fc3336638b6418350fba8527caabd0939ff16bf42a74f3a0c361d07b4936
simple-3p-241,Simple,3,241,24,24,0,3,needed_last_copy_lost,1,0,51,18,24,9,0,1,0,6c393b1f3f7b375c07b82b8dc5d44bd2650d8ac0a7bafcfcb7512de51d8d07f9
simple-3p-242,Simple,3,242,24,24,0,2,needed_last_copy_lost,1,0,58,22,25,11,1,3,0,15b4cb7215c908ff015a9fd416ccd727d5cf5c67dd3fc500ab8b6403f907af91
simple-3p-243,Simple,3,243,25,25,1,2,perfect,0,0,54,19,26,9,1,13,0,88a9a8b8e92978f040773b920872ee789f04684c0e6c51ac65f4ea4aaeaef08c
simple-3p-244,Simple,3,244,24,24,0,3,needed_last_copy_lost,1,0,53,19,24,10,0,5,0,d4f1972d223c0930223aca8bcec3e2b0c9f6ff12e1fe0cb9308fdd3f7453a1b5
simple-3p-245,Simple,3,245,25,25,1,3,perfect,0,0,47,16,25,6,0,12,0,cf9499bac809e79d87c022c928325ce316d9e4affcb9b3bcebd04ea1f53e0940
simple-3p-246,Simple,3,246,22,22,0,1,tempo,0,1,58,22,24,12,2,1,0,08bb56f42fb768e939475f63526fd72c54b6a9c3434d28ab1184c6fb73d3b2da
simple-3p-247,Simple,3,247,25,25,1,3,perfect,0,0,59,22,25,12,0,5,0,68f985fae4f7110046a18b172c25312445180f2492ee416e26102d25e4d4e7f8
simple-3p-248,Simple,3,248,24,24,0,1,tempo,0,1,59,22,26,11,2,13,0,06af237a7363bc6028455d039da809db630495542532227ac97fd17990b80174
simple-3p-249,Simple,3,249,23,23,0,1,needed_last_copy_lost,1,1,57,20,25,12,2,15,0,6b4537f1cb1b13756b50a0a32ef2303e857c85b0c1b05533a8bbfaf7f03e9106
simple-3p-250,Simple,3,250,21,21,0,3,needed_last_copy_lost,1,2,62,26,21,15,0,13,0,328b0a38411708e40ed689f938f4659b0a2b161c8f6cfa50a9d2be2548238662
simple-3p-251,Simple,3,251,25,25,1,2,perfect,0,0,51,18,26,7,1,10,0,20362daf0663b389091f97cfd1075553a3982ae1dc76ad827b13873f0bb9eac5
simple-3p-252,Simple,3,252,24,24,0,2,needed_last_copy_lost,1,0,57,20,25,12,1,15,0,e5efa59b6a46d4ff5ad6185a987829e643b9d2add646160c776fb5890b63edd0
simple-3p-253,Simple,3,253,25,25,1,3,perfect,0,0,56,20,25,11,0,0,0,bb8e77d27863f5ab7b765a8579c0eb1f179ed4481db7d4a9d30f9efa904925d2
simple-3p-254,Simple,3,254,20,20,0,3,needed_last_copy_lost,1,0,41,14,20,7,0,0,0,b49f657b726303ead4b7edd5f0de50502439620e5dbbcb2c3494273e86e16f23
simple-3p-255,Simple,3,255,23,23,0,2,tempo,0,2,57,21,24,12,1,0,0,5267a58ec704f71011e1d9d35ed020ca4e627d2db16f875c37dccdad9ec59159
simple-3p-256,Simple,3,256,23,23,0,2,needed_last_copy_lost,1,1,60,23,24,13,1,14,0,813d6984cb93908656333e896fd79d4a6b3c336bab8b1e4204416a84c651289e
simple-3p-257,Simple,3,257,25,25,1,3,perfect,0,0,58,22,25,11,0,0,0,afb88d4c39a7f92801b93a2ddf38eedfe5bae4c25c0c6c8d3259956df57cc6f2
simple-3p-258,Simple,3,258,22,22,0,3,needed_last_copy_lost,1,1,59,23,22,14,0,0,0,7388c9aeaffd99412946e760927a178343577052b4bbc829545ffb9306a5b2d2
simple-3p-259,Simple,3,259,22,22,0,1,needed_last_copy_lost,1,0,56,21,24,11,2,15,0,ee3791de6dee166ce48ff8d098d3c996988fd977a90cd73b4c717bb74e2d4d54
simple-3p-260,Simple,3,260,24,24,0,2,tempo,0,1,60,23,25,12,1,2,0,60b02034febe3edb03c9feb702d7f508c7466aebc339f5d01acf102d0baa93eb
simple-3p-261,Simple,3,261,25,25,1,1,perfect,0,0,57,20,27,10,2,9,0,ee01a19fe673fbc4a4d7f08950977934d183704cb4275ec462c7c029716a5a59
simple-3p-262,Simple,3,262,22,22,0,1,tempo,0,2,61,24,24,13,2,14,0,3b73d71c4e155de16e2665ac28b0cd906697bdcf78b1788db20f9bbf36ded5bb
simple-3p-263,Simple,3,263,23,23,0,1,needed_last_copy_lost,1,1,59,22,25,12,2,15,0,cb946d507f5e32f5d32c922fc39f84763e937e8328ec10df329f7af60a202375
simple-3p-264,Simple,3,264,21,21,0,2,needed_last_copy_lost,1,1,62,25,22,15,1,6,0,a5e21e154309b1ac9beacf026a84f751df7041453bf3a240eccf954f88a6ca8a
simple-3p-265,Simple,3,265,19,19,0,1,needed_last_copy_lost,1,2,61,24,21,16,2,7,0,9c0f7e3cad28fcb9aa727f57439b7d5231fbf6346fb72862017f96ff0cd7224d
simple-3p-266,Simple,3,266,22,22,0,2,tempo,0,2,60,23,23,14,1,10,0,ac2d4aadc635a362a2c64de40ab5eab0cff4e3fa69eb45944ad052191a9cca38
simple-3p-267,Simple,3,267,24,24,0,2,tempo,0,1,60,23,25,12,1,14,0,e20dbefa6e20015e738ecc4f70a27190029329100a0ee2df3410b996212a2a20
simple-3p-268,Simple,3,268,24,24,0,2,needed_last_copy_lost,1,0,50,18,25,7,1,4,0,4821239ff4d616704b557f189344b198da31232f9f8d241074a0823903a90750
simple-3p-269,Simple,3,269,24,24,0,1,needed_last_copy_lost,1,0,55,20,26,9,2,13,0,6823241c4d8d9eafb834dbeb04bc2fd436538f2935d63d5d57c8f7fb284d6fb3
simple-3p-270,Simple,3,270,24,24,0,3,tempo,0,1,58,22,24,12,0,0,0,b89b2a18344ebb56e9aa81d8e8f79541906eee78fe698b77db3f382ac7b1eae2
simple-3p-271,Simple,3,271,21,21,0,1,needed_last_copy_lost,1,0,57,22,23,12,2,19,0,4f9e62c97f7aad3ca055efff7525aa290878a9e3f4be893a8eadbb21efc839f4
simple-3p-272,Simple,3,272,20,20,0,2,needed_last_copy_lost,1,0,54,21,21,12,1,7,0,261da201b171d34181438cdf0d2eebdb434798ad3d25c2339485fbc2ace1bef7
simple-3p-273,Simple,3,273,24,24,0,2,tempo,0,1,58,22,25,11,1,6,0,db184b7e2154ff46210bda918fc93a020fb57eb1924fd81bbec7c8870c708231
simple-3p-274,Simple,3,274,23,23,0,1,tempo,0,2,59,23,25,11,2,5,0,3015fcd8710c1bff8593e695ae302e515357078ecefa8c846e3e96318000d8af
simple-3p-275,Simple,3,275,22,22,0,1,tempo,0,2,61,24,24,13,2,12,0,1488c551b0523d0c7363493d80a4a751619085b086da36118a847a4301d719b5
simple-3p-276,Simple,3,276,24,24,0,1,tempo,0,1,58,22,26,10,2,5,0,a7e173c0aec1830d06c82d178aec0bdef61200d1b21d51b3d6f96c617ce2b043
simple-3p-277,Simple,3,277,25,25,1,2,perfect,0,0,52,18,26,8,1,10,0,0415843e972a5e8cdbe85bd1c38aa208a2b8f885b97641c3732a449b7d8d936d
simple-3p-278,Simple,3,278,20,20,0,3,needed_last_copy_lost,1,2,59,23,20,16,0,0,0,bbe45e86140dc98253ad4126b1585355e22d251b8bc3f1baeb5ca590137ce2e4
simple-3p-279,Simple,3,279,24,24,0,3,tempo,0,1,59,22,24,13,0,4,0,30e961668405166a80228b89b16557c58cd2a30791224c8b99373597d1a7b49a
simple-3p-280,Simple,3,280,22,22,0,3,tempo,0,2,60,23,22,15,0,0,0,180d200f75455c1940ade9ad8efa472e84b4c79ed986ac7489f5000a04e33a82
simple-3p-281,Simple,3,281,25,25,1,3,perfect,0,0,58,22,25,11,0,13,0,c6d5a07179c9403a653f9ac4a9a477a616f4f1067dbd17be988b213f23318493
simple-3p-282,Simple,3,282,25,25,1,3,perfect,0,0,56,21,25,10,0,9,0,2a492debd21928f812a7675a3b07816c51da929dd17f5a545b016b743f7dc2fd
simple-3p-283,Simple,3,283,24,24,0,3,needed_last_copy_lost,1,0,50,18,24,8,0,15,0,cb3e076a702b6456a4a52d3a6515a1f91a12fc467b48d71ca65d15ad5a906fc0
simple-3p-284,Simple,3,284,24,24,0,2,tempo,0,1,58,22,25,11,1,12,0,18310aecd435c80a3f0f836559c039157d30558be680fbfa7d878faa405c77da
simple-3p-285,Simple,3,285,24,24,0,1,tempo,0,1,59,22,26,11,2,20,0,708b881a4e08adeba425de51703dd85636c45322de1636fdefbf32f7e24a6326
simple-3p-286,Simple,3,286,22,22,0,2,tempo,0,2,60,23,23,14,1,0,0,00654649038d3556eef432535ae115294eb0c8ce70005fef69f782ba5532df19
simple-3p-287,Simple,3,287,24,24,0,2,needed_last_copy_lost,1,0,49,17,25,7,1,13,0,e3daf244be1a20c841208ae4a3316eb14ae5cd01a35bb83df2d6a4ba255c88bf
simple-3p-288,Simple,3,288,20,20,0,1,needed_last_copy_lost,1,1,62,25,22,15,2,10,0,a558c4eef6568d63d4d5dc5008251b0de6c5a42c9976dec598c4d4829c123ef1
simple-3p-289,Simple,3,289,25,25,1,1,perfect,0,0,51,18,27,6,2,14,0,7a215d4726cc8954954998ece82a82505783a22f1099d55aea31ff263b475913
simple-3p-290,Simple,3,290,24,24,0,2,needed_last_copy_lost,1,0,52,19,25,8,1,1,0,5bd9a45a950c0825a44a1f4c156f0a3fef82ddd6c827c7cb7d4b8ded88919465
simple-3p-291,Simple,3,291,25,25,1,3,perfect,0,0,57,22,25,10,0,5,0,62e2fa891e5afec8d048c9998164ce77c2da1671aac853d638bb716d30ebbb5f
simple-3p-292,Simple,3,292,25,25,1,3,perfect,0,0,59,22,25,12,0,7,0,eebf52906f9c265f3737453bd7595fdd2a39f3b4133b45a49b7332771cccd92e
simple-3p-293,Simple,3,293,24,24,0,3,tempo,0,1,61,24,24,13,0,13,0,d87e414b2586f0a6d720ec93efeaa0b6a46e4d6146e17e2238d8587c02847b0c
simple-3p-294,Simple,3,294,24,24,0,1,needed_last_copy_lost,1,0,56,20,26,10,2,18,0,686e7244c07df7754b4fda4a613a22e712fb2f436643e4cc04f2d38e54e80fc4
simple-3p-295,Simple,3,295,23,23,0,3,needed_last_copy_lost,1,0,56,22,23,11,0,12,0,7619118782082a50d51e157357a86caa76f30b7a6f42b151962158bc2da46d41
simple-3p-296,Simple,3,296,25,25,1,1,perfect,0,0,55,20,27,8,2,15,0,cc8724ec128f295d49ec7e4c40472c6a95c2f5c790f9cdd5025640ae2983f526
simple-3p-297,Simple,3,297,24,24,0,3,needed_last_copy_lost,1,0,51,19,24,8,0,12,0,b48a9a215fb2686a2b6e31236aa30b698980840e7ca27fd1e513537a9ff68493
simple-3p-298,Simple,3,298,25,25,1,3,perfect,0,0,49,17,25,7,0,9,0,dffcdfb1bf435db8a42d69f1ca2a8a99aebe0f13b337c628d70b10e6ec7ca508
simple-3p-299,Simple,3,299,25,25,1,2,perfect,0,0,52,19,26,7,1,15,0,beb48d406a0dfcce9fc700f43b6f998b4944f6386961d871a987cac646b45bfb
simple-3p-300,Simple,3,300,23,23,0,1,tempo,0,1,59,23,25,11,2,18,0,3b570a809445369b9d9310d09b48b1ff1f650927d2a84ce478f57fbc4bd4c3b8
simple-3p-301,Simple,3,301,19,19,0,3,needed_last_copy_lost,1,2,63,27,19,17,0,14,0,679b4b4c602ff027ba93a45f7f5fedf1e660deb489a7e0fd8770fc2facf43537
simple-3p-302,Simple,3,302,25,25,1,2,perfect,0,0,53,18,26,9,1,8,0,d6c5f2f62f79668531e9177beddad267f85657bb55e2538cbe268518c2519576
simple-3p-303,Simple,3,303,25,25,1,2,perfect,0,0,58,22,26,10,1,4,0,97c87cdaf01947677207119e82fce6e034363a7fc380d4e133c14f46d8157e98
simple-3p-304,Simple,3,304,21,21,0,2,tempo,0,2,59,23,22,14,1,0,0,4a4ea86b67bb22902971be5ed42f45652f433e3068fbb54d3f7924f8b528691d
simple-3p-305,Simple,3,305,24,24,0,1,tempo,0,1,59,22,26,11,2,6,0,c4598bef1bc5f060157af038eb0bd1f534470728ccdd61ac8c63af0970e24fa1
simple-3p-306,Simple,3,306,25,25,1,3,perfect,0,0,51,18,25,8,0,10,0,e7ff006adaa28b1dab1df21b536023536926b187e9fc8090256c22e150c123da
simple-3p-307,Simple,3,307,24,24,0,2,needed_last_copy_lost,1,0,54,19,25,10,1,12,0,409badc4f900827e485ac471061ad3233808c385b8b54c43c9c9621096f4ed04
simple-3p-308,Simple,3,308,23,23,0,3,tempo,0,1,60,23,23,14,0,12,0,444c6e50c6cdee4351bb1584ff226ba81831497dcf60c72597fa483e9b30669d
simple-3p-309,Simple,3,309,23,23,0,1,tempo,0,2,59,22,25,12,2,0,0,87c207f9f3b01690823e314708cd5a6f4e8808932442ba3f16ca9f6b25ccd4f9
simple-3p-310,Simple,3,310,24,24,0,3,tempo,0,1,58,22,24,12,0,8,0,485c01ce8113761652407903855f308ab024a89d0c7e8d4cb9aeb6612c839b9b
simple-3p-311,Simple,3,311,25,25,1,3,perfect,0,0,57,21,25,11,0,6,0,def85d74db5092b0f8a7cf59abdca587765a69e55bc5ee98dce0fdab448fec12
simple-3p-312,Simple,3,312,25,25,1,2,perfect,0,0,56,20,26,10,1,11,0,97ca6eb1475a42812ff4808010e3dc2b62478fbfb5c0f0477ba3c097c9888a8f
simple-3p-313,Simple,3,313,23,23,0,3,needed_last_copy_lost,1,0,49,18,23,8,0,15,0,1405986489a7c28726f3ae43f220ac40407e10a6940646aab497fe499fa956af
simple-3p-314,Simple,3,314,25,25,1,3,perfect,0,0,60,23,25,12,0,3,0,41bb858e9b8adf6fb27e378c1236c4913da9cbb9caca3bedfe488ef3cc3c8d2e
simple-3p-315,Simple,3,315,22,22,0,3,tempo,0,1,61,25,22,14,0,0,0,abfe33856ee2e5c7d39849ca27509ba40f37f62584bc07047232f7d4335a8545
simple-3p-316,Simple,3,316,24,24,0,3,needed_last_copy_lost,1,0,60,23,24,13,0,4,0,1f76241f42597bfa5792f8ac3be8f14ed988641eeb3404e8cc0fe3a19cffccbe
simple-3p-317,Simple,3,317,21,21,0,1,needed_last_copy_lost,1,1,60,23,23,14,2,10,0,2ac395c52146c46917ccb81c9500eb7704616a321a86f6055114252147a7e4c9
simple-3p-318,Simple,3,318,24,24,0,1,tempo,0,1,58,22,26,10,2,18,0,2ef1762710c262d40adb86df010eb4323fecc57331f1b99e59a872d468c1d9ca
simple-3p-319,Simple,3,319,24,24,0,2,tempo,0,1,60,23,25,12,1,5,0,de06db24053f30466f9b06a7642e20a049ecd89e4ccba384da9863e7f7289a37
simple-3p-320,Simple,3,320,24,24,0,3,needed_last_copy_lost,1,0,52,19,24,9,0,1,0,988b8b207734e441d4fd04c49c3a188aab4fdea368e13969c66b216ca3808504
simple-3p-321,Simple,3,321,25,25,1,2,perfect,0,0,53,19,26,8,1,0,0,9d94dda8d38697fc6583e75a7957ad88730cec5c9f34c493fd83877623bc02e9
simple-3p-322,Simple,3,322,22,22,0,2,tempo,0,1,60,23,23,14,1,1,0,9922dbc928f68d06aa10cd54cc5e5d46cef978d99b6dc71001c3dfaf9f87ba44
simple-3p-323,Simple,3,323,23,23,0,1,needed_last_copy_lost,1,1,58,22,25,11,2,11,0,a00ce05139524693798d5ffb82ecf6277595b2dbb219015db898d8ef40c91da0
simple-3p-324,Simple,3,324,25,25,1,3,perfect,0,0,45,16,25,4,0,7,0,510f054f412e700a82143c48e915f824eef45576bfa9943504d3acce328e033f
simple-3p-325,Simple,3,325,20,20,0,2,needed_last_copy_lost,1,3,62,25,21,16,1,15,0,64b0c2b8fc56dc397405b603088db16cd731a6e519840ef7fe318872b2ec7084
simple-3p-326,Simple,3,326,23,23,0,2,tempo,0,1,61,24,24,13,1,7,0,e422155604d93192edecfe0b122c6032b9191a66fb7ca11c1823a47cd83aa2e1
simple-3p-327,Simple,3,327,25,25,1,2,perfect,0,0,53,19,26,8,1,1,0,ecf428af25ad7024f384c0e8e772c98e4fbd5dbd629d4fc1cc49d6129a59d34f
simple-3p-328,Simple,3,328,21,21,0,1,needed_last_copy_lost,1,2,59,23,23,13,2,10,0,c215c022cc3305a7a95e68a9881df38a1c3bea96b88bba3577abc69856bbda25
simple-3p-329,Simple,3,329,23,23,0,1,needed_last_copy_lost,1,0,58,22,25,11,2,7,0,bac1cae9359f8a1b5522153c769f6f89d47e3bd20e5846793f2fff209e421dcb
simple-3p-330,Simple,3,330,22,22,0,1,needed_last_copy_lost,1,2,60,23,24,13,2,0,0,483374d0a6a543d809b117c98afbfc6c9c7918a317f55476ad909c93c1fb5ff6
simple-3p-331,Simple,3,331,25,25,1,1,perfect,0,0,56,20,27,9,2,10,0,b40be64fea30e1c16ff9d402f528b7ee9a799b1e2394d27778ca581998fa8a50
simple-3p-332,Simple,3,332,23,23,0,3,tempo,0,2,62,25,23,14,0,8,0,a657822d4c6b1ad0c7aea2d169c8c5c60b67461593e7629d7f3c28d7a86c8cdd
simple-3p-333,Simple,3,333,25,25,1,2,perfect,0,0,56,21,26,9,1,16,0,b765053aabf85611914e3c3852b218ef888308edaa23f3f2dca9ffff947057bb
simple-3p-334,Simple,3,334,16,16,0,2,needed_last_copy_lost,1,4,62,25,17,20,1,0,0,87b1de18f086b9f8a2f5745ed87f4c008788806b73cd71305056b3820eb5d774
simple-3p-335,Simple,3,335,22,22,0,1,tempo,0,3,61,24,24,13,2,10,0,50545448a7908cebe0f8c4e99db9ef1b6ceaa9e0627e7ca4a96ca4f415449e5b
simple-3p-336,Simple,3,336,25,25,1,3,perfect,0,0,53,19,25,9,0,0,0,9debf34fe27e2f4d76fc001b0e52b397f9556a8ac876b13b69bc22ef7a2c5c85
simple-3p-337,Simple,3,337,25,25,1,3,perfect,0,0,47,17,25,5,0,12,0,dad36dc22df867651799380dc53145d912fa52a171e5cc4abd691d936c60dc56
simple-3p-338,Simple,3,338,25,25,1,3,perfect,0,0,57,22,25,10,0,8,0,d0fc0f60bcc4b3fe9e646b0b551843b377e43d33c2e8c2ff77e94d5c515d1dc6
simple-3p-339,Simple,3,339,25,25,1,3,perfect,0,0,58,21,25,12,0,0,0,4348c4b5257e45149af4496edc37934a9e91641dbed8c7e75708bfc638a205eb
simple-3p-340,Simple,3,340,23,23,0,1,tempo,0,2,59,23,25,11,2,0,0,5039d2d76ed68cfec6da3b479cdd32eb7ce8f540dfe0edf550bb9e9c229ebef4
simple-3p-341,Simple,3,341,23,23,0,2,tempo,0,2,61,24,24,13,1,5,0,54264c11a6da766c619a07cdc5b2a1cbac5e0a4803b2810ccbdba3150a7581ed
simple-3p-342,Simple,3,342,24,24,0,3,tempo,0,1,60,24,24,12,0,1,0,a20c6d7e34b98b6f925d0cd0c6c13f669e706d8023b00ec2f672315de6790411
simple-3p-343,Simple,3,343,25,25,1,2,perfect,0,0,53,19,26,8,1,16,0,d62d21e768ede709cab873e21e0cac83460a03bf35993b4f5a67dbe1b0f008a1
simple-3p-344,Simple,3,344,25,25,1,3,perfect,0,0,58,22,25,11,0,7,0,e077ce20f2a1899532477301e8d1cfd6f96e82f81c9a5820d54443b15d7b0911
simple-3p-345,Simple,3,345,22,22,0,1,tempo,0,2,59,22,24,13,2,14,0,b10231be610603e1d57cf153ac97387f387ce82a019d2f57adec6e5fdbdb5900
simple-3p-346,Simple,3,346,25,25,1,1,perfect,0,0,59,22,27,10,2,9,0,58e78c027ecf7fb1a08ca6c1e12c8bc1af11b4512e85ba19bef8f4a00a6995d6
simple-3p-347,Simple,3,347,25,25,1,3,perfect,0,0,57,21,25,11,0,1,0,51b6fd0511a0848c7a2b778496c4a099c082096192b21e4effb4dcb3f9426e0f
simple-3p-348,Simple,3,348,23,23,0,3,tempo,0,1,61,24,23,14,0,7,0,330e8f0214dd04cfbf8caa0f6756c5de195dd71e8b618d70b32cff03ed186c7f
simple-3p-349,Simple,3,349,24,24,0,3,needed_last_copy_lost,1,0,57,22,24,11,0,3,0,f86e57dabff44c2d8da951209ecfc4b4d5c2c3b9a478baeadb4473b7a0290af8
simple-3p-350,Simple,3,350,23,23,0,1,tempo,0,1,57,20,25,12,2,12,0,156d7c6d6d531fd78727c607f0e7dd3246c909d8a71caff4f878e6e6597a9cbb
simple-3p-351,Simple,3,351,24,24,0,3,tempo,0,1,59,22,24,13,0,6,0,3ff1adf0d726e4791676c10ab9fc3ef5035355e99bd5c63acf0429d14c80371a
simple-3p-352,Simple,3,352,25,25,1,2,perfect,0,0,56,20,26,10,1,4,0,a9bcc75a202b59763dd1022d63f693f166ddb7d96e8684afb27108832255089c
simple-3p-353,Simple,3,353,22,22,0,1,needed_last_copy_lost,1,1,60,23,24,13,2,11,0,d07e643d567fd6b37d66675305303300b37d2a5c294c1aa1ff3738f0a00875b4
simple-3p-354,Simple,3,354,25,25,1,3,perfect,0,0,59,22,25,12,0,0,0,e53d2d50a7a5ec863b2c3d63622a3c988eeaa9dde2b78078af854014e91a4992
simple-3p-355,Simple,3,355,25,25,1,3,perfect,0,0,55,20,25,10,0,11,0,e4c4048682b34efc8fca2e6274f2ebc4c558d922ab18912529849d5870fbf9e8
simple-3p-356,Simple,3,356,25,25,1,2,perfect,0,0,58,21,26,11,1,0,0,a26685819d5b201071d415bb7488094eb4da12d9bef1ad54dd153e103aa855c2
simple-3p-357,Simple,3,357,22,22,0,3,needed_last_copy_lost,1,1,61,24,22,15,0,0,0,78d7582a2aab62811479bf07b7795453c49fe90d7bd6dfc169bc5b16e88e6b68
simple-3p-358,Simple,3,358,23,23,0,2,tempo,0,1,59,23,24,12,1,6,0,1414115d1299845b6594c37ee2739a3568691910d44ab6d17027a50e83753ec5
simple-3p-359,Simple,3,359,24,24,0,2,tempo,0,1,59,22,25,12,1,12,0,52e97931d3d21e81aa8314298ac307ded953134fdc1d3e245ba141e01d4f9446
simple-3p-360,Simple,3,360,24,24,0,2,tempo,0,1,60,23,25,12,1,0,0,bab6614c5e6472a43119eac7c425be6e54c41bc07488434d6c858939aa55424c
simple-3p-361,Simple,3,361,25,25,1,2,perfect,0,0,58,21,26,11,1,10,0,78447ccf870f22d7732495fd72f02aae99b3b57d02144d3b9b483ee86ba57ddf
simple-3p-362,Simple,3,362,25,25,1,3,perfect,0,0,59,22,25,12,0,10,0,038a1425badfbbde13c22c402bbea7a1795a769052321a63d8423d685e65251d
simple-3p-363,Simple,3,363,25,25,1,3,perfect,0,0,59,22,25,12,0,6,0,32535a9c0846873ed919e7968d77b8411fe21e1fab56dc5c9ad406ed47f6efdb
simple-3p-364,Simple,3,364,25,25,1,3,perfect,0,0,57,21,25,11,0,0,0,eb640dd973320aae26fc789d6432fc34604d70f10683c8d88817f0006cd3ee04
simple-3p-365,Simple,3,365,25,25,1,2,perfect,0,0,56,20,26,10,1,5,0,748aac55bdc56a8109073fe0c534b224eb8610d0dbea182eeb7f1e82f3f59ba7
simple-3p-366,Simple,3,366,25,25,1,3,perfect,0,0,52,19,25,8,0,7,0,661a3ba83e0e16f37ef0fdfcdf2edfb1135afcd3d6fc3137466e8d631a34822d
simple-3p-367,Simple,3,367,23,23,0,3,tempo,0,1,61,25,23,13,0,13,0,851adaab0a31caed40d8dec5240a72a3794f5113a59e907d0a161ea9e5f06382
simple-3p-368,Simple,3,368,22,22,0,2,tempo,0,1,58,22,23,13,1,0,0,ad8932d16de34a66f2eaaae9b079a9b3a10749de5c4490fa9b60375bd45140e7
simple-3p-369,Simple,3,369,24,24,0,2,tempo,0,1,58,22,25,11,1,8,0,600009b8139800c84173fa769c33fd9b6bbf974e60b29235aac37e02ecb88247
simple-3p-370,Simple,3,370,25,25,1,3,perfect,0,0,55,20,25,10,0,11,0,52d60dcc35ba7044408866dc7d0a55b12a95e16ec6b685e6eb3b1e2faed184f4
simple-3p-371,Simple,3,371,25,25,1,2,perfect,0,0,58,21,26,11,1,12,0,7c1eb9c42382f0c4d139c91f8b97e3119ba63f1848ddf81ce4d9976d658d8274
simple-3p-372,Simple,3,372,25,25,1,2,perfect,0,0,51,18,26,7,1,10,0,16fc962839b4d14e85a30fc3d1d8d4e10bca4a980ff6d1a45c656fdb11b5449b
simple-3p-373,Simple,3,373,25,25,1,2,perfect,0,0,54,20,26,8,1,15,0,47474412e7b8db8cfa4d6dbc6c9944837982a57257b780055a9722704d4a5f7a
simple-3p-374,Simple,3,374,25,25,1,3,perfect,0,0,57,21,25,11,0,0,0,f53bd6dbf85b761f77ebb9cab3750e56084733e6b5e10227fff6920ff2c10151
simple-3p-375,Simple,3,375,23,23,0,3,tempo,0,1,62,25,23,14,0,2,0,c7f80c16436b49a9fc05ae7ea846b4cc6100f08f370eaaba26ae24ef4b344c57
simple-3p-376,Simple,3,376,24,24,0,2,needed_last_copy_lost,1,0,50,18,25,7,1,17,0,25f6a8fbc4e1a94fee71f2a0593223689cbbbde9000ce63d28849992eb86828c
simple-3p-377,Simple,3,377,21,21,0,2,needed_last_copy_lost,1,1,62,25,22,15,1,13,0,6305a9e3053a2e90814e988f30ce4219e68e924a505185704b513da4b5cd8114
simple-3p-378,Simple,3,378,20,20,0,1,needed_last_copy_lost,1,1,60,24,22,14,2,19,0,6e2ff5a06315dc309d3955e4fa66b33317f8a3cc9cffaca7b07513341182de19
simple-3p-379,Simple,3,379,25,25,1,3,perfect,0,0,55,20,25,10,0,5,0,e27083bcde59d55c9074d68b26bd2afd828368e302280dde0a0fdbd6ea946a52
simple-3p-380,Simple,3,380,25,25,1,3,perfect,0,0,59,23,25,11,0,10,0,8216472df23d98c00b9f2e445b4021200496ed72a252343267e45870c140a794
simple-3p-381,Simple,3,381,25,25,1,2,perfect,0,0,56,20,26,10,1,0,0,41ae195cc1ffd021a7e3d07deac2e0585a95add91d219159051ca8237593675f
simple-3p-382,Simple,3,382,23,23,0,3,tempo,0,2,61,24,23,14,0,0,0,03f8f3a92d9a9a5d96ca281f7ba9cd90254b474eac5bc19ec94bdb232a972cfc
simple-3p-383,Simple,3,383,25,25,1,3,perfect,0,0,57,21,25,11,0,6,0,0ac7abfc3763d19fc01c8ae6776604f00d6a06e03f3eda2e301b64526fcf9586
simple-3p-384,Simple,3,384,20,20,0,2,needed_last_copy_lost,1,2,62,25,21,16,1,2,0,9bccc57753951c6a5ab7b26bd4cf03045c3afbbe661c767a6553b78cdd6de42d
simple-3p-385,Simple,3,385,20,20,0,2,needed_last_copy_lost,1,0,62,25,21,16,1,8,0,b041ec7011a37b045e18d2765d10cc72e50679af32e6310e375e824207384815
simple-3p-386,Simple,3,386,21,21,0,1,needed_last_copy_lost,1,2,60,24,23,13,2,11,0,6afffc77085dafc3975105555556aee34beb8cb824ef00d8473db156fa72e273
simple-3p-387,Simple,3,387,24,24,0,3,needed_last_copy_lost,1,0,54,20,24,10,0,12,0,c5b43f7e003c6b8db19fd8ccf1fcf6415951485853e12879317097243602c649
simple-3p-388,Simple,3,388,25,25,1,3,perfect,0,0,59,23,25,11,0,7,0,a32f81c1eedf398b761286f580c90dd33ea3e8c3aadf30692f975be9e812b016
simple-3p-389,Simple,3,389,24,24,0,1,tempo,0,1,59,22,26,11,2,13,0,113d8a17a5201721560b10bd44e5aaf0e3c958ded368f8ebe452c7c1250838a4
simple-3p-390,Simple,3,390,23,23,0,3,tempo,0,1,60,23,23,14,0,0,0,3d2537136300c53d65d420e91909bf8af566bd544278a0fc2237cbf81af2ddac
simple-3p-391,Simple,3,391,25,25,1,3,perfect,0,0,54,20,25,9,0,0,0,fdf9eaddbc6a4868f599f0c5c016632fc1f7916186eb4c15bdd1e49034c21d23
simple-3p-392,Simple,3,392,24,24,0,2,tempo,0,1,59,22,25,12,1,10,0,cf39847304859f4638cc07285d302daf90b9987f98472b2a76ad42fee6994c00
simple-3p-393,Simple,3,393,25,25,1,3,perfect,0,0,53,20,25,8,0,7,0,c63cdd607eff1f70738ffef56ca66729d666b626a3dd64306e2d3edfe24bdd01
simple-3p-394,Simple,3,394,23,23,0,1,needed_last_copy_lost,1,1,58,21,25,12,2,14,0,f43ccb70490f124868e2cf7eadd01c69abf84ea4dc808448a7585b0d2379a8fc
simple-3p-395,Simple,3,395,25,25,1,3,perfect,0,0,51,18,25,8,0,0,0,14d6450ac9d167e789ad30389fc71cff986a1a4a8b9f4c701be2a8dddc79aa34
simple-3p-396,Simple,3,396,22,22,0,1,needed_last_copy_lost,1,1,59,23,24,12,2,9,0,3862fa5c58f2ddb5ddbb4079c0e08f4b977d899707f174ff4b2c96d02cdc9f52
simple-3p-397,Simple,3,397,24,24,0,3,tempo,0,1,59,22,24,13,0,7,0,2761144bae4425cfb5ce83ef403577c775b07f97132eca8ed255a814d7a83d82
simple-3p-398,Simple,3,398,24,24,0,2,needed_last_copy_lost,1,0,54,19,25,10,1,14,0,b0562d285533fbf5bf6c7b7539a59a98f8a979251e43072f0c3a5e56f62c9c66
simple-3p-399,Simple,3,399,24,24,0,2,tempo,0,1,59,23,25,11,1,14,0,80dd9c8bfb8592c406de846f74275d8b0673b3f91f605050d8f6bed464278e45
simple-3p-400,Simple,3,400,24,24,0,1,tempo,0,1,57,20,26,11,2,5,0,e080374fedb15d43cadecaf72e384b237c4f6d4788b81620af65115933702e2f
simple-3p-401,Simple,3,401,23,23,0,3,tempo,0,2,60,24,23,13,0,8,0,62acd9eda5b7f525dce6542bbc8ad442a92a2a909c49d5a65da5ca24b97e64f4
simple-3p-402,Simple,3,402,23,23,0,3,needed_last_copy_lost,1,0,58,21,23,14,0,0,0,3cb8ec518e571b05838025668ca0fc3363949a71c0e316ca49ce98e3e0e1fd5e
simple-3p-403,Simple,3,403,22,22,0,1,needed_last_copy_lost,1,0,57,21,24,12,2,16,0,8e81ec886ef8b740e413d649c66da98e03f5bae14f943f2be05585c3833f7faf
simple-3p-404,Simple,3,404,23,23,0,1,needed_last_copy_lost,1,1,59,22,25,12,2,11,0,d061674ba8c9996999d176d33573cd3378389dfc2e5b8bdde2fb79b02cb95e7a
simple-3p-405,Simple,3,405,23,23,0,1,tempo,0,1,58,21,25,12,2,1,0,aab8b7bcdcc429e42048289e1351071be71934112ed664ac530b99e3ecad3471
simple-3p-406,Simple,3,406,20,20,0,1,needed_last_copy_lost,1,2,61,25,22,14,2,14,0,67cf280c1820a42c5e24c99ce8eb9d8dd4e6c7911f19f917ede280a26ae761a0
simple-3p-407,Simple,3,407,21,21,0,2,needed_last_copy_lost,1,1,60,23,22,15,1,0,0,9c8dea94ef0683fc22e6a54f103ecc29307b02469bb1cf4fa4c3f3ca11f2514f
simple-3p-408,Simple,3,408,23,23,0,2,tempo,0,1,56,19,24,13,1,0,1,5c09da9a5793baeab9b167659e8be9fdd93801d11b5b425c37e11dfb30cc4b45
simple-3p-409,Simple,3,409,25,25,1,2,perfect,0,0,53,19,26,8,1,3,0,213212cbb45861d60fc4e5e7fb845b86db983f7103d58a73ffb3aae7ca7e3265
simple-3p-410,Simple,3,410,25,25,1,2,perfect,0,0,58,21,26,11,1,17,0,20b3390d3aebb148e6ffc1aaa09cd095fa46a08ad3cd6c9827b9a060931e1f6f
simple-3p-411,Simple,3,411,23,23,0,2,tempo,0,2,60,23,24,13,1,12,0,6c1208f676d95eeefec38de4b9e34e858e52959d8ac9fd16d71ba629222a56cb
simple-3p-412,Simple,3,412,24,24,0,2,tempo,0,1,60,23,25,12,1,9,0,f7ac10ff26d11f6a7b3c3edf739bb0fbd7032771dd3eccfd01b416a9c6ebbe9f
simple-3p-413,Simple,3,413,25,25,1,2,perfect,0,0,55,20,26,9,1,2,0,c0cda80cf8a7420175b1b99eedd7ded1953d6b3bf55bb91707d6373ab1e65e06
simple-3p-414,Simple,3,414,22,22,0,1,needed_last_copy_lost,1,0,58,22,24,12,2,18,0,6a681fe20955c763458e5248c9d065826b3cdb5bd8c4e888221bb31df51dc3b2
simple-3p-415,Simple,3,415,23,23,0,2,tempo,0,1,60,23,24,13,1,10,0,93803f27818c79381be384769edbd899305e5453f1662b6b989d8cae36aa1faf
simple-3p-416,Simple,3,416,25,25,1,2,perfect,0,0,56,21,26,9,1,14,0,f5d97065749b015f49eaa56225c27c24cf3a8c0df23935fd554c0bfaa655e5df
simple-3p-417,Simple,3,417,24,24,0,1,tempo,0,1,59,22,26,11,2,16,0,ce2bcb3bc46703556bf80ac55cbc13344206fefe24e2093ee3b22c91369bba6c
simple-3p-418,Simple,3,418,25,25,1,3,perfect,0,0,56,21,25,10,0,4,0,49b1b98d81c7ff74ff4b00e398d56f16bfe916e869f1de60eda1fb841fbe0da2
simple-3p-419,Simple,3,419,22,22,0,3,needed_last_copy_lost,1,0,62,25,22,15,0,21,0,964f375615875dcc86e8f9413b20c2a4ebc30874ce52d6428f987d25d77bdf72
simple-3p-420,Simple,3,420,25,25,1,2,perfect,0,0,57,21,26,10,1,7,0,097d6448f2edeb5d5cc8165f37fe5092d9222dac3ea80c9cf5e71890503b1507
simple-3p-421,Simple,3,421,25,25,1,3,perfect,0,0,58,22,25,11,0,13,0,b98db27f491b09122f0ecb6cacdd35a3c846a9449c4e0d852abd9dccea0abbe9
simple-3p-422,Simple,3,422,25,25,1,3,perfect,0,0,46,16,25,5,0,3,0,299a61b6a876ddd69f3365f9b10856cd0145fa68b0dcbad0167b4ed62a0b1546
simple-3p-423,Simple,3,423,21,21,0,1,needed_last_copy_lost,1,1,61,24,23,14,2,10,0,afd092edfadf3622cd5d8c0ec7dd511fbca9807c3ef7efc4262c2747fe7d7f1b
simple-3p-424,Simple,3,424,21,21,0,1,tempo,0,3,61,24,23,14,2,2,0,cc9422104f3c6ccef10d31012a0abcd5fd535e7dd46a29d38ca4f19e5147f157
simple-3p-425,Simple,3,425,23,23,0,2,needed_last_copy_lost,1,1,60,23,24,13,1,9,0,06f5317e0c5cb39c925d7412cc0f8c8ae99cab3e986bef19087d5e73c33889bb
simple-3p-426,Simple,3,426,24,24,0,3,tempo,0,1,61,24,24,13,0,13,0,e4bcba052b8acabb34662e17f54c33f063e68f8a055cff51168db189505b2c75
simple-3p-427,Simple,3,427,25,25,1,2,perfect,0,0,57,21,26,10,1,6,0,28cf864b455f9084d307eacb6532f89a38d695957f8a1604beb137ff383a6c4c
simple-3p-428,Simple,3,428,24,24,0,1,needed_last_copy_lost,1,0,58,21,26,11,2,8,0,9ae501d6a34d95fe15fd0a9b9321097ea29f87937516e8498e678db20871ce1a
simple-3p-429,Simple,3,429,24,24,0,2,needed_last_copy_lost,1,0,55,20,25,10,1,8,0,02f489fb1615dca2adf5e1985524aa10546765e93d7a5614599f8f5d5cae503f
simple-3p-430,Simple,3,430,23,23,0,1,needed_last_copy_lost,1,1,59,22,25,12,2,15,0,3f7888c5e07eb3e4bffdd3138437b69b4c45f2346c923d2e322b5edc97136283
simple-3p-431,Simple,3,431,20,20,0,2,needed_last_copy_lost,1,2,61,24,21,16,1,0,0,751b6c6f2b7070d7a8421fb1f7f274deabafb42f8da14cc689ecc9f0f5c7e321
simple-3p-432,Simple,3,432,23,23,0,2,needed_last_copy_lost,1,1,60,23,24,13,1,6,0,9306b596dd05653b9892ec1cded65a19bcffdfb10a7a8223245882bde1b60ce0
simple-3p-433,Simple,3,433,25,25,1,3,perfect,0,0,50,18,25,7,0,14,0,9f8ed56b9ca0c4e90cfb0368c98efed08e09db6e536556dc57a2b18fe6613230
simple-3p-434,Simple,3,434,24,24,0,1,tempo,0,1,59,22,26,11,2,1,0,177bebb7d68274a75bd2ff874a08f0ddacfc5d91caa9ada18013a40a7c2e1e03
simple-3p-435,Simple,3,435,23,23,0,1,tempo,0,2,58,22,25,11,2,16,0,765892c9725e18c3d5e2736579051ba57eaec4efda75106b5466f792db04b013
simple-3p-436,Simple,3,436,20,20,0,1,needed_last_copy_lost,1,2,60,23,22,15,2,21,0,9c1f1e7438e93b7daa95e7e87699feebbdcf675c8382c6dfc4319fddfd63bc59
simple-3p-437,Simple,3,437,23,23,0,2,tempo,0,2,57,20,24,13,1,0,0,1c7733630a94d5eb3923c1ece91df15fb2866a3d4e69c1fac401752bb7983647
simple-3p-438,Simple,3,438,23,23,0,1,tempo,0,2,60,23,25,12,2,9,0,c0487822782a30a4c95b690dfacc102eb65bfc87c46429a1ad6fb5438a554159
simple-3p-439,Simple,3,439,24,24,0,3,tempo,0,1,60,23,24,13,0,8,0,2d2201480497b05cd1d5770a2219f54e22536188c01591ff52ed4927addd65a2
simple-3p-440,Simple,3,440,23,23,0,1,needed_last_copy_lost,1,1,59,22,25,12,2,11,0,c2eea01b337aa56264c78d347e3dab3fbe368dbc6528bfac5ff766ad137b3822
simple-3p-441,Simple,3,441,25,25,1,2,perfect,0,0,53,19,26,8,1,15,0,159902b883cca968c02960b81cf529914ec7786d91eac504cec6f2e7dfe97a80
simple-3p-442,Simple,3,442,25,25,1,2,perfect,0,0,57,20,26,11,1,0,0,f92f1503de3f02667659d4339d43ba38362e9360e718417650157ccec17fc0b1
simple-3p-443,Simple,3,443,24,24,0,3,tempo,0,1,60,23,24,13,0,5,0,63e981c8f44d0f35618f53601f77fdbd33575bd32b886b5a2bbd1d33fcf0ef77
simple-3p-444,Simple,3,444,24,24,0,3,needed_last_copy_lost,1,0,60,23,24,13,0,12,0,c08c4a4b78697e8a2dc40a53925ded55e9e96e65a30f3a4d82d2b7a8ad4db84a
simple-3p-445,Simple,3,445,22,22,0,3,tempo,0,3,59,22,22,15,0,0,0,f4e6b090c5c5f9e104787eb13c64cbf4aa28aab4aa651ff5745d61c06c38e8dd
simple-3p-446,Simple,3,446,25,25,1,3,perfect,0,0,50,18,25,7,0,16,0,db45a7e59f865fe20938b1d4d3125e064779af1fb8858c2e0bcc3030cb41355c
simple-3p-447,Simple,3,447,21,21,0,1,needed_last_copy_lost,1,1,59,23,23,13,2,9,0,ffbfec2c6f351515500d9aa5f85f45fba7cdb6fa49b501560d37e14cdb5b71d7
simple-3p-448,Simple,3,448,25,25,1,3,perfect,0,0,57,21,25,11,0,0,0,409143dd97b778197cd7f4556ffb917bcf557041911d3699eb0492946da0b405
simple-3p-449,Simple,3,449,24,24,0,3,tempo,0,1,59,23,24,12,0,0,0,963c0b5ebc7e5c8c3e296539f7eb52c5b7a5160b170b26ff086cc077b9421ceb
simple-3p-450,Simple,3,450,25,25,1,3,perfect,0,0,53,19,25,9,0,4,0,b76eb4f8a09ef13d271ac218a2488089b80c0f55d1a1a16e9f75acb90020a92e
simple-3p-451,Simple,3,451,25,25,1,3,perfect,0,0,56,20,25,11,0,14,0,433bc623c2ad96a72403e1f6c2edb2984ef8349df49002a6837ff968b7559375
simple-3p-452,Simple,3,452,24,24,0,2,needed_last_copy_lost,1,0,50,17,25,8,1,12,0,48dbe769db36eee6308429cce69b670990f52d3311b9f7abac7e846f9c3ba4f0
simple-3p-453,Simple,3,453,17,17,0,3,needed_last_copy_lost,1,2,66,29,17,20,0,4,0,794afb2ee3490dc27c1ad51e48bfcc3b32c18508eab37da15ff752fc092e34da
simple-3p-454,Simple,3,454,23,23,0,2,tempo,0,2,59,22,24,13,1,10,0,fbe757968e40f97afaca1fd2e5c86d9106957afdb35dcb0a52b773a331449d7d
simple-3p-455,Simple,3,455,25,25,1,3,perfect,0,0,55,21,25,9,0,19,0,355953a86c146a65b73729fb65cfaad25f1e242bda938010741ea30e163ff8f7
simple-3p-456,Simple,3,456,25,25,1,3,perfect,0,0,57,21,25,11,0,8,0,f44902f07b74aa97fe994930ce99a94365661d8f96fed1532dd17613bd0968b1
simple-3p-457,Simple,3,457,24,24,0,1,tempo,0,1,58,22,26,10,2,15,0,07fcd0419164219bc6956757e9839d593190b324c33d5336db726ab0fca30b22
simple-3p-458,Simple,3,458,25,25,1,2,perfect,0,0,49,16,26,7,1,10,0,8fa55173fb7feaae652e659d022c57086a4058013ccc79e0f0f64d84ec84a7b5
simple-3p-459,Simple,3,459,23,23,0,1,needed_last_copy_lost,1,0,60,23,25,12,2,12,0,6f2e1a49b8bcfbba7309c8d82a86c200584a81416c40ba5318fddfd6c7068fd5
simple-3p-460,Simple,3,460,23,23,0,1,tempo,0,2,59,22,25,12,2,18,0,b9673275b924aa0359857cd26971683a675e1db783c97a4dbfa1558f78f9b303
simple-3p-461,Simple,3,461,25,25,1,3,perfect,0,0,53,20,25,8,0,10,0,86fb7a62c764162ec3aa463759cf5ae2341ee86428bffb15087ad246f27b5cfa
simple-3p-462,Simple,3,462,25,25,1,3,perfect,0,0,59,23,25,11,0,4,0,0e8e67e7b16c95be42615c10163661e5b2823ce1b288028647db6d2acee768e3
simple-3p-463,Simple,3,463,25,25,1,3,perfect,0,0,52,19,25,8,0,15,0,0f4de7796b9da0aec96e65a589913ce635ed60088c3fadaef854c73d171aef1b
simple-3p-464,Simple,3,464,25,25,1,2,perfect,0,0,53,19,26,8,1,17,0,d9cbf3d61786b1885ce2503d9d43f6ac256ae7c499886137e6b40ebec1662ed2
simple-3p-465,Simple,3,465,24,24,0,3,needed_last_copy_lost,1,0,52,19,24,9,0,14,0,83e89975f073cbd671d332a6a11456d4efdd394ad6aaa43b46baf84d8b15c554
simple-3p-466,Simple,3,466,24,24,0,3,tempo,0,1,59,22,24,13,0,0,0,2aff1c684505a47acd1897dacd2eb46067f6959177360ee6117624371f467c4b
simple-3p-467,Simple,3,467,24,24,0,2,tempo,0,1,58,22,25,11,1,15,0,e78d327424dbec6667c85a8315211ed6c9dac16538fe3f44ea85bc3cc776ff17
simple-3p-468,Simple,3,468,24,24,0,3,needed_last_copy_lost,1,0,51,18,24,9,0,8,0,bea82fc5fe87f3014ebd50a99c4e072b49fb3a1f406d7360c431e01b8bf2748e
simple-3p-469,Simple,3,469,25,25,1,2,perfect,0,0,56,20,26,10,1,7,0,bb8595602a711fdc5d573d8c1fc07cd124d0d5d78f223910dcc9ad1f62daa380
simple-3p-470,Simple,3,470,25,25,1,2,perfect,0,0,56,21,26,9,1,5,0,bc632bf42824dbba2f59e31c7bb582d44df8ec43fea261aba2774cf1a1a80f1f
simple-3p-471,Simple,3,471,22,22,0,2,tempo,0,1,62,25,23,14,1,8,0,97b5d44114f4040f88f1307fa69078743266b33061f984dc0a3f9d534e6944b7
simple-3p-472,Simple,3,472,25,25,1,2,perfect,0,0,57,20,26,11,1,7,0,953b0b57316119440bb36aab6b3dee46d680a0210327cc4c39e66e03b33d7cd6
simple-3p-473,Simple,3,473,25,25,1,2,perfect,0,0,56,20,26,10,1,13,0,34570cb1afc5e50b5fb7c88e6e795bc3a52704dcb8c437014b019cbeb180fb51
simple-3p-474,Simple,3,474,17,17,0,1,needed_last_copy_lost,1,3,62,25,19,18,2,0,0,c7016715752749317ba8b3e117fd0aac0a718edadb90e32147edd1fba12e2682
simple-3p-475,Simple,3,475,25,25,1,3,perfect,0,0,52,18,25,9,0,0,0,6dadde1edf19facc9c82307d907aa0d0fbf40dc7805b9ac52c8850bf6d671f03
simple-3p-476,Simple,3,476,20,20,0,1,tempo,0,2,60,23,22,15,2,10,0,5f99422fb8f429d89f5252a0fcc91fc54790e8b850e3e60401d09356ef0b4773
simple-3p-477,Simple,3,477,22,22,0,2,tempo,0,1,59,22,23,14,1,3,0,dff7ebea25880bcdb06e12fca7bafb7442ee0540286e4d0ee9f5f7d53eec8774
simple-3p-478,Simple,3,478,22,22,0,1,needed_last_copy_lost,1,1,58,21,24,13,2,10,0,a869ac3e3dbb2ed9184b302904f1360ccbb08bbfc59c57b0b00324a8e82b6898
simple-3p-479,Simple,3,479,23,23,0,1,tempo,0,2,60,23,25,12,2,0,0,e88919c98e57515d5641fb47475d442e455207f1a7eaf5360621d35920c4210b
simple-3p-480,Simple,3,480,21,21,0,1,needed_last_copy_lost,1,1,59,23,23,13,2,11,0,eb2305200d96188d903b0b0a45970fedc3ec4d26ebf5ad322b3c45099af3af8f
simple-3p-481,Simple,3,481,22,22,0,1,tempo,0,2,57,20,24,13,2,1,0,09e2587ea0836c2264be71b29ec5afcd9428271227cf0b9b975dc1268ca77535
simple-3p-482,Simple,3,482,23,23,0,3,needed_last_copy_lost,1,1,61,24,23,14,0,1,0,3fcb7ffc6dcfc31111040bc6e5635c46eaa6df3575fa1b475a6e9a29f027b24a
simple-3p-483,Simple,3,483,23,23,0,3,tempo,0,1,61,25,23,13,0,14,0,1064eb8e251638128d898300437dc1d61c7796471e29086f4ce65fab38a79f87
simple-3p-484,Simple,3,484,25,25,1,3,perfect,0,0,56,21,25,10,0,7,0,cbb751898c53af25a9f9bc7563d4e4619d265b4f43437434bdf51ab0b154eba6
simple-3p-485,Simple,3,485,25,25,1,3,perfect,0,0,57,21,25,11,0,12,0,4ad88a8c5216b548d314d739940d7c26d7d1aae1f5f0e44c0dc6b8f1c9c94f7b
simple-3p-486,Simple,3,486,25,25,1,3,perfect,0,0,58,22,25,11,0,13,0,fe6ec7b5f5d250f1b8f27d3424f1ad19773b340b98d9e2791c1f6730a5004c4c
simple-3p-487,Simple,3,487,25,25,1,3,perfect,0,0,52,19,25,8,0,13,0,e514c520861145c13ae827e3c4866849164b54fa63bae77633334c1af844d2b1
simple-3p-488,Simple,3,488,23,23,0,2,needed_last_copy_lost,1,0,55,20,24,11,1,0,0,dc583d83ea188454ac62d2fe65877e21dc910b5538db53557117b901d63e8d20
simple-3p-489,Simple,3,489,22,22,0,2,tempo,0,2,60,23,23,14,1,7,0,3a090afe7e6c1d55d3c77488e915bf5b83af213c9357e521ed78057169a41e82
simple-3p-490,Simple,3,490,23,23,0,1,tempo,0,2,58,22,25,11,2,22,0,d9db7f7a2b9f469807f57894e9af5747a7c04fbf6317b6a9eda87daf942d1083
simple-3p-491,Simple,3,491,23,23,0,2,needed_last_copy_lost,1,0,58,22,24,12,1,12,0,f49a20e8bded5c1fd914de03a305f069a0e31ab751c1b735d37dbabad0405ec2
simple-3p-492,Simple,3,492,24,24,0,3,tempo,0,1,60,23,24,13,0,5,0,65dc41ec2e7e96ddab0947f7746b24c514d383cbb0b8e150a0188885e1653efc
simple-3p-493,Simple,3,493,25,25,1,2,perfect,0,0,54,19,26,9,1,10,0,0ad5521be8f7dfe555cbda97396dd593f7acc92b72fc96733e7e129fa2cd0d37
simple-3p-494,Simple,3,494,25,25,1,3,perfect,0,0,53,19,25,9,0,8,0,96a1db9e445d238fd7b703697ee4d6d98fe443db61f98b3dd91d298a809e0447
simple-3p-495,Simple,3,495,22,22,0,3,needed_last_copy_lost,1,0,45,17,22,6,0,3,0,3dc2fa7b9b141781aa5d8d52d9a2105eff1ffd04f25cfe585b5d7b6c676ed19a
simple-3p-496,Simple,3,496,24,24,0,2,needed_last_copy_lost,1,0,55,20,25,10,1,8,0,5117ca6efac2ce9335dc0877ac27bd6223a271999a6b7733715a461bf0b86d06
simple-3p-497,Simple,3,497,24,24,0,1,needed_last_copy_lost,1,0,53,19,26,8,2,13,0,5e811391c196ca3d3ca4203213e8d43fbb297cef82061b9a3dcdf15537dad18e
simple-3p-498,Simple,3,498,23,23,0,3,tempo,0,1,60,23,23,14,0,0,0,73fa91b2c98c0bd5419e4a2be3f9fb4590eac0338759d960c1f91cf2f3fb7f28
simple-3p-499,Simple,3,499,25,25,1,3,perfect,0,0,54,20,25,9,0,9,0,99a136433959bbf221609b4430cb88501a824fed460eb779713b1a4e8214237d
simple-3p-500,Simple,3,500,25,25,1,2,perfect,0,0,58,21,26,11,1,11,0,c17513ded25c32b0d13134163f62c0fcf38dbad8865363f81c99daf520f0ee95
simple-3p-501,Simple,3,501,21,21,0,2,tempo,0,1,61,25,22,14,1,13,0,c6ddb182281a8f9d73bd57cdac78f5fba0a301b260e198ae06242baa3cbb25c3
simple-3p-502,Simple,3,502,25,25,1,3,perfect,0,0,52,19,25,8,0,0,0,731fda9966a45341973031558098695b7b0f12b64ba7f99acb9bf1dbe2c6d094
simple-3p-503,Simple,3,503,25,25,1,2,perfect,0,0,59,22,26,11,1,11,0,16ff55aa1dc76e284cac0d6b5fa3571722cf9c8d3d879676e780b8cbf867d14c
simple-3p-504,Simple,3,504,25,25,1,3,perfect,0,0,60,23,25,12,0,2,0,7af96637074455a110a42b7edf35b3f41ec395b6e91afefd807319f5488d79db
simple-3p-505,Simple,3,505,25,25,1,2,perfect,0,0,57,20,26,11,1,5,0,4584da49300b976def8f1fef743fe6b2f74467bceded78dbe735df1e68d2d2a1
simple-3p-506,Simple,3,506,24,24,0,3,needed_last_copy_lost,1,0,51,18,24,9,0,5,0,90c5056c991d4bd4a76c07eea285c3756277833a31596d8fbec1dda469a34f67
simple-3p-507,Simple,3,507,25,25,1,3,perfect,0,0,57,21,25,11,0,9,0,b46170410dcd3eeb975d176d37c9592901574bb5b209f95f73b6d26a83af0e6a
simple-3p-508,Simple,3,508,23,23,0,3,tempo,0,2,61,24,23,14,0,6,0,02b746964bb2aba06bc7c95af5c3e7b1cd8354bf60907c6e91bc3870f51cfe1f
simple-3p-509,Simple,3,509,23,23,0,1,needed_last_copy_lost,1,1,59,23,25,11,2,12,0,5096102efaf55b4e45e14369fb78fdab31e4753b5bc9f48241434d78f675cd4a
simple-3p-510,Simple,3,510,25,25,1,3,perfect,0,0,59,22,25,12,0,13,0,d8b33df2c9e01540a6a3e744b2660c1c44cfdaf43255069e7783f4a03eb2eb40
simple-3p-511,Simple,3,511,25,25,1,3,perfect,0,0,57,21,25,11,0,7,0,dba0246e5773f76780a262ab84877025213d00f901d3bf70d7f9ff8d24cc10de
simple-3p-512,Simple,3,512,25,25,1,2,perfect,0,0,54,19,26,9,1,10,0,b0bd5d90dc6900340efb5939cdb7d71bd7816e094e2a34978cde24d4430777f1
simple-3p-513,Simple,3,513,23,23,0,1,needed_last_copy_lost,1,1,59,22,25,12,2,18,0,82b7247724134ba6a6d4e7c342430b8a6c3117fc1e9540f8b7ed2b11c55b9ca6
simple-3p-514,Simple,3,514,25,25,1,1,perfect,0,0,56,20,27,9,2,12,0,9350d7e53dbd0e7b259aeff23e164f58f714c154efda021006e27df1aaae721e
simple-3p-515,Simple,3,515,24,24,0,3,tempo,0,1,59,22,24,13,0,0,0,afa494bb9d0a307f5d5583c3994acd8a9b10bc3231f85f2b5db1420a30b1804b
simple-3p-516,Simple,3,516,22,22,0,2,tempo,0,2,62,25,23,14,1,3,0,e55878ff66f6ae7ebc1ef4416672c7843fd751ec36d52a29ad24c9ae92c33f6c
simple-3p-517,Simple,3,517,25,25,1,3,perfect,0,0,50,18,25,7,0,12,0,abd8d2778f90988f1fddc1ccd2598260550432457f0552d02b20d98d57fe4160
simple-3p-518,Simple,3,518,25,25,1,2,perfect,0,0,60,23,26,11,1,14,0,eace9d9b83742586373cb9822d0e5e80c88f62d3946df80d897739425297e2cb
simple-3p-519,Simple,3,519,24,24,0,2,tempo,0,1,60,23,25,12,1,4,0,ac9e94e5024b48d8ce7b79c4a17c59af758241154cd2b5b1988b1d459b733ec6
simple-3p-520,Simple,3,520,24,24,0,1,tempo,0,1,59,22,26,11,2,18,0,9c76f9a6f0f38a2db16c1a45c894b8ca153d8b46fad70a2beeecce986c363d1f
simple-3p-521,Simple,3,521,24,24,0,2,tempo,0,1,59,22,25,12,1,5,0,0ca780ee7edbf7683d20525af264a83877de1264e65e8037051b8bf6f0c0e411
simple-3p-522,Simple,3,522,20,20,0,1,needed_last_copy_lost,1,3,60,23,22,15,2,15,0,32171f32308ecd8b1930731b6e193accd4e728faf53b8d581543100ae558271f
simple-3p-523,Simple,3,523,25,25,1,2,perfect,0,0,58,22,26,10,1,4,0,f2aa8310eb01007c149e850953bec34e205a5015499ec21a27a0b4936cef8c6b
simple-3p-524,Simple,3,524,24,24,0,2,tempo,0,1,59,22,25,12,1,6,0,0bf80c21fd43b5078de34b585b4994722d4efded6e16aee4188e7c17a693cb73
simple-3p-525,Simple,3,525,24,24,0,3,tempo,0,1,60,24,24,12,0,3,0,839a52c992ddd4d36d239a36be59685c4713c4b15b1c71032881097f36ec3908
simple-3p-526,Simple,3,526,25,25,1,2,perfect,0,0,58,21,26,11,1,11,0,1d4398ad5a1f3bdcc7bb0cbcb54b9775a45a2beb9dbc887ef4c4fdda91476769
simple-3p-527,Simple,3,527,24,24,0,2,needed_last_copy_lost,1,0,52,19,25,8,1,11,0,1cbb8577de076aa67ef4972d66c73e76ecac11e14bf02f0807bad422b8665abb
simple-3p-528,Simple,3,528,25,25,1,3,perfect,0,0,56,21,25,10,0,8,0,51383b8912ff4316825f58482d5d6ef0e525f327db415abe0a56108558249a07
simple-3p-529,Simple,3,529,22,22,0,3,tempo,0,2,60,23,22,15,0,4,0,18a6822a9c591d2ba7a1268c34ad49646b2be663dc5d03c6a52b746a71124ab4
simple-3p-530,Simple,3,530,23,23,0,3,needed_last_copy_lost,1,1,60,24,23,13,0,3,0,3c11b8e365169468689b97541f1d61d6fa6eb597a43dbe99bc293d9e1da0096a
simple-3p-531,Simple,3,531,22,22,0,1,needed_last_copy_lost,1,1,58,22,24,12,2,19,0,e771eb2c6adda8589987b4a579701820dd1ff58643312bdc01d36e40a135b0f2
simple-3p-532,Simple,3,532,25,25,1,2,perfect,0,0,54,19,26,9,1,11,0,c06d2929ffa5318b8bb6d7c0a381296e50bb199da1f5ead82d6c0edd2a0c9a94
simple-3p-533,Simple,3,533,23,23,0,2,needed_last_copy_lost,1,1,61,24,24,13,1,11,0,95b9e01dac9e2c3dc6c4310caa9a49c789e121316bb2971c3058746427103c7a
simple-3p-534,Simple,3,534,25,25,1,3,perfect,0,0,53,19,25,9,0,11,0,7845ac8077af1acea2621b4c8c7fcee9952aec70a9725176d9e7dc1ab26cfa69
simple-3p-535,Simple,3,535,20,20,0,1,needed_last_copy_lost,1,2,61,24,22,15,2,9,0,3dc55ecf0d740e24f76a4fb2dcc20fff9037ea59adbff053dfcf4e079ec88d33
simple-3p-536,Simple,3,536,24,24,0,2,tempo,0,1,59,22,25,12,1,6,0,53d164030a587644370e2d86b17ad7d2a7160be82dbc0793891790bc86a77c17
simple-3p-537,Simple,3,537,24,24,0,1,tempo,0,1,58,22,26,10,2,17,0,9c484e5ad8f0ab364d6eefbb1c0efd274567f34ae43669f17deb521ea7310a1c
simple-3p-538,Simple,3,538,24,24,0,1,tempo,0,1,58,21,26,11,2,18,0,b3b62af3154e8a962283e94ed2cb5f7afc3bf03cd7268dcb9e365eddf28a2005
simple-3p-539,Simple,3,539,24,24,0,1,tempo,0,1,58,22,26,10,2,6,0,ad38f9337f748ac9194f834640ca15db3f755af01acb74a63744bf6270688406
simple-3p-540,Simple,3,540,25,25,1,2,perfect,0,0,58,21,26,11,1,6,0,a06a219b9b5f87b6936a5187b7f73ae7302e96a114ba8b2b6b3006e24051493b
simple-3p-541,Simple,3,541,25,25,1,2,perfect,0,0,53,18,26,9,1,13,0,a0c2dd638702dbd788ddc858c2a8b73e2c10fe62b9e1b70dc7aa02709187be65
simple-4p-42,Simple,4,42,25,25,1,2,perfect,0,0,50,18,26,6,1,12,0,fedac63db945c37afbbd4cacb47e82bd4a0f404cc9ec1e02c663cafcd7bd4c69
simple-4p-43,Simple,4,43,24,24,0,3,tempo,0,1,56,20,24,12,0,0,0,bb0cfdc58bd91db9332854925d503eaca56f7d689bfddb2c8aec82b2e8b93394
simple-4p-44,Simple,4,44,20,20,0,3,tempo,0,3,62,25,20,17,0,0,0,c3dc5cfa6132ab8f55a157942cc32deb8212ea927af4ca5439f4be42187ad026
simple-4p-45,Simple,4,45,25,25,1,1,perfect,0,0,58,21,27,10,2,12,0,b4d11519d9ac6a6fc5e8681b8da7a57d2bcdec2c2ad7c80d7529b972abdf663c
simple-4p-46,Simple,4,46,22,22,0,2,needed_last_copy_lost,1,3,57,21,23,13,1,0,0,c3b529f2e39e93c354828b56a836a26dc407db0c227c80f618f29ccb9d365a4b
simple-4p-47,Simple,4,47,21,21,0,1,tempo,0,4,58,22,23,13,2,0,0,802501c4243223972cf25502c3e074a5b5c762a6967a2ac7fb397e2edebea2f6
simple-4p-48,Simple,4,48,25,25,1,2,perfect,0,0,56,19,26,11,1,0,0,c1449b564576865f68d13821bfff61e589ab5e0c605ab55d4c7d3adf750c257f
simple-4p-49,Simple,4,49,22,22,0,2,tempo,0,2,56,20,23,13,1,0,0,96693f3bfcc3c8ed8d8740fc7f14d6b81d224daad236e8a6a22996fd7e7059e3
simple-4p-50,Simple,4,50,23,23,0,2,tempo,0,1,55,19,24,12,1,0,0,1aebb4d217774d89d174325d50e9b0c37c9c4bd64e8562a47583cab82a4d4cb9
simple-4p-51,Simple,4,51,24,24,0,2,tempo,0,1,55,19,25,11,1,0,0,c84e36b323f8de85a3aa773078c13260e395a8ae73035ede37b6060652c88a86
simple-4p-52,Simple,4,52,24,24,0,1,tempo,0,1,57,21,26,10,2,5,0,97d9b4427a073d692362ca7120d7a38223857cc98568f384fbbf6ddd47a835bb
simple-4p-53,Simple,4,53,24,24,0,2,tempo,0,1,55,19,25,11,1,0,0,f606376a322bba1a6894557e550a9f426f818ee596621bc1d955c1e561d071b8
simple-4p-54,Simple,4,54,24,24,0,3,tempo,0,1,58,22,24,12,0,1,0,9ca3fcc6eebcc53c9ca32e69493cb4d613f5e3544f572f80e6a98065041a8fd9
simple-4p-55,Simple,4,55,24,24,0,2,tempo,0,1,57,21,25,11,1,3,0,e03060997851f25d7e9aba760d42b6c7777c5f1d3d044fdef73f223ae6eaa182
simple-4p-56,Simple,4,56,22,22,0,1,tempo,0,2,58,22,24,12,2,0,0,b6407b9b73a48db1d9ab996800e88e2e17fbe90d364d014bd7cf06efd351aad5
simple-4p-57,Simple,4,57,25,25,1,1,perfect,0,0,55,20,27,8,2,2,0,071422ef582663bd55d3c39226ef45adbb4300e472e2f95c0875a451acf9511f
simple-4p-58,Simple,4,58,25,25,1,3,perfect,0,0,56,19,25,12,0,0,0,c6ecb8bb61f0f8128bc721a4550d4b11702458b1c6d9e99dfc5be1c40ac454ab
simple-4p-59,Simple,4,59,25,25,1,3,perfect,0,0,50,17,25,8,0,5,0,4f620eec21d771229f077dfba8674db8b19fab3474c8aa1a5d6fbaa5da5cb0b1
simple-4p-60,Simple,4,60,24,24,0,2,needed_last_copy_lost,1,0,55,19,25,11,1,10,0,8dec70b50a4c44b773ab4a33f06671a407036c1e4fa130b49d367a0845320d1d
simple-4p-61,Simple,4,61,24,24,0,3,tempo,0,1,59,23,24,12,0,0,0,97ff11d12c8bef2668af14111c14d34711390e0ee78635840d509ec4ad0549b3
simple-4p-62,Simple,4,62,25,25,1,2,perfect,0,0,52,17,26,9,1,1,0,35d633b472752adc3e04de17798d01bd4eace6c07893d345a9dc51cb1b338368
simple-4p-63,Simple,4,63,24,24,0,1,tempo,0,1,56,20,26,10,2,3,0,d9d2e1bba10253bb6a9a308998938ee29b5d8ad93ab8297a77ecb7195810385c
simple-4p-64,Simple,4,64,25,25,1,3,perfect,0,0,52,19,25,8,0,8,0,84513d846a1ef7cd87a5c4690a341ee6acd9156ac87d8df082c4f09563f30756
simple-4p-65,Simple,4,65,25,25,1,2,perfect,0,0,56,20,26,10,1,0,0,9cc4299ec55011446e7c98f6b99e15c3eb87834c073343d40e359a40c3dba3e8
simple-4p-66,Simple,4,66,25,25,1,3,perfect,0,0,56,20,25,11,0,0,0,1c3b0fbc2242e9f97993843ee5ff00721eaeccd4db2fc44995e5df87b88e393b
simple-4p-67,Simple,4,67,25,25,1,1,perfect,0,0,52,17,27,8,2,1,0,0f5d49ed47b0b51a6cc718aabffd80d7e8d01b0bc90ac9b9a27a292868373ac6
simple-4p-68,Simple,4,68,23,23,0,1,needed_last_copy_lost,1,0,56,20,25,11,2,6,0,74dcc2b2ffa69a1fe7e3ff41a24366bec9edb775544fca67edda6b8a1256fef8
simple-4p-69,Simple,4,69,24,24,0,1,needed_last_copy_lost,1,0,57,21,26,10,2,15,0,1ef92a6b8f11da5d01249e4246185f4ec6dd751edebdec62aeda43fa29e6e408
simple-4p-70,Simple,4,70,25,25,1,2,perfect,0,0,54,18,26,10,1,0,0,ae123732c024250e5b7c44539e9c3cb9ece185b05c4be6b6be1b38bb4240d9e6
simple-4p-71,Simple,4,71,25,25,1,3,perfect,0,0,53,19,25,9,0,3,0,07eb4b5bf79117d2c05b39efcb26b83ca937a2ca084163310c9e600b3fcb2e79
simple-4p-72,Simple,4,72,25,25,1,2,perfect,0,0,54,19,26,9,1,10,0,db1cfef41dfbaa95a49bd996b3e05778d57bc5cc2ec613b006f5ce4e201703fb
simple-4p-73,Simple,4,73,22,22,0,1,tempo,0,2,57,21,24,12,2,0,0,61205d3b5a71c2cbc337b7d6d0796eb3ae7f9dba9498543a6c8e88020e804154
simple-4p-74,Simple,4,74,25,25,1,3,perfect,0,0,56,19,25,12,0,5,0,052f77b58cc9886067f8fd85f87248f487a412d6a0e3071756722fea55083e4d
simple-4p-75,Simple,4,75,24,24,0,3,tempo,0,1,57,20,24,13,0,0,0,0c4cc612b70e10dbaf489c4c2eceaf8fba5cc7d6c42768005960eeddd2fe6952
simple-4p-76,Simple,4,76,22,22,0,3,tempo,0,2,57,21,22,14,0,0,0,ef7cb135a55965b56f9977b21154751f99d1fd9489500555228c066158de2f9d
simple-4p-77,Simple,4,77,24,24,0,3,tempo,0,1,54,18,24,12,0,0,0,828a9c94c3882a4130ad0f0ff37d7b18aaa55c8e330442f3e211f16ef96e5164
simple-4p-78,Simple,4,78,22,22,0,2,needed_last_copy_lost,1,0,51,17,23,11,1,0,0,4fe7108117e79813c1f64121a8b28d48ecb8090654354f9edc54d4337e0a7be3
simple-4p-79,Simple,4,79,25,25,1,2,perfect,0,0,56,19,26,11,1,2,0,d74eee179996053ed9e7b173dcaf727fc67af3b3110a72630ea26767a6eb7957
simple-4p-80,Simple,4,80,23,23,0,3,tempo,0,2,56,19,23,14,0,0,0,2d9d2132daa95a86f61aab09546a07c45292efbe5a736025409824088e8b4cb3
simple-4p-81,Simple,4,81,25,25,1,2,perfect,0,0,55,20,26,9,1,4,0,e3b1a8914953bcb5dc5a4d3ca116e4d634bad68c701da52f9a6c71a16cb014c9
simple-4p-82,Simple,4,82,23,23,0,2,tempo,0,1,59,22,24,13,1,1,0,fb7458682c0866f8b2e4d91888e5deb99d0515b02062d59caf16e35f628880f0
simple-4p-83,Simple,4,83,24,24,0,2,tempo,0,1,56,19,25,12,1,6,0,0c1b1be88d29a90661ef97c8cb84dcfba5ead1a52e629e1f9affeba9e91789e6
simple-4p-84,Simple,4,84,24,24,0,2,tempo,0,1,55,19,25,11,1,0,0,98d2501225371b7368f26e1f556c337a6edf2cf8321cb9f62e89bdcf2a6733d5
simple-4p-85,Simple,4,85,25,25,1,2,perfect,0,0,56,19,26,11,1,0,0,e236f3b885623b623a80c6565ac8fb17af6728eda4898e16afc669d40cbfacb2
simple-4p-86,Simple,4,86,25,25,1,2,perfect,0,0,54,18,26,10,1,0,0,66dc79d5a676c20dc03aa5d751a347d7b185e97a69ff8e728dc3a6d9828357c6
simple-4p-87,Simple,4,87,25,25,1,2,perfect,0,0,58,21,26,11,1,4,0,d0c806ad48679fc5b496c4d21c09aaccf419f435af4762ed89f9c3331ea6fb4c
simple-4p-88,Simple,4,88,25,25,1,1,perfect,0,0,54,19,27,8,2,6,0,d24fd470c0e14d6724aff5a6126f0a912b6f70a61cf358c1c6d7c69ee51a56d1
simple-4p-89,Simple,4,89,25,25,1,3,perfect,0,0,45,16,25,4,0,5,0,94e6a4cc67d996272fa6f628bae737c717ae2313ff4fa4491335920ec9162ef3
simple-4p-90,Simple,4,90,25,25,1,3,perfect,0,0,54,19,25,10,0,7,0,906418964d98b54da90f89f4fd0491997431561e213e0e59481d7f817f4ac3ea
simple-4p-91,Simple,4,91,24,24,0,1,tempo,0,1,54,18,26,10,2,0,0,37a5041ddb2e3e6b2bea3dc2830ea04fe2f2289f394133d06c37880669df2a64
simple-4p-92,Simple,4,92,24,24,0,2,tempo,0,1,55,19,25,11,1,4,0,bb66d7740ccb8374bc7bdb90e0891f14c6994b0879a387e908a932fc72ff3a9c
simple-4p-93,Simple,4,93,23,23,0,1,tempo,0,2,58,22,25,11,2,1,0,ac81bf6cc7500352e4bd7ae729361d0e16eafe47149c877e8bbf45d7387d330e
simple-4p-94,Simple,4,94,24,24,0,1,tempo,0,1,56,20,26,10,2,7,0,aafcacf76b2da2e1dca6146b14fcfaafc2ab29bb26a3085f2c88aa8dc1471380
simple-4p-95,Simple,4,95,25,25,1,2,perfect,0,0,54,20,26,8,1,5,0,f0fbbda3e4f9711fc4667b3f763a2c38b94a0d4d7709a45cccc725511b6cf25a
simple-4p-96,Simple,4,96,25,25,1,3,perfect,0,0,54,20,25,9,0,2,0,9c3a0cf28c7dc2d04bbca42a7bdd20aa7f83ba3d921662bf519795b63c078ac8
simple-4p-97,Simple,4,97,25,25,1,3,perfect,0,0,58,22,25,11,0,2,0,3e8efe994913d0c1fe774495e22670469cef29baf0c7ee786b586f4fc6243eec
simple-4p-98,Simple,4,98,22,22,0,2,tempo,0,1,56,20,23,13,1,0,0,ac921b415d5bc3b41431a7fa4285b0fbc62f57b6ad8b560acce50432b1e4553d
simple-4p-99,Simple,4,99,24,24,0,2,tempo,0,1,57,21,25,11,1,0,0,c2041dc979a77ca97221ec6a670ece2fa2d4aa837879ccd82204310304690076
simple-4p-100,Simple,4,100,25,25,1,3,perfect,0,0,55,18,25,12,0,0,0,07de12da556560cb277e2f40ee430fd53a3b3f0426883b7d161af51e292bbf30
simple-4p-101,Simple,4,101,25,25,1,2,perfect,0,0,50,17,26,7,1,0,0,53c0598207060fa0ccba1ac47a62594ccf57dae53d3ffa3e38a46b744e9fd077
simple-4p-102,Simple,4,102,25,25,1,3,perfect,0,0,56,19,25,12,0,0,0,32f85fa88b609ec9684f9be09e134c018db285f0c189a03f07127deaf30c4abf
simple-4p-103,Simple,4,103,23,23,0,1,tempo,0,2,57,21,25,11,2,4,0,bcfeaa10e49949fe838dc54d4d7da827dde18083df2c5332271fd8686ba9602e
simple-4p-104,Simple,4,104,25,25,1,2,perfect,0,0,46,15,26,5,1,1,0,039f7c3e86b0ecaa78ca80319b6730af2591b9366bb878fec7b004da47550308
simple-4p-105,Simple,4,105,25,25,1,2,perfect,0,0,52,18,26,8,1,5,0,c99dca0e8359b28621f51634052a139056a63dbd272c191806c2b839f1464dc8
simple-4p-106,Simple,4,106,23,23,0,1,tempo,0,2,58,21,25,12,2,0,0,c75ad90dc18271707ae8d31351f5c421e48ffe28bda0382be20e1cbb764f286b
simple-4p-107,Simple,4,107,25,25,1,3,perfect,0,0,55,19,25,11,0,6,0,2b6e9dc446ecee4b150d36ba89087f0ed7387da8dd422da261f2ac04ab285bbe
simple-4p-108,Simple,4,108,25,25,1,3,perfect,0,0,53,17,25,11,0,0,0,318f8e8d1c3a0e922ded146c493218518cfb2f572cbdb2f24c47fb24261722f4
simple-4p-109,Simple,4,109,25,25,1,3,perfect,0,0,53,19,25,9,0,3,0,157f558f9ff536c5846c8c74d2f590eae3b43a46a0e5c23b78b1b1298ef5c94b
simple-4p-110,Simple,4,110,25,25,1,2,perfect,0,0,46,14,26,6,1,0,0,982cd5bcb2429013963d24ed83b3d794aaf8ef1cc165b18c31ffdb12781dc941
simple-4p-111,Simple,4,111,24,24,0,2,tempo,0,1,58,22,25,11,1,1,0,32ae8cdaea0ee3c6930c20d6d2ed7ffb2dc34b0c28523ab3de5b5f772bb81d7e
simple-4p-112,Simple,4,112,25,25,1,1,perfect,0,0,55,19,27,9,2,1,0,9837333d881dff8a3e067c7ab0d704de6d55f1e95049263df312f1d9062aa414
simple-4p-113,Simple,4,113,25,25,1,3,perfect,0,0,53,19,25,9,0,0,0,f71c6f807d3c267724bece7b2bc9de19d7cfa4d64599c9cee748141d6231c4e1
simple-4p-114,Simple,4,114,21,21,0,1,tempo,0,3,58,22,23,13,2,0,1,e275745cc3f7d4cfce128b77751da088cace9b7315ad31c562679bfacffbeab1
simple-4p-115,Simple,4,115,25,25,1,3,perfect,0,0,47,16,25,6,0,0,0,4a83233343361cd8856d5b9db764d017fd9245142789f9c588b6032f6d0cc749
simple-4p-116,Simple,4,116,25,25,1,2,perfect,0,0,49,17,26,6,1,8,0,6aba94d64fd22a012435f035aa5de9c98b78ba9946745909d0a8cc8f87d881a2
simple-4p-117,Simple,4,117,23,23,0,3,tempo,0,1,57,21,23,13,0,0,0,073502ce23a70d5afc854b065cff450c6da682f8e2a01f674f3e41185ce5b182
simple-4p-118,Simple,4,118,23,23,0,1,tempo,0,2,56,20,25,11,2,0,0,51ecb6ae3abed99eb535b0509aa59539bba4068d44db7644944b5e2cacf8c4c0
simple-4p-119,Simple,4,119,24,24,0,1,tempo,0,1,57,21,26,10,2,0,0,7ddb81872bbc6ed6d3704d3fcabf5bcf1f6a761bea5880e9d680b48473bc9411
simple-4p-120,Simple,4,120,20,20,0,1,needed_last_copy_lost,1,2,58,22,22,14,2,0,0,8003ec521b34e4166dc95d6ac79215fd46cf94261b179476774f06c9045abfdf
simple-4p-121,Simple,4,121,25,25,1,1,perfect,0,0,53,18,27,8,2,5,0,f79f0a9a2e143ede97863c2c7056de00ea8506a21bd4233cc8c72d2bed90620b
simple-4p-122,Simple,4,122,23,23,0,1,tempo,0,2,57,21,25,11,2,0,0,3b9feb6233c1478e693a5fe6c6a8a9e4332f7c7fc57cca54d66136708c695c3c
simple-4p-123,Simple,4,123,22,22,0,1,tempo,0,2,58,21,24,13,2,0,0,5fc2d1918b263220f5163726cd39531604cc13f6f7733e69f81eb3f7a8931200
simple-4p-124,Simple,4,124,24,24,0,1,tempo,0,1,56,20,26,10,2,0,0,13e0b0fbbb8cee3926a1d6e340a8ed422f1a7a9b8ab3c48423ee8a3d47a0a040
simple-4p-125,Simple,4,125,22,22,0,1,needed_last_copy_lost,1,1,58,22,24,12,2,9,0,de98a8d95ea23e83f05e85fab4237f3a1e2f52b2e7c0554cbe334caea4b914ba
simple-4p-126,Simple,4,126,22,22,0,1,tempo,0,3,59,23,24,12,2,9,0,83b17e0f74000659c8c2b6ce59104bf00746ffe14d1c9a9bcd2c4c2c9e9bb2f3
simple-4p-127,Simple,4,127,25,25,1,2,perfect,0,0,52,16,26,10,1,0,0,a59969e8c5fd6e14fd26c15ba03c4d68d7b23fd38512632d4ba0b8fe06498f12
simple-4p-128,Simple,4,128,23,23,0,2,tempo,0,1,57,20,24,13,1,0,0,0dbdb9ff06265dd8acf667423f73a120e2f6398e1e0924f187f7a0b57c3a73ae
simple-4p-129,Simple,4,129,20,20,0,1,needed_last_copy_lost,1,1,60,24,22,14,2,14,0,9612f0eaccdf3d048165810918ba9552894925402ce9d729b9660e7b14d8e9a1
simple-4p-130,Simple,4,130,24,24,0,1,tempo,0,1,55,19,26,10,2,0,0,603dd690729bc6919e13e70ac6820c26230a1c308f881098ad7e05eff0a10e28
simple-4p-131,Simple,4,131,0,4,0,0,all_lives_lost,0,4,11,2,7,2,3,0,3,cf066cdd396ae156dcb73bf721d5417e6288b0482a19f33fac299dce6adcefa7
simple-4p-132,Simple,4,132,25,25,1,3,perfect,0,0,55,19,25,11,0,0,0,bd0c9ba80cd91a9209ca6249d637d8e75c1e23d619caa29d0e5eff01e4136e3d
simple-4p-133,Simple,4,133,20,20,0,1,tempo,0,2,59,23,22,14,2,1,0,f2ad165b0ba10c708d8f3c2fdcfcc915e39462a935cc445cc6e45ca43a485e4e
simple-4p-134,Simple,4,134,24,24,0,3,tempo,0,1,60,24,24,12,0,9,0,c7a71f7f723a0e39faf86e06d390c2d573c5216192ff785fa6aeba8c8dda364e
simple-4p-135,Simple,4,135,22,22,0,2,tempo,0,2,56,20,23,13,1,0,0,7fa136b39f5b240958c6b880891567196e5069a09e8a32557d6609efa9ea8936
simple-4p-136,Simple,4,136,25,25,1,2,perfect,0,0,49,16,26,7,1,0,0,5bff8aac0914522a37eeed25a23a0022dc8b57458f24e7cee950d0b0ae7a1a78
simple-4p-137,Simple,4,137,23,23,0,1,tempo,0,1,59,23,25,11,2,4,0,f0ef9825ddb3f81c4114eb038f2cc6639d84e575a49c32b00f953d67096261f8
simple-4p-138,Simple,4,138,22,22,0,2,tempo,0,3,58,21,23,14,1,0,0,64597c12ba0709258b7751081e9609d09498e60ca58ca7c52a1ce12a534b71f1
simple-4p-139,Simple,4,139,25,25,1,2,perfect,0,0,53,18,26,9,1,0,0,1edddd49d0d3b1ac29d3c6786d3df96aa79567d6008b1de6f214ef5bb59e8aaa
simple-4p-140,Simple,4,140,25,25,1,3,perfect,0,0,57,21,25,11,0,0,0,0f0d5090477513daa7dc5090f2b8b4d8c837584f31b3161f8b57bcc97b7d159d
simple-4p-141,Simple,4,141,21,21,0,1,needed_last_copy_lost,1,1,59,23,23,13,2,20,0,8235c42eb00a4b06e5c42fccd732463c43cc82bb5a016c4c8da73de726ba0651
simple-4p-142,Simple,4,142,22,22,0,2,tempo,0,2,59,22,23,14,1,3,0,decd14c38bfbcc6d0985fc7309c5d362c5523951b40e34b274515f573a06d3bc
simple-4p-143,Simple,4,143,24,24,0,3,needed_last_copy_lost,1,0,50,18,24,8,0,5,0,052feceed29b4026c2aece1f0b95e03da27c0f4520a4b7dfae7294b6d33316d8
simple-4p-144,Simple,4,144,23,23,0,1,needed_last_copy_lost,1,1,58,22,25,11,2,11,0,f4072b3dcb4512a16493ebbc30e0ff92f35f7de00cd163e732096a6cdd261c5d
simple-4p-145,Simple,4,145,24,24,0,2,tempo,0,1,56,19,25,12,1,0,0,2445c51914f3bd29461c67a6d96855b83e159f0e3f8f942d6343fad7c21c4ba4
simple-4p-146,Simple,4,146,22,22,0,1,tempo,0,3,58,22,24,12,2,15,0,d0774eb8aa2eaed5354f2335aaf52bc441821387b26bd999bb055cbb53369dcd
simple-4p-147,Simple,4,147,24,24,0,3,tempo,0,1,56,20,24,12,0,0,0,dc8e2b33e0656eba2d5562c1493d566597481299681fc218c3defb8f89836f18
simple-4p-148,Simple,4,148,23,23,0,3,tempo,0,1,59,22,23,14,0,0,0,92339c72fcb07164bf17b864e7d8c7fb14e60110c3ea8e1b80fb21ce7963c5aa
simple-4p-149,Simple,4,149,23,23,0,3,tempo,0,2,57,20,23,14,0,0,0,dfd375763fd68c564f03be4e4a89e3904de1b3ee26f3586846d5e56a7b563051
simple-4p-150,Simple,4,150,25,25,1,2,perfect,0,0,51,17,26,8,1,0,0,8621ab8c45ab79ddef1b298b923a3e8c12ac10386ffb70e40559a894acc61e80
simple-4p-151,Simple,4,151,25,25,1,2,perfect,0,0,54,19,26,9,1,12,0,e0d4dfd34b225ebeffab1fee6b5f3fc69a535222ca4764108e5db7901c0fe1ce
simple-4p-152,Simple,4,152,23,23,0,1,tempo,0,2,57,21,25,11,2,18,0,19576642d42bcca396014474b03414e11637187c92142a73eb0e4293f593e8df
simple-4p-153,Simple,4,153,22,22,0,3,tempo,0,1,56,20,22,14,0,0,0,800a0ff337d622a7d787b5a4c4d43823f1dd9af9b8b6346c1f05fb5795b28786
simple-4p-154,Simple,4,154,25,25,1,3,perfect,0,0,51,17,25,9,0,0,0,26963fb23e8610cce0b95b7998c17450be5e161a9335d3ffd26fcf8761594e38
simple-4p-155,Simple,4,155,22,22,0,1,tempo,0,2,59,23,24,12,2,7,0,5b8b7397b0788c87a6e988d12048a77c1c65b1c468c956e700bdcda1cb99b169
simple-4p-156,Simple,4,156,23,23,0,1,tempo,0,2,54,18,25,11,2,0,0,78c30090aeae45074ca81ebc38744ca251fa14d2a2141df8cc2bf7a09cc18041
simple-4p-157,Simple,4,157,25,25,1,3,perfect,0,0,58,21,25,12,0,0,0,384ba1129d7c8a9cb127f413996f3d97a7f7f63192b0877d51b297f2dc9f07d8
simple-4p-158,Simple,4,158,25,25,1,2,perfect,0,0,54,19,26,9,1,0,0,265d455fcde84295525aa956dca1940f2f03aa409fe78b5a424593ea6b8beb09
simple-4p-159,Simple,4,159,25,25,1,3,perfect,0,0,53,19,25,9,0,0,0,4e011ead4cccdc9a5f00d4fc7428579c29ac739e79decb2117e51b2cb2905a38
simple-4p-160,Simple,4,160,25,25,1,1,perfect,0,0,55,20,27,8,2,8,0,b68767bfee00f4498531c3328b88b67331f2eb5bea0eebd2a2a640c8e75936d1
simple-4p-161,Simple,4,161,20,20,0,1,tempo,0,3,60,23,22,15,2,0,0,3f790a95907a9a828192d8ddd0e8a2f6415517a009a9dfa73cb014cb049a0c32
simple-4p-162,Simple,4,162,23,23,0,1,tempo,0,1,58,22,25,11,2,2,0,0b631784ebd9d2cefa5ca2e92b7b0b41606f2f14c3fe9ba51903063c8893a280
simple-4p-163,Simple,4,163,25,25,1,2,perfect,0,0,55,19,26,10,1,16,0,0e7f5fdf3dcdd5e074fcb6f205a18c8bafe57055b8ca20b127309d66d49cfb73
simple-4p-164,Simple,4,164,24,24,0,1,tempo,0,1,56,20,26,10,2,3,0,a509611c7cecf606f7782671561b8f96bb62d5f10656d1c7bf186f3ab2216ef2
simple-4p-165,Simple,4,165,21,21,0,3,tempo,0,3,54,18,21,15,0,0,0,140d45ffc4b4bbca12607fc21c4c0721829e1bbbab55a1009d749f38d74e8909
simple-4p-166,Simple,4,166,24,24,0,1,tempo,0,1,55,18,26,11,2,0,0,98514edc6cd00303bf8442c5c66b9b57265fbd9213b21d5a3de23bb8de93dc57
simple-4p-167,Simple,4,167,25,25,1,2,perfect,0,0,50,17,26,7,1,5,0,24ec1a0a1ea3962576c5eb68b9e5bc919b49bc7bc44be0a968f6a849a3c45077
simple-4p-168,Simple,4,168,20,20,0,2,tempo,0,3,56,20,21,15,1,0,0,2712aa69440d21e741fa504b17923db82b3a7caf0b04007b76e47772d61a251f
simple-4p-169,Simple,4,169,22,22,0,1,tempo,0,2,60,24,24,12,2,12,0,46ec781e3d967599eabe30edbd15f12f8569e2fe0817c02373cd32c11ecde79d
simple-4p-170,Simple,4,170,25,25,1,3,perfect,0,0,54,19,25,10,0,2,0,6d0c2e40f055dab507d018695fc157aff58b167afc7b2a23fff6fa40e802ba6a
simple-4p-171,Simple,4,171,24,24,0,3,needed_last_copy_lost,1,0,48,16,24,8,0,8,0,f01c0832061ca9748fb0865157f1cbce791cafdc875bbe02ebe7e081ce789ff8
simple-4p-172,Simple,4,172,21,21,0,1,needed_last_copy_lost,1,1,59,23,23,13,2,12,0,f06c6068ba31dd6b0eda70da27c7413aa1ab3eddb61a9c7d79f75395f033097b
simple-4p-173,Simple,4,173,25,25,1,3,perfect,0,0,43,14,25,4,0,0,0,a5ad819d82837a0721568f03d560737ca1af4263406330861b6774e8f2554c04
simple-4p-174,Simple,4,174,25,25,1,2,perfect,0,0,47,16,26,5,1,2,0,bd4157ef631efd36e3f6a4790593e4620bfb65ac2539ba29e0351cf5a71dacba
simple-4p-175,Simple,4,175,22,22,0,3,tempo,0,3,57,21,22,14,0,0,0,f0c9a73a45c3a44a54c31db647ca08c1757446518644dd85507c0aaf1616c0af
simple-4p-176,Simple,4,176,25,25,1,3,perfect,0,0,52,19,25,8,0,2,0,c5cebf30baf6bd47e437dd5d80461ae620cdb6683387f7ab703fe65736890f03
simple-4p-177,Simple,4,177,25,25,1,3,perfect,0,0,52,17,25,10,0,0,0,d33c10cc9bd349c63fc7efd2cbf367acc342553a21f992af716ad5d353678fd0
simple-4p-178,Simple,4,178,24,24,0,1,needed_last_copy_lost,1,0,56,20,26,10,2,13,0,bb25b09926861c6105dca574356634db21f5cc56ed7891494c7f233d89f8406e
simple-4p-179,Simple,4,179,22,22,0,1,tempo,0,3,54,18,24,12,2,0,0,3326c265b5cf46b01a20b96a5ff46cc62173a28cf000995a6b04e813592c80b2
simple-4p-180,Simple,4,180,25,25,1,1,perfect,0,0,57,20,27,10,2,3,0,c68cfd4cb260701f9d963f5db5df918bbfc2ea817d61a69673d7824fb2adaeaa
simple-4p-181,Simple,4,181,23,23,0,1,tempo,0,1,55,19,25,11,2,0,0,8e57c8a2fa4a4d626c23c39f20abd691014fb730cf5d232e50cc3b7ec679fc5c
simple-4p-182,Simple,4,182,25,25,1,3,perfect,0,0,55,20,25,10,0,9,0,0bf98bf85a38300f52e8ae299ac17c732bab683f901c3d323e2b395c98dd7609
simple-4p-183,Simple,4,183,23,23,0,1,tempo,0,2,58,22,25,11,2,4,0,e7f3e2a76498b2a6d8684707489ca4e77e852ab5397501296f0f4593fd323180
simple-4p-184,Simple,4,184,25,25,1,2,perfect,0,0,54,18,26,10,1,0,0,6295d44e22f02578c04fb1a179b10cd11d46252a3cd102a011538515857b7997
simple-4p-185,Simple,4,185,25,25,1,2,perfect,0,0,55,19,26,10,1,3,0,71d86af2f73faa99644571d06d8bf39715ce81aa4d412170a6dc290be167e1a3
simple-4p-186,Simple,4,186,25,25,1,2,perfect,0,0,46,15,26,5,1,0,0,06c9dc4836d55fac193c843e117e4fcdade50b1ac06fe068e1fce7ebbb1180c7
simple-4p-187,Simple,4,187,25,25,1,3,perfect,0,0,52,18,25,9,0,4,0,a7f6260826050620db71016e50a9d43c6f1370663c06e915fdad25ddf0928258
simple-4p-188,Simple,4,188,25,25,1,3,perfect,0,0,56,20,25,11,0,0,0,39155ecb33d5dc113b453cfe146a502cfb7a3dd30c04cab053b4179d45a65653
simple-4p-189,Simple,4,189,25,25,1,1,perfect,0,0,55,19,27,9,2,0,0,8834b7290f2366191a21c0fa9c713af8a3d08b28328ffeb32a0d112b79c4a4db
simple-4p-190,Simple,4,190,21,21,0,1,tempo,0,2,60,24,23,13,2,8,0,94292ce46ac4b10ec4181756d9361dae652d043a21ac1c329a15c569d3e04c29
simple-4p-191,Simple,4,191,24,24,0,2,tempo,0,1,57,20,25,12,1,1,0,2495e93e4b29f2ee02d749b4b33a45c83dc3a7c9a869e8da2751bc83124a81a2
simple-4p-192,Simple,4,192,24,24,0,3,tempo,0,1,54,18,24,12,0,0,0,74728e1d244d2be8ed277790f9f2b7a80d4607f5c84dbc7feeac7c72acfea6fb
simple-4p-193,Simple,4,193,24,24,0,2,tempo,0,1,54,17,25,12,1,0,0,25d0987682286bd101bf795932d1725ac116c5c835c44c57da7f8fc8e6fa7506
simple-4p-194,Simple,4,194,24,24,0,2,tempo,0,1,56,20,25,11,1,0,0,2265a5e5d3076bbb7f1f8e6c44c200eec014a50f924c730d9f29212acc376f85
simple-4p-195,Simple,4,195,23,23,0,1,needed_last_copy_lost,1,1,58,21,25,12,2,14,0,5f39670c1acb42c2688f682751a1bc2928dd68a79387fd3f16227570aef13da0
simple-4p-196,Simple,4,196,25,25,1,3,perfect,0,0,52,19,25,8,0,3,0,b5cd9025d5d9e28c1ef6e06fb5e1efb1cefd41b7158d3eb34bd672da9450b518
simple-4p-197,Simple,4,197,21,21,0,3,tempo,0,3,58,21,21,16,0,0,0,eadbde85938c7e266caf75db8da346fc9682e249222520931f6fdf12907f2c1f
simple-4p-198,Simple,4,198,24,24,0,3,tempo,0,1,55,19,24,12,0,0,0,459221c88f6c14963a6874bd02bbf11c5de17a950c60c947a5d6be177e5e9ff4
simple-4p-199,Simple,4,199,24,24,0,1,tempo,0,1,57,21,26,10,2,5,0,55cbe9aa431e32f875f144a5d2c698e81dc061f064af4667157204f01ba8f470
simple-4p-200,Simple,4,200,23,23,0,2,tempo,0,1,56,20,24,12,1,0,0,567c675328c78cb38d906b650952f5f404a99ec71c33e59c59f57f75905efc3a
simple-4p-201,Simple,4,201,25,25,1,2,perfect,0,0,51,18,26,7,1,4,0,63e1e313478991f5be0e3ac433e275ca062c62fb9d5dbe975fbf519ef051d948
simple-4p-202,Simple,4,202,23,23,0,1,tempo,0,2,56,19,25,12,2,0,0,47677e9157f70c6be822a92f1b67f3cd0e9b15ee4426a5c0d60632eb0241e36d
simple-4p-203,Simple,4,203,25,25,1,3,perfect,0,0,48,17,25,6,0,4,0,02ca4fc649b63dc16538ad2585cd2f65a75d68129015c8b4181079ef4e200fa1
simple-4p-204,Simple,4,204,24,24,0,3,tempo,0,1,56,20,24,12,0,0,0,46f547e3f97b25e33ef47d8be3f9ab1d5f39f1f5d6d16a8a53f7d9ed184edfb0
simple-4p-205,Simple,4,205,22,22,0,1,tempo,0,1,55,19,24,12,2,0,0,252685d29f72fa6d9abdfafc782d9c27ddeb79a2b58e7f98426b9cf8f2d17fcc
simple-4p-206,Simple,4,206,24,24,0,1,tempo,0,1,57,21,26,10,2,1,0,1ef1f280eeb3d460ab15bf73cdd080a0f9e4368027617591b3bcba58b61ef513
simple-4p-207,Simple,4,207,23,23,0,2,tempo,0,2,56,20,24,12,1,0,0,90ad671c89be3ac6bb0cbd6f3b837f432c62d0658e080dffab0c6165818b75c4
simple-4p-208,Simple,4,208,25,25,1,2,perfect,0,0,53,18,26,9,1,4,0,bd24f3314f8e943c5b0edac1f5f7aa4a084b569b224bb9a26ba4fe2aa1750ffa
simple-4p-209,Simple,4,209,22,22,0,2,tempo,0,2,55,19,23,13,1,0,0,3f5db94188475386a9b630d7d85743d113420aadde008b9df5a80c3729f377f9
simple-4p-210,Simple,4,210,25,25,1,2,perfect,0,0,57,21,26,10,1,4,0,b7d268addb91f16da8412f915c79f341aa3b5c88301b2164aa00f458eac3cbb3
simple-4p-211,Simple,4,211,25,25,1,2,perfect,0,0,57,21,26,10,1,1,0,be28f1596a885de911d6b0faed75094675781ad187db3702cb89f080c61fc3b8
simple-4p-212,Simple,4,212,25,25,1,2,perfect,0,0,52,16,26,10,1,0,0,edef5559487f7cd0bce48e67263310d91cebcab023a243c98cf9cbf6bad8a743
simple-4p-213,Simple,4,213,24,24,0,2,tempo,0,1,56,19,25,12,1,0,0,6bbf033d191adb5e573834d4e07e398defb488947edf1e5321c822d033af6a43
simple-4p-214,Simple,4,214,23,23,0,1,tempo,0,2,56,20,25,11,2,0,0,5102338da62b8bafbf1bbf5680f0dcd684a86219298325f8ecf118e34868a2cc
simple-4p-215,Simple,4,215,24,24,0,3,tempo,0,1,55,18,24,13,0,0,0,b92b06e462d270a3687db26a7df7271cf1e76f5f84b70e31c9e8dce9834075ef
simple-4p-216,Simple,4,216,24,24,0,2,tempo,0,1,56,20,25,11,1,0,0,45285f4542567af9879c8899a79e32fc6f3f66a0a7b1dc1d654ca37b5158a152
simple-4p-217,Simple,4,217,23,23,0,1,tempo,0,2,57,21,25,11,2,6,0,981e81decd5ad13e4d266e3085542e31e2d0e8660bd3c1bdf61e50c494191249
simple-4p-218,Simple,4,218,25,25,1,3,perfect,0,0,57,20,25,12,0,0,0,b312c114c413c874ed395b065bc781cf902b5ae84f3d4615d1e5c01fb141e517
simple-4p-219,Simple,4,219,22,22,0,3,tempo,0,2,61,24,22,15,0,5,0,3199c1b8b4a7fd9e559a7fb6338211d1b11c2878b70874d889af4bace4fa382d
simple-4p-220,Simple,4,220,21,21,0,1,needed_last_copy_lost,1,3,59,23,23,13,2,10,0,3dca95904b30c0814b9924c9052f26007575a18e10f86e66c7ab9ed922b4db77
simple-4p-221,Simple,4,221,24,24,0,3,tempo,0,1,54,18,24,12,0,0,0,d744c0b5b0493e7bcc5ea4d85271224eea1b80a6c447881b3a8458e8ac6a6118
simple-4p-222,Simple,4,222,25,25,1,3,perfect,0,0,57,20,25,12,0,3,0,20c6221b473925053cbc1e3d7bfc11f7ed283de376d8f5740fb38c24b10ddd96
simple-4p-223,Simple,4,223,22,22,0,1,needed_last_copy_lost,1,0,58,22,24,12,2,5,0,2a1be5ea38e30b005707d45d181c2410180c2302de1ba5fe055f87321ca877ba
simple-4p-224,Simple,4,224,24,24,0,3,tempo,0,1,55,19,24,12,0,0,0,2cc5cebe24eede8fefb1cd9d385768c1953dfe26f566df5198a040f505c56d87
simple-4p-225,Simple,4,225,25,25,1,3,perfect,0,0,50,17,25,8,0,5,0,f5b0b2cb048957e07c204e18d5aac3e020eea0430617a4fca5150fbe194df1c9
simple-4p-226,Simple,4,226,23,23,0,1,tempo,0,2,57,21,25,11,2,0,0,021b655e3803ce9af711fee8c8af041637a5e99594b4dcc084fe2cfbef16ad4d
simple-4p-227,Simple,4,227,23,23,0,3,tempo,0,2,52,16,23,13,0,0,0,5aa8ef57999c850804db5c95d2a7e06a4a4f068fe6f6ce3a9288157234565ab6
simple-4p-228,Simple,4,228,25,25,1,2,perfect,0,0,51,18,26,7,1,10,0,d58b5155906514f54da727925eb5a5c6b7ef78784354dabea4281aae6ff4fb61
simple-4p-229,Simple,4,229,21,21,0,1,tempo,0,3,56,20,23,13,2,0,0,8883c923b5c56d4a27e5e4a0d3cbb2b3172e9b976191b4e469ebaaa5ac690ba1
simple-4p-230,Simple,4,230,24,24,0,2,tempo,0,1,58,22,25,11,1,1,0,0de87e1ad6f945758584d78bdc0a623bcc067444c9eeca1225ba75c3baa7882e
simple-4p-231,Simple,4,231,23,23,0,2,tempo,0,1,57,22,24,11,1,4,0,8298a17100ed7c836f427a4ae4c10bf35a392fb4dd8a2db1d5669604970dd230
simple-4p-232,Simple,4,232,25,25,1,2,perfect,0,0,50,17,26,7,1,0,0,bf04bd92dd73f9fd4003b39c823301d0e92d34cd227f524c7024a288c50394fb
simple-4p-233,Simple,4,233,23,23,0,2,tempo,0,2,54,18,24,12,1,0,0,eebab909a0d8c6bbc184082a304d82a7d315ad9be7296b2ba099f49120bc28d5
simple-4p-234,Simple,4,234,24,24,0,3,tempo,0,1,56,20,24,12,0,0,0,63ab35f875c3039f595088a9cbdbedcd8887684eefa057a1392ceae50f229116
simple-4p-235,Simple,4,235,24,24,0,1,tempo,0,1,57,21,26,10,2,3,0,939ffadf9d01c0ff45d9dbde6229c24c1f8e22e50970ffee447677df4b1a662b
simple-4p-236,Simple,4,236,24,24,0,3,tempo,0,1,54,18,24,12,0,0,0,aa35963210720462d918ed44dfdb5a665f099a41f04c0cf5bebbafa532141dec
simple-4p-237,Simple,4,237,23,23,0,1,tempo,0,2,55,19,25,11,2,0,0,e470bd9c12ce5b092cb653dec1aa1096f6f117b17b1a33e078e547833ca66c29
simple-4p-238,Simple,4,238,25,25,1,3,perfect,0,0,47,16,25,6,0,15,0,f6be29176e1fc5ba557e5ab9ec3f0c7063a6c1718b22b7457ade99aeda9b76a6
simple-4p-239,Simple,4,239,24,24,0,3,tempo,0,1,58,22,24,12,0,9,0,3b50d5a65cd7bb2b713006071fa09d779533b7f01d1a6d3e616f7a3dd14d82fe
simple-4p-240,Simple,4,240,25,25,1,2,perfect,0,0,55,18,26,11,1,8,0,f713fc3336638b6418350fba8527caabd0939ff16bf42a74f3a0c361d07b4936
simple-4p-241,Simple,4,241,25,25,1,3,perfect,0,0,51,18,25,8,0,6,0,6c393b1f3f7b375c07b82b8dc5d44bd2650d8ac0a7bafcfcb7512de51d8d07f9
simple-4p-242,Simple,4,242,21,21,0,1,tempo,0,3,58,22,23,13,2,1,3,15b4cb7215c908ff015a9fd416ccd727d5cf5c67dd3fc500ab8b6403f907af91
simple-4p-243,Simple,4,243,21,21,0,1,needed_last_copy_lost,1,1,60,24,23,13,2,15,0,88a9a8b8e92978f040773b920872ee789f04684c0e6c51ac65f4ea4aaeaef08c
simple-4p-244,Simple,4,244,25,25,1,2,perfect,0,0,54,19,26,9,1,2,0,d4f1972d223c0930223aca8bcec3e2b0c9f6ff12e1fe0cb9308fdd3f7453a1b5
simple-4p-245,Simple,4,245,25,25,1,2,perfect,0,0,49,16,26,7,1,6,0,cf9499bac809e79d87c022c928325ce316d9e4affcb9b3bcebd04ea1f53e0940
simple-4p-246,Simple,4,246,24,24,0,2,tempo,0,1,58,22,25,11,1,0,0,08bb56f42fb768e939475f63526fd72c54b6a9c3434d28ab1184c6fb73d3b2da
simple-4p-247,Simple,4,247,25,25,1,2,perfect,0,0,58,21,26,11,1,7,0,68f985fae4f7110046a18b172c25312445180f2492ee416e26102d25e4d4e7f8
simple-4p-248,Simple,4,248,23,23,0,2,tempo,0,1,57,21,24,12,1,9,0,06af237a7363bc6028455d039da809db630495542532227ac97fd17990b80174
simple-4p-249,Simple,4,249,20,20,0,1,tempo,0,3,60,24,22,14,2,14,0,6b4537f1cb1b13756b50a0a32ef2303e857c85b0c1b05533a8bbfaf7f03e9106
simple-4p-250,Simple,4,250,25,25,1,2,perfect,0,0,55,19,26,10,1,0,0,328b0a38411708e40ed689f938f4659b0a2b161c8f6cfa50a9d2be2548238662
simple-4p-251,Simple,4,251,21,21,0,1,tempo,0,2,60,24,23,13,2,15,0,20362daf0663b389091f97cfd1075553a3982ae1dc76ad827b13873f0bb9eac5
simple-4p-252,Simple,4,252,23,23,0,1,needed_last_copy_lost,1,1,57,21,25,11,2,18,0,e5efa59b6a46d4ff5ad6185a987829e643b9d2add646160c776fb5890b63edd0
simple-4p-253,Simple,4,253,23,23,0,1,tempo,0,2,58,22,25,11,2,7,0,bb8e77d27863f5ab7b765a8579c0eb1f179ed4481db7d4a9d30f9efa904925d2
simple-4p-254,Simple,4,254,25,25,1,3,perfect,0,0,50,18,25,7,0,6,0,b49f657b726303ead4b7edd5f0de50502439620e5dbbcb2c3494273e86e16f23
simple-4p-255,Simple,4,255,25,25,1,3,perfect,0,0,48,15,25,8,0,0,0,5267a58ec704f71011e1d9d35ed020ca4e627d2db16f875c37dccdad9ec59159
simple-4p-256,Simple,4,256,22,22,0,1,tempo,0,2,59,23,24,12,2,4,0,813d6984cb93908656333e896fd79d4a6b3c336bab8b1e4204416a84c651289e
simple-4p-257,Simple,4,257,24,24,0,2,tempo,0,1,58,22,25,11,1,12,0,afb88d4c39a7f92801b93a2ddf38eedfe5bae4c25c0c6c8d3259956df57cc6f2
simple-4p-258,Simple,4,258,24,24,0,3,tempo,0,1,57,21,24,12,0,0,0,7388c9aeaffd99412946e760927a178343577052b4bbc829545ffb9306a5b2d2
simple-4p-259,Simple,4,259,25,25,1,3,perfect,0,0,53,17,25,11,0,0,0,ee3791de6dee166ce48ff8d098d3c996988fd977a90cd73b4c717bb74e2d4d54
simple-4p-260,Simple,4,260,21,21,0,1,needed_last_copy_lost,1,3,60,24,23,13,2,8,0,60b02034febe3edb03c9feb702d7f508c7466aebc339f5d01acf102d0baa93eb
simple-4p-261,Simple,4,261,20,20,0,1,tempo,0,2,61,25,22,14,2,15,0,ee01a19fe673fbc4a4d7f08950977934d183704cb4275ec462c7c029716a5a59
simple-4p-262,Simple,4,262,25,25,1,2,perfect,0,0,55,19,26,10,1,0,0,3b73d71c4e155de16e2665ac28b0cd906697bdcf78b1788db20f9bbf36ded5bb
simple-4p-263,Simple,4,263,23,23,0,1,tempo,0,2,55,19,25,11,2,0,0,cb946d507f5e32f5d32c922fc39f84763e937e8328ec10df329f7af60a202375
simple-4p-264,Simple,4,264,23,23,0,3,tempo,0,1,57,21,23,13,0,0,0,a5e21e154309b1ac9beacf026a84f751df7041453bf3a240eccf954f88a6ca8a
simple-4p-265,Simple,4,265,23,23,0,2,tempo,0,2,57,21,24,12,1,0,0,9c0f7e3cad28fcb9aa727f57439b7d5231fbf6346fb72862017f96ff0cd7224d
simple-4p-266,Simple,4,266,25,25,1,2,perfect,0,0,52,19,26,7,1,1,0,ac2d4aadc635a362a2c64de40ab5eab0cff4e3fa69eb45944ad052191a9cca38
simple-4p-267,Simple,4,267,24,24,0,1,tempo,0,1,59,22,26,11,2,7,0,e20dbefa6e20015e738ecc4f70a27190029329100a0ee2df3410b996212a2a20
simple-4p-268,Simple,4,268,25,25,1,2,perfect,0,0,53,19,26,8,1,0,0,4821239ff4d616704b557f189344b198da31232f9f8d241074a0823903a90750
simple-4p-269,Simple,4,269,25,25,1,1,perfect,0,0,56,20,27,9,2,10,0,6823241c4d8d9eafb834dbeb04bc2fd436538f2935d63d5d57c8f7fb284d6fb3
simple-4p-270,Simple,4,270,25,25,1,3,perfect,0,0,52,18,25,9,0,15,0,b89b2a18344ebb56e9aa81d8e8f79541906eee78fe698b77db3f382ac7b1eae2
simple-4p-271,Simple,4,271,25,25,1,3,perfect,0,0,45,15,25,5,0,2,0,4f9e62c97f7aad3ca055efff7525aa290878a9e3f4be893a8eadbb21efc839f4
simple-4p-272,Simple,4,272,23,23,0,3,tempo,0,1,57,20,23,14,0,0,0,261da201b171d34181438cdf0d2eebdb434798ad3d25c2339485fbc2ace1bef7
simple-4p-273,Simple,4,273,25,25,1,1,perfect,0,0,57,21,27,9,2,5,0,db184b7e2154ff46210bda918fc93a020fb57eb1924fd81bbec7c8870c708231
simple-4p-274,Simple,4,274,25,25,1,2,perfect,0,0,58,21,26,11,1,9,0,3015fcd8710c1bff8593e695ae302e515357078ecefa8c846e3e96318000d8af
simple-4p-275,Simple,4,275,24,24,0,2,tempo,0,1,57,21,25,11,1,0,0,1488c551b0523d0c7363493d80a4a751619085b086da36118a847a4301d719b5
simple-4p-276,Simple,4,276,24,24,0,2,tempo,0,1,57,21,25,11,1,4,0,a7e173c0aec1830d06c82d178aec0bdef61200d1b21d51b3d6f96c617ce2b043
simple-4p-277,Simple,4,277,25,25,1,1,perfect,0,0,53,17,27,9,2,0,0,0415843e972a5e8cdbe85bd1c38aa208a2b8f885b97641c3732a449b7d8d936d
simple-4p-278,Simple,4,278,22,22,0,1,needed_last_copy_lost,1,3,58,22,24,12,2,5,0,bbe45e86140dc98253ad4126b1585355e22d251b8bc3f1baeb5ca590137ce2e4
simple-4p-279,Simple,4,279,23,23,0,2,tempo,0,1,55,19,24,12,1,0,0,30e961668405166a80228b89b16557c58cd2a30791224c8b99373597d1a7b49a
simple-4p-280,Simple,4,280,25,25,1,1,perfect,0,0,57,20,27,10,2,1,0,180d200f75455c1940ade9ad8efa472e84b4c79ed986ac7489f5000a04e33a82
simple-4p-281,Simple,4,281,25,25,1,1,perfect,0,0,55,20,27,8,2,7,0,c6d5a07179c9403a653f9ac4a9a477a616f4f1067dbd17be988b213f23318493
simple-4p-282,Simple,4,282,23,23,0,2,tempo,0,2,56,20,24,12,1,0,0,2a492debd21928f812a7675a3b07816c51da929dd17f5a545b016b743f7dc2fd
simple-4p-283,Simple,4,283,25,25,1,2,perfect,0,0,50,17,26,7,1,5,0,cb3e076a702b6456a4a52d3a6515a1f91a12fc467b48d71ca65d15ad5a906fc0
simple-4p-284,Simple,4,284,25,25,1,3,perfect,0,0,51,19,25,7,0,12,0,18310aecd435c80a3f0f836559c039157d30558be680fbfa7d878faa405c77da
simple-4p-285,Simple,4,285,25,25,1,3,perfect,0,0,50,17,25,8,0,3,0,708b881a4e08adeba425de51703dd85636c45322de1636fdefbf32f7e24a6326
simple-4p-286,Simple,4,286,23,23,0,1,tempo,0,2,54,18,25,11,2,0,0,00654649038d3556eef432535ae115294eb0c8ce70005fef69f782ba5532df19
simple-4p-287,Simple,4,287,22,22,0,1,needed_last_copy_lost,1,0,52,18,24,10,2,9,0,e3daf244be1a20c841208ae4a3316eb14ae5cd01a35bb83df2d6a4ba255c88bf
simple-4p-288,Simple,4,288,22,22,0,2,tempo,0,2,59,22,23,14,1,0,0,a558c4eef6568d63d4d5dc5008251b0de6c5a42c9976dec598c4d4829c123ef1
simple-4p-289,Simple,4,289,25,25,1,3,perfect,0,0,52,17,25,10,0,0,0,7a215d4726cc8954954998ece82a82505783a22f1099d55aea31ff263b475913
simple-4p-290,Simple,4,290,25,25,1,2,perfect,0,0,52,19,26,7,1,8,0,5bd9a45a950c0825a44a1f4c156f0a3fef82ddd6c827c7cb7d4b8ded88919465
simple-4p-291,Simple,4,291,25,25,1,1,perfect,0,0,50,17,27,6,2,6,0,62e2fa891e5afec8d048c9998164ce77c2da1671aac853d638bb716d30ebbb5f
simple-4p-292,Simple,4,292,25,25,1,2,perfect,0,0,57,20,26,11,1,3,0,eebf52906f9c265f3737453bd7595fdd2a39f3b4133b45a49b7332771cccd92e
simple-4p-293,Simple,4,293,24,24,0,3,tempo,0,1,57,20,24,13,0,0,0,d87e414b2586f0a6d720ec93efeaa0b6a46e4d6146e17e2238d8587c02847b0c
simple-4p-294,Simple,4,294,23,23,0,1,tempo,0,2,55,19,25,11,2,0,0,686e7244c07df7754b4fda4a613a22e712fb2f436643e4cc04f2d38e54e80fc4
simple-4p-295,Simple,4,295,25,25,1,3,perfect,0,0,56,20,25,11,0,0,0,7619118782082a50d51e157357a86caa76f30b7a6f42b151962158bc2da46d41
simple-4p-296,Simple,4,296,25,25,1,1,perfect,0,0,52,18,27,7,2,0,0,cc8724ec128f295d49ec7e4c40472c6a95c2f5c790f9cdd5025640ae2983f526
simple-4p-297,Simple,4,297,23,23,0,1,tempo,0,2,57,21,25,11,2,0,0,b48a9a215fb2686a2b6e31236aa30b698980840e7ca27fd1e513537a9ff68493
simple-4p-298,Simple,4,298,25,25,1,1,perfect,0,0,56,20,27,9,2,14,0,dffcdfb1bf435db8a42d69f1ca2a8a99aebe0f13b337c628d70b10e6ec7ca508
simple-4p-299,Simple,4,299,24,24,0,1,tempo,0,1,54,17,26,11,2,0,0,beb48d406a0dfcce9fc700f43b6f998b4944f6386961d871a987cac646b45bfb
simple-4p-300,Simple,4,300,25,25,1,2,perfect,0,0,49,16,26,7,1,3,0,3b570a809445369b9d9310d09b48b1ff1f650927d2a84ce478f57fbc4bd4c3b8
simple-4p-301,Simple,4,301,21,21,0,2,tempo,0,3,57,21,22,14,1,0,0,679b4b4c602ff027ba93a45f7f5fedf1e660deb489a7e0fd8770fc2facf43537
simple-4p-302,Simple,4,302,22,22,0,1,tempo,0,3,58,22,24,12,2,10,0,d6c5f2f62f79668531e9177beddad267f85657bb55e2538cbe268518c2519576
simple-4p-303,Simple,4,303,24,24,0,1,tempo,0,1,54,17,26,11,2,0,0,97c87cdaf01947677207119e82fce6e034363a7fc380d4e133c14f46d8157e98
simple-4p-304,Simple,4,304,21,21,0,1,needed_last_copy_lost,1,2,59,23,23,13,2,2,0,4a4ea86b67bb22902971be5ed42f45652f433e3068fbb54d3f7924f8b528691d
simple-4p-305,Simple,4,305,24,24,0,1,tempo,0,1,55,20,26,9,2,0,0,c4598bef1bc5f060157af038eb0bd1f534470728ccdd61ac8c63af0970e24fa1
simple-4p-306,Simple,4,306,25,25,1,3,perfect,0,0,49,16,25,8,0,0,0,e7ff006adaa28b1dab1df21b536023536926b187e9fc8090256c22e150c123da
simple-4p-307,Simple,4,307,25,25,1,2,perfect,0,0,52,17,26,9,1,6,0,409badc4f900827e485ac471061ad3233808c385b8b54c43c9c9621096f4ed04
simple-4p-308,Simple,4,308,23,23,0,3,tempo,0,2,59,23,23,13,0,9,0,444c6e50c6cdee4351bb1584ff226ba81831497dcf60c72597fa483e9b30669d
simple-4p-309,Simple,4,309,24,24,0,2,tempo,0,1,55,19,25,11,1,0,0,87c207f9f3b01690823e314708cd5a6f4e8808932442ba3f16ca9f6b25ccd4f9
simple-4p-310,Simple,4,310,24,24,0,3,tempo,0,1,58,22,24,12,0,2,0,485c01ce8113761652407903855f308ab024a89d0c7e8d4cb9aeb6612c839b9b
simple-4p-311,Simple,4,311,25,25,1,3,perfect,0,0,55,19,25,11,0,0,0,def85d74db5092b0f8a7cf59abdca587765a69e55bc5ee98dce0fdab448fec12
simple-4p-312,Simple,4,312,23,23,0,1,needed_last_copy_lost,1,1,57,21,25,11,2,15,0,97ca6eb1475a42812ff4808010e3dc2b62478fbfb5c0f0477ba3c097c9888a8f
simple-4p-313,Simple,4,313,25,25,1,3,perfect,0,0,51,17,25,9,0,0,0,1405986489a7c28726f3ae43f220ac40407e10a6940646aab497fe499fa956af
simple-4p-314,Simple,4,314,24,24,0,2,tempo,0,1,56,19,25,12,1,0,0,41bb858e9b8adf6fb27e378c1236c4913da9cbb9caca3bedfe488ef3cc3c8d2e
simple-4p-315,Simple,4,315,25,25,1,2,perfect,0,0,53,18,26,9,1,0,0,abfe33856ee2e5c7d39849ca27509ba40f37f62584bc07047232f7d4335a8545
simple-4p-316,Simple,4,316,23,23,0,3,tempo,0,2,59,23,23,13,0,3,0,1f76241f42597bfa5792f8ac3be8f14ed988641eeb3404e8cc0fe3a19cffccbe
simple-4p-317,Simple,4,317,23,23,0,2,tempo,0,1,58,21,24,13,1,0,0,2ac395c52146c46917ccb81c9500eb7704616a321a86f6055114252147a7e4c9
simple-4p-318,Simple,4,318,25,25,1,2,perfect,0,0,55,19,26,10,1,1,0,2ef1762710c262d40adb86df010eb4323fecc57331f1b99e59a872d468c1d9ca
simple-4p-319,Simple,4,319,20,20,0,1,tempo,0,2,61,25,22,14,2,3,0,de06db24053f30466f9b06a7642e20a049ecd89e4ccba384da9863e7f7289a37
simple-4p-320,Simple,4,320,22,22,0,3,tempo,0,2,56,20,22,14,0,0,0,988b8b207734e441d4fd04c49c3a188aab4fdea368e13969c66b216ca3808504
simple-4p-321,Simple,4,321,25,25,1,3,perfect,0,0,47,16,25,6,0,3,0,9d94dda8d38697fc6583e75a7957ad88730cec5c9f34c493fd83877623bc02e9
simple-4p-322,Simple,4,322,23,23,0,2,tempo,0,2,56,19,24,13,1,0,0,9922dbc928f68d06aa10cd54cc5e5d46cef978d99b6dc71001c3dfaf9f87ba44
simple-4p-323,Simple,4,323,24,24,0,2,tempo,0,1,57,20,25,12,1,7,0,a00ce05139524693798d5ffb82ecf6277595b2dbb219015db898d8ef40c91da0
simple-4p-324,Simple,4,324,25,25,1,2,perfect,0,0,52,18,26,8,1,0,0,510f054f412e700a82143c48e915f824eef45576bfa9943504d3acce328e033f
simple-4p-325,Simple,4,325,20,20,0,2,tempo,0,4,57,20,21,16,1,0,0,64b0c2b8fc56dc397405b603088db16cd731a6e519840ef7fe318872b2ec7084
simple-4p-326,Simple,4,326,21,21,0,1,tempo,0,3,58,22,23,13,2,0,0,e422155604d93192edecfe0b122c6032b9191a66fb7ca11c1823a47cd83aa2e1
simple-4p-327,Simple,4,327,22,22,0,2,tempo,0,1,56,20,23,13,1,0,0,ecf428af25ad7024f384c0e8e772c98e4fbd5dbd629d4fc1cc49d6129a59d34f
simple-4p-328,Simple,4,328,23,23,0,2,tempo,0,2,56,20,24,12,1,0,0,c215c022cc3305a7a95e68a9881df38a1c3bea96b88bba3577abc69856bbda25
simple-4p-329,Simple,4,329,24,24,0,2,tempo,0,1,53,17,25,11,1,0,0,bac1cae9359f8a1b5522153c769f6f89d47e3bd20e5846793f2fff209e421dcb
simple-4p-330,Simple,4,330,22,22,0,1,tempo,0,3,59,23,24,12,2,9,0,483374d0a6a543d809b117c98afbfc6c9c7918a317f55476ad909c93c1fb5ff6
simple-4p-331,Simple,4,331,25,25,1,3,perfect,0,0,46,16,25,5,0,9,0,b40be64fea30e1c16ff9d402f528b7ee9a799b1e2394d27778ca581998fa8a50
simple-4p-332,Simple,4,332,24,24,0,2,tempo,0,1,57,20,25,12,1,0,0,a657822d4c6b1ad0c7aea2d169c8c5c60b67461593e7629d7f3c28d7a86c8cdd
simple-4p-333,Simple,4,333,25,25,1,2,perfect,0,0,50,17,26,7,1,0,0,b765053aabf85611914e3c3852b218ef888308edaa23f3f2dca9ffff947057bb
simple-4p-334,Simple,4,334,21,21,0,1,tempo,0,4,60,23,23,14,2,11,0,87b1de18f086b9f8a2f5745ed87f4c008788806b73cd71305056b3820eb5d774
simple-4p-335,Simple,4,335,20,20,0,1,tempo,0,2,60,24,22,14,2,9,0,50545448a7908cebe0f8c4e99db9ef1b6ceaa9e0627e7ca4a96ca4f415449e5b
simple-4p-336,Simple,4,336,25,25,1,2,perfect,0,0,51,17,26,8,1,3,0,9debf34fe27e2f4d76fc001b0e52b397f9556a8ac876b13b69bc22ef7a2c5c85
simple-4p-337,Simple,4,337,25,25,1,3,perfect,0,0,52,18,25,9,0,0,0,dad36dc22df867651799380dc53145d912fa52a171e5cc4abd691d936c60dc56
simple-4p-338,Simple,4,338,22,22,0,1,tempo,0,3,59,23,24,12,2,15,0,d0fc0f60bcc4b3fe9e646b0b551843b377e43d33c2e8c2ff77e94d5c515d1dc6
simple-4p-339,Simple,4,339,25,25,1,3,perfect,0,0,58,21,25,12,0,0,0,4348c4b5257e45149af4496edc37934a9e91641dbed8c7e75708bfc638a205eb
simple-4p-340,Simple,4,340,22,22,0,1,needed_last_copy_lost,1,2,56,21,24,11,2,8,0,5039d2d76ed68cfec6da3b479cdd32eb7ce8f540dfe0edf550bb9e9c229ebef4
simple-4p-341,Simple,4,341,24,24,0,3,tempo,0,1,57,20,24,13,0,0,0,54264c11a6da766c619a07cdc5b2a1cbac5e0a4803b2810ccbdba3150a7581ed
simple-4p-342,Simple,4,342,24,24,0,2,tempo,0,1,57,20,25,12,1,0,0,a20c6d7e34b98b6f925d0cd0c6c13f669e706d8023b00ec2f672315de6790411
simple-4p-343,Simple,4,343,25,25,1,3,perfect,0,0,52,19,25,8,0,4,0,d62d21e768ede709cab873e21e0cac83460a03bf35993b4f5a67dbe1b0f008a1
simple-4p-344,Simple,4,344,23,23,0,1,tempo,0,1,57,21,25,11,2,0,0,e077ce20f2a1899532477301e8d1cfd6f96e82f81c9a5820d54443b15d7b0911
simple-4p-345,Simple,4,345,24,24,0,2,tempo,0,1,55,19,25,11,1,0,0,b10231be610603e1d57cf153ac97387f387ce82a019d2f57adec6e5fdbdb5900
simple-4p-346,Simple,4,346,24,24,0,1,tempo,0,1,56,19,26,11,2,0,0,58e78c027ecf7fb1a08ca6c1e12c8bc1af11b4512e85ba19bef8f4a00a6995d6
simple-4p-347,Simple,4,347,24,24,0,2,tempo,0,1,54,18,25,11,1,0,0,51b6fd0511a0848c7a2b778496c4a099c082096192b21e4effb4dcb3f9426e0f
simple-4p-348,Simple,4,348,24,24,0,2,tempo,0,1,56,19,25,12,1,0,0,330e8f0214dd04cfbf8caa0f6756c5de195dd71e8b618d70b32cff03ed186c7f
simple-4p-349,Simple,4,349,22,22,0,1,tempo,0,2,55,19,24,12,2,11,0,f86e57dabff44c2d8da951209ecfc4b4d5c2c3b9a478baeadb4473b7a0290af8
simple-4p-350,Simple,4,350,23,23,0,1,tempo,0,2,58,22,25,11,2,11,0,156d7c6d6d531fd78727c607f0e7dd3246c909d8a71caff4f878e6e6597a9cbb
simple-4p-351,Simple,4,351,25,25,1,2,perfect,0,0,58,21,26,11,1,11,0,3ff1adf0d726e4791676c10ab9fc3ef5035355e99bd5c63acf0429d14c80371a
simple-4p-352,Simple,4,352,25,25,1,2,perfect,0,0,56,20,26,10,1,13,0,a9bcc75a202b59763dd1022d63f693f166ddb7d96e8684afb27108832255089c
simple-4p-353,Simple,4,353,20,20,0,1,needed_last_copy_lost,1,2,60,24,22,14,2,18,0,d07e643d567fd6b37d66675305303300b37d2a5c294c1aa1ff3738f0a00875b4
simple-4p-354,Simple,4,354,21,21,0,1,tempo,0,3,57,20,23,14,2,0,0,e53d2d50a7a5ec863b2c3d63622a3c988eeaa9dde2b78078af854014e91a4992
simple-4p-355,Simple,4,355,24,24,0,3,needed_last_copy_lost,1,0,53,18,24,11,0,7,0,e4c4048682b34efc8fca2e6274f2ebc4c558d922ab18912529849d5870fbf9e8
simple-4p-356,Simple,4,356,25,25,1,3,perfect,0,0,47,15,25,7,0,0,0,a26685819d5b201071d415bb7488094eb4da12d9bef1ad54dd153e103aa855c2
simple-4p-357,Simple,4,357,22,22,0,3,tempo,0,2,57,21,22,14,0,0,0,78d7582a2aab62811479bf07b7795453c49fe90d7bd6dfc169bc5b16e88e6b68
simple-4p-358,Simple,4,358,25,25,1,2,perfect,0,0,56,20,26,10,1,2,0,1414115d1299845b6594c37ee2739a3568691910d44ab6d17027a50e83753ec5
simple-4p-359,Simple,4,359,24,24,0,1,tempo,0,1,58,22,26,10,2,16,0,52e97931d3d21e81aa8314298ac307ded953134fdc1d3e245ba141e01d4f9446
simple-4p-360,Simple,4,360,23,23,0,2,tempo,0,2,57,21,24,12,1,0,0,bab6614c5e6472a43119eac7c425be6e54c41bc07488434d6c858939aa55424c
simple-4p-361,Simple,4,361,23,23,0,1,tempo,0,2,58,22,25,11,2,20,0,78447ccf870f22d7732495fd72f02aae99b3b57d02144d3b9b483ee86ba57ddf
simple-4p-362,Simple,4,362,25,25,1,2,perfect,0,0,56,20,26,10,1,6,0,038a1425badfbbde13c22c402bbea7a1795a769052321a63d8423d685e65251d
simple-4p-363,Simple,4,363,25,25,1,2,perfect,0,0,55,18,26,11,1,0,0,32535a9c0846873ed919e7968d77b8411fe21e1fab56dc5c9ad406ed47f6efdb
simple-4p-364,Simple,4,364,25,25,1,3,perfect,0,0,52,18,25,9,0,0,0,eb640dd973320aae26fc789d6432fc34604d70f10683c8d88817f0006cd3ee04
simple-4p-365,Simple,4,365,23,23,0,2,tempo,0,2,54,18,24,12,1,0,0,748aac55bdc56a8109073fe0c534b224eb8610d0dbea182eeb7f1e82f3f59ba7
simple-4p-366,Simple,4,366,25,25,1,2,perfect,0,0,49,16,26,7,1,9,0,661a3ba83e0e16f37ef0fdfcdf2edfb1135afcd3d6fc3137466e8d631a34822d
simple-4p-367,Simple,4,367,24,24,0,1,tempo,0,1,58,21,26,11,2,0,0,851adaab0a31caed40d8dec5240a72a3794f5113a59e907d0a161ea9e5f06382
simple-4p-368,Simple,4,368,25,25,1,3,perfect,0,0,53,19,25,9,0,5,0,ad8932d16de34a66f2eaaae9b079a9b3a10749de5c4490fa9b60375bd45140e7
simple-4p-369,Simple,4,369,24,24,0,1,tempo,0,1,55,19,26,10,2,1,0,600009b8139800c84173fa769c33fd9b6bbf974e60b29235aac37e02ecb88247
simple-4p-370,Simple,4,370,24,24,0,3,tempo,0,1,57,21,24,12,0,0,0,52d60dcc35ba7044408866dc7d0a55b12a95e16ec6b685e6eb3b1e2faed184f4
simple-4p-371,Simple,4,371,24,24,0,1,tempo,0,1,56,19,26,11,2,2,0,7c1eb9c42382f0c4d139c91f8b97e3119ba63f1848ddf81ce4d9976d658d8274
simple-4p-372,Simple,4,372,25,25,1,2,perfect,0,0,47,16,26,5,1,11,0,16fc962839b4d14e85a30fc3d1d8d4e10bca4a980ff6d1a45c656fdb11b5449b
simple-4p-373,Simple,4,373,25,25,1,3,perfect,0,0,49,17,25,7,0,2,0,47474412e7b8db8cfa4d6dbc6c9944837982a57257b780055a9722704d4a5f7a
simple-4p-374,Simple,4,374,24,24,0,2,tempo,0,1,57,21,25,11,1,1,0,f53bd6dbf85b761f77ebb9cab3750e56084733e6b5e10227fff6920ff2c10151
simple-4p-375,Simple,4,375,25,25,1,2,perfect,0,0,55,20,26,9,1,8,0,c7f80c16436b49a9fc05ae7ea846b4cc6100f08f370eaaba26ae24ef4b344c57
simple-4p-376,Simple,4,376,25,25,1,3,perfect,0,0,44,14,25,5,0,0,0,25f6a8fbc4e1a94fee71f2a0593223689cbbbde9000ce63d28849992eb86828c
simple-4p-377,Simple,4,377,22,22,0,1,tempo,0,3,59,23,24,12,2,3,0,6305a9e3053a2e90814e988f30ce4219e68e924a505185704b513da4b5cd8114
simple-4p-378,Simple,4,378,24,24,0,2,tempo,0,1,56,20,25,11,1,0,0,6e2ff5a06315dc309d3955e4fa66b33317f8a3cc9cffaca7b07513341182de19
simple-4p-379,Simple,4,379,25,25,1,1,perfect,0,0,53,19,27,7,2,9,0,e27083bcde59d55c9074d68b26bd2afd828368e302280dde0a0fdbd6ea946a52
simple-4p-380,Simple,4,380,24,24,0,2,tempo,0,1,57,21,25,11,1,11,0,8216472df23d98c00b9f2e445b4021200496ed72a252343267e45870c140a794
simple-4p-381,Simple,4,381,25,25,1,1,perfect,0,0,53,18,27,8,2,6,0,41ae195cc1ffd021a7e3d07deac2e0585a95add91d219159051ca8237593675f
simple-4p-382,Simple,4,382,25,25,1,2,perfect,0,0,49,17,26,6,1,2,0,03f8f3a92d9a9a5d96ca281f7ba9cd90254b474eac5bc19ec94bdb232a972cfc
simple-4p-383,Simple,4,383,25,25,1,2,perfect,0,0,54,18,26,10,1,0,0,0ac7abfc3763d19fc01c8ae6776604f00d6a06e03f3eda2e301b64526fcf9586
simple-4p-384,Simple,4,384,21,21,0,3,tempo,0,3,61,25,21,15,0,0,0,9bccc57753951c6a5ab7b26bd4cf03045c3afbbe661c767a6553b78cdd6de42d
simple-4p-385,Simple,4,385,24,24,0,2,tempo,0,1,57,20,25,12,1,0,0,b041ec7011a37b045e18d2765d10cc72e50679af32e6310e375e824207384815
simple-4p-386,Simple,4,386,21,21,0,1,needed_last_copy_lost,1,3,60,23,23,14,2,21,0,6afffc77085dafc3975105555556aee34beb8cb824ef00d8473db156fa72e273
simple-4p-387,Simple,4,387,23,23,0,3,needed_last_copy_lost,1,1,57,20,23,14,0,0,0,c5b43f7e003c6b8db19fd8ccf1fcf6415951485853e12879317097243602c649
simple-4p-388,Simple,4,388,25,25,1,2,perfect,0,0,50,15,26,9,1,0,0,a32f81c1eedf398b761286f580c90dd33ea3e8c3aadf30692f975be9e812b016
simple-4p-389,Simple,4,389,25,25,1,3,perfect,0,0,51,16,25,10,0,0,0,113d8a17a5201721560b10bd44e5aaf0e3c958ded368f8ebe452c7c1250838a4
simple-4p-390,Simple,4,390,25,25,1,2,perfect,0,0,49,17,26,6,1,2,0,3d2537136300c53d65d420e91909bf8af566bd544278a0fc2237cbf81af2ddac
simple-4p-391,Simple,4,391,25,25,1,2,perfect,0,0,58,21,26,11,1,4,0,fdf9eaddbc6a4868f599f0c5c016632fc1f7916186eb4c15bdd1e49034c21d23
simple-4p-392,Simple,4,392,25,25,1,2,perfect,0,0,57,20,26,11,1,3,0,cf39847304859f4638cc07285d302daf90b9987f98472b2a76ad42fee6994c00
simple-4p-393,Simple,4,393,25,25,1,1,perfect,0,0,56,19,27,10,2,2,0,c63cdd607eff1f70738ffef56ca66729d666b626a3dd64306e2d3edfe24bdd01
simple-4p-394,Simple,4,394,24,24,0,2,needed_last_copy_lost,1,0,55,19,25,11,1,11,0,f43ccb70490f124868e2cf7eadd01c69abf84ea4dc808448a7585b0d2379a8fc
simple-4p-395,Simple,4,395,25,25,1,3,perfect,0,0,54,18,25,11,0,0,0,14d6450ac9d167e789ad30389fc71cff986a1a4a8b9f4c701be2a8dddc79aa34
simple-4p-396,Simple,4,396,25,25,1,3,perfect,0,0,56,20,25,11,0,4,0,3862fa5c58f2ddb5ddbb4079c0e08f4b977d899707f174ff4b2c96d02cdc9f52
simple-4p-397,Simple,4,397,25,25,1,2,perfect,0,0,51,18,26,7,1,3,0,2761144bae4425cfb5ce83ef403577c775b07f97132eca8ed255a814d7a83d82
simple-4p-398,Simple,4,398,23,23,0,1,tempo,0,2,58,22,25,11,2,4,0,b0562d285533fbf5bf6c7b7539a59a98f8a979251e43072f0c3a5e56f62c9c66
simple-4p-399,Simple,4,399,23,23,0,3,tempo,0,2,54,18,23,13,0,0,0,80dd9c8bfb8592c406de846f74275d8b0673b3f91f605050d8f6bed464278e45
simple-4p-400,Simple,4,400,24,24,0,3,tempo,0,1,57,20,24,13,0,0,0,e080374fedb15d43cadecaf72e384b237c4f6d4788b81620af65115933702e2f
simple-4p-401,Simple,4,401,21,21,0,1,needed_last_copy_lost,1,3,57,21,23,13,2,21,0,62acd9eda5b7f525dce6542bbc8ad442a92a2a909c49d5a65da5ca24b97e64f4
simple-4p-402,Simple,4,402,21,21,0,1,tempo,0,1,59,23,23,13,2,1,0,3cb8ec518e571b05838025668ca0fc3363949a71c0e316ca49ce98e3e0e1fd5e
simple-4p-403,Simple,4,403,22,22,0,1,needed_last_copy_lost,1,1,58,22,24,12,2,15,0,8e81ec886ef8b740e413d649c66da98e03f5bae14f943f2be05585c3833f7faf
simple-4p-404,Simple,4,404,23,23,0,1,tempo,0,2,54,18,25,11,2,0,0,d061674ba8c9996999d176d33573cd3378389dfc2e5b8bdde2fb79b02cb95e7a
simple-4p-405,Simple,4,405,23,23,0,2,tempo,0,1,55,19,24,12,1,0,0,aab8b7bcdcc429e42048289e1351071be71934112ed664ac530b99e3ecad3471
simple-4p-406,Simple,4,406,22,22,0,1,tempo,0,2,56,20,24,12,2,6,0,67cf280c1820a42c5e24c99ce8eb9d8dd4e6c7911f19f917ede280a26ae761a0
simple-4p-407,Simple,4,407,25,25,1,3,perfect,0,0,57,22,25,10,0,4,0,9c8dea94ef0683fc22e6a54f103ecc29307b02469bb1cf4fa4c3f3ca11f2514f
simple-4p-408,Simple,4,408,23,23,0,2,tempo,0,2,56,20,24,12,1,0,0,5c09da9a5793baeab9b167659e8be9fdd93801d11b5b425c37e11dfb30cc4b45
simple-4p-409,Simple,4,409,25,25,1,1,perfect,0,0,56,20,27,9,2,15,0,213212cbb45861d60fc4e5e7fb845b86db983f7103d58a73ffb3aae7ca7e3265
simple-4p-410,Simple,4,410,25,25,1,3,perfect,0,0,56,19,25,12,0,0,0,20b3390d3aebb148e6ffc1aaa09cd095fa46a08ad3cd6c9827b9a060931e1f6f
simple-4p-411,Simple,4,411,21,21,0,1,tempo,0,2,61,24,23,14,2,7,0,6c1208f676d95eeefec38de4b9e34e858e52959d8ac9fd16d71ba629222a56cb
simple-4p-412,Simple,4,412,24,24,0,3,tempo,0,1,55,19,24,12,0,0,0,f7ac10ff26d11f6a7b3c3edf739bb0fbd7032771dd3eccfd01b416a9c6ebbe9f
simple-4p-413,Simple,4,413,25,25,1,2,perfect,0,0,53,18,26,9,1,2,0,c0cda80cf8a7420175b1b99eedd7ded1953d6b3bf55bb91707d6373ab1e65e06
simple-4p-414,Simple,4,414,25,25,1,2,perfect,0,0,51,18,26,7,1,0,0,6a681fe20955c763458e5248c9d065826b3cdb5bd8c4e888221bb31df51dc3b2
simple-4p-415,Simple,4,415,25,25,1,1,perfect,0,0,54,18,27,9,2,0,0,93803f27818c79381be384769edbd899305e5453f1662b6b989d8cae36aa1faf
simple-4p-416,Simple,4,416,23,23,0,1,tempo,0,2,57,21,25,11,2,6,0,f5d97065749b015f49eaa56225c27c24cf3a8c0df23935fd554c0bfaa655e5df
simple-4p-417,Simple,4,417,24,24,0,2,tempo,0,1,55,19,25,11,1,0,0,ce2bcb3bc46703556bf80ac55cbc13344206fefe24e2093ee3b22c91369bba6c
simple-4p-418,Simple,4,418,24,24,0,1,tempo,0,1,56,20,26,10,2,1,0,49b1b98d81c7ff74ff4b00e398d56f16bfe916e869f1de60eda1fb841fbe0da2
simple-4p-419,Simple,4,419,25,25,1,3,perfect,0,0,55,18,25,12,0,0,0,964f375615875dcc86e8f9413b20c2a4ebc30874ce52d6428f987d25d77bdf72
simple-4p-420,Simple,4,420,25,25,1,2,perfect,0,0,49,17,26,6,1,2,0,097d6448f2edeb5d5cc8165f37fe5092d9222dac3ea80c9cf5e71890503b1507
simple-4p-421,Simple,4,421,25,25,1,3,perfect,0,0,57,21,25,11,0,7,0,b98db27f491b09122f0ecb6cacdd35a3c846a9449c4e0d852abd9dccea0abbe9
simple-4p-422,Simple,4,422,25,25,1,2,perfect,0,0,55,20,26,9,1,11,0,299a61b6a876ddd69f3365f9b10856cd0145fa68b0dcbad0167b4ed62a0b1546
simple-4p-423,Simple,4,423,20,20,0,1,needed_last_copy_lost,1,2,60,24,22,14,2,9,0,afd092edfadf3622cd5d8c0ec7dd511fbca9807c3ef7efc4262c2747fe7d7f1b
simple-4p-424,Simple,4,424,22,22,0,1,tempo,0,3,57,20,24,13,2,0,0,cc9422104f3c6ccef10d31012a0abcd5fd535e7dd46a29d38ca4f19e5147f157
simple-4p-425,Simple,4,425,25,25,1,2,perfect,0,0,51,17,26,8,1,0,0,06f5317e0c5cb39c925d7412cc0f8c8ae99cab3e986bef19087d5e73c33889bb
simple-4p-426,Simple,4,426,23,23,0,1,needed_last_copy_lost,1,1,57,21,25,11,2,15,0,e4bcba052b8acabb34662e17f54c33f063e68f8a055cff51168db189505b2c75
simple-4p-427,Simple,4,427,24,24,0,1,tempo,0,1,57,21,26,10,2,14,0,28cf864b455f9084d307eacb6532f89a38d695957f8a1604beb137ff383a6c4c
simple-4p-428,Simple,4,428,24,24,0,3,tempo,0,1,55,19,24,12,0,0,0,9ae501d6a34d95fe15fd0a9b9321097ea29f87937516e8498e678db20871ce1a
simple-4p-429,Simple,4,429,25,25,1,2,perfect,0,0,55,19,26,10,1,7,0,02f489fb1615dca2adf5e1985524aa10546765e93d7a5614599f8f5d5cae503f
simple-4p-430,Simple,4,430,25,25,1,2,perfect,0,0,49,16,26,7,1,6,0,3f7888c5e07eb3e4bffdd3138437b69b4c45f2346c923d2e322b5edc97136283
simple-4p-431,Simple,4,431,17,17,0,3,tempo,0,4,59,23,17,19,0,0,0,751b6c6f2b7070d7a8421fb1f7f274deabafb42f8da14cc689ecc9f0f5c7e321
simple-4p-432,Simple,4,432,25,25,1,3,perfect,0,0,58,21,25,12,0,0,0,9306b596dd05653b9892ec1cded65a19bcffdfb10a7a8223245882bde1b60ce0
simple-4p-433,Simple,4,433,21,21,0,1,needed_last_copy_lost,1,1,59,23,23,13,2,16,0,9f8ed56b9ca0c4e90cfb0368c98efed08e09db6e536556dc57a2b18fe6613230
simple-4p-434,Simple,4,434,23,23,0,3,tempo,0,2,56,20,23,13,0,0,1,177bebb7d68274a75bd2ff874a08f0ddacfc5d91caa9ada18013a40a7c2e1e03
simple-4p-435,Simple,4,435,23,23,0,1,needed_last_copy_lost,1,1,58,22,25,11,2,12,0,765892c9725e18c3d5e2736579051ba57eaec4efda75106b5466f792db04b013
simple-4p-436,Simple,4,436,23,23,0,3,tempo,0,2,55,18,23,14,0,0,0,9c1f1e7438e93b7daa95e7e87699feebbdcf675c8382c6dfc4319fddfd63bc59
simple-4p-437,Simple,4,437,25,25,1,2,perfect,0,0,54,19,26,9,1,0,0,1c7733630a94d5eb3923c1ece91df15fb2866a3d4e69c1fac401752bb7983647
simple-4p-438,Simple,4,438,23,23,0,2,tempo,0,2,55,19,24,12,1,0,0,c0487822782a30a4c95b690dfacc102eb65bfc87c46429a1ad6fb5438a554159
simple-4p-439,Simple,4,439,24,24,0,2,tempo,0,1,57,21,25,11,1,1,0,2d2201480497b05cd1d5770a2219f54e22536188c01591ff52ed4927addd65a2
simple-4p-440,Simple,4,440,24,24,0,1,tempo,0,1,59,22,26,11,2,5,0,c2eea01b337aa56264c78d347e3dab3fbe368dbc6528bfac5ff766ad137b3822
simple-4p-441,Simple,4,441,21,21,0,1,tempo,0,2,59,23,23,13,2,17,0,159902b883cca968c02960b81cf529914ec7786d91eac504cec6f2e7dfe97a80
simple-4p-442,Simple,4,442,24,24,0,1,tempo,0,1,58,22,26,10,2,8,0,f92f1503de3f02667659d4339d43ba38362e9360e718417650157ccec17fc0b1
simple-4p-443,Simple,4,443,21,21,0,2,tempo,0,2,56,20,22,14,1,0,0,63e981c8f44d0f35618f53601f77fdbd33575bd32b886b5a2bbd1d33fcf0ef77
simple-4p-444,Simple,4,444,25,25,1,2,perfect,0,0,55,19,26,10,1,0,0,c08c4a4b78697e8a2dc40a53925ded55e9e96e65a30f3a4d82d2b7a8ad4db84a
simple-4p-445,Simple,4,445,25,25,1,2,perfect,0,0,56,20,26,10,1,1,0,f4e6b090c5c5f9e104787eb13c64cbf4aa28aab4aa651ff5745d61c06c38e8dd
simple-4p-446,Simple,4,446,25,25,1,2,perfect,0,0,50,16,26,8,1,0,0,db45a7e59f865fe20938b1d4d3125e064779af1fb8858c2e0bcc3030cb41355c
simple-4p-447,Simple,4,447,24,24,0,2,tempo,0,1,56,20,25,11,1,0,0,ffbfec2c6f351515500d9aa5f85f45fba7cdb6fa49b501560d37e14cdb5b71d7
simple-4p-448,Simple,4,448,22,22,0,2,tempo,0,1,57,21,23,13,1,0,0,409143dd97b778197cd7f4556ffb917bcf557041911d3699eb0492946da0b405
simple-4p-449,Simple,4,449,23,23,0,2,tempo,0,2,57,21,24,12,1,0,0,963c0b5ebc7e5c8c3e296539f7eb52c5b7a5160b170b26ff086cc077b9421ceb
simple-4p-450,Simple,4,450,25,25,1,1,perfect,0,0,51,18,27,6,2,5,0,b76eb4f8a09ef13d271ac218a2488089b80c0f55d1a1a16e9f75acb90020a92e
simple-4p-451,Simple,4,451,25,25,1,1,perfect,0,0,56,20,27,9,2,18,0,433bc623c2ad96a72403e1f6c2edb2984ef8349df49002a6837ff968b7559375
simple-4p-452,Simple,4,452,25,25,1,2,perfect,0,0,49,16,26,7,1,10,0,48dbe769db36eee6308429cce69b670990f52d3311b9f7abac7e846f9c3ba4f0
simple-4p-453,Simple,4,453,24,24,0,2,tempo,0,1,59,23,25,11,1,17,0,794afb2ee3490dc27c1ad51e48bfcc3b32c18508eab37da15ff752fc092e34da
simple-4p-454,Simple,4,454,25,25,1,3,perfect,0,0,57,20,25,12,0,1,0,fbe757968e40f97afaca1fd2e5c86d9106957afdb35dcb0a52b773a331449d7d
simple-4p-455,Simple,4,455,25,25,1,2,perfect,0,0,50,17,26,7,1,0,0,355953a86c146a65b73729fb65cfaad25f1e242bda938010741ea30e163ff8f7
simple-4p-456,Simple,4,456,24,24,0,2,tempo,0,1,55,19,25,11,1,0,0,f44902f07b74aa97fe994930ce99a94365661d8f96fed1532dd17613bd0968b1
simple-4p-457,Simple,4,457,25,25,1,2,perfect,0,0,51,16,26,9,1,0,0,07fcd0419164219bc6956757e9839d593190b324c33d5336db726ab0fca30b22
simple-4p-458,Simple,4,458,25,25,1,3,perfect,0,0,50,17,25,8,0,5,0,8fa55173fb7feaae652e659d022c57086a4058013ccc79e0f0f64d84ec84a7b5
simple-4p-459,Simple,4,459,24,24,0,1,tempo,0,1,55,19,26,10,2,2,0,6f2e1a49b8bcfbba7309c8d82a86c200584a81416c40ba5318fddfd6c7068fd5
simple-4p-460,Simple,4,460,24,24,0,3,tempo,0,1,54,17,24,13,0,0,0,b9673275b924aa0359857cd26971683a675e1db783c97a4dbfa1558f78f9b303
simple-4p-461,Simple,4,461,25,25,1,3,perfect,0,0,51,18,25,8,0,6,0,86fb7a62c764162ec3aa463759cf5ae2341ee86428bffb15087ad246f27b5cfa
simple-4p-462,Simple,4,462,24,24,0,3,tempo,0,1,57,21,24,12,0,0,0,0e8e67e7b16c95be42615c10163661e5b2823ce1b288028647db6d2acee768e3
simple-4p-463,Simple,4,463,25,25,1,3,perfect,0,0,49,17,25,7,0,0,0,0f4de7796b9da0aec96e65a589913ce635ed60088c3fadaef854c73d171aef1b
simple-4p-464,Simple,4,464,25,25,1,3,perfect,0,0,51,17,25,9,0,1,0,d9cbf3d61786b1885ce2503d9d43f6ac256ae7c499886137e6b40ebec1662ed2
simple-4p-465,Simple,4,465,25,25,1,3,perfect,0,0,54,18,25,11,0,0,0,83e89975f073cbd671d332a6a11456d4efdd394ad6aaa43b46baf84d8b15c554
simple-4p-466,Simple,4,466,25,25,1,2,perfect,0,0,52,17,26,9,1,0,0,2aff1c684505a47acd1897dacd2eb46067f6959177360ee6117624371f467c4b
simple-4p-467,Simple,4,467,22,22,0,1,needed_last_copy_lost,1,2,59,23,24,12,2,18,0,e78d327424dbec6667c85a8315211ed6c9dac16538fe3f44ea85bc3cc776ff17
simple-4p-468,Simple,4,468,25,25,1,1,perfect,0,0,54,18,27,9,2,0,0,bea82fc5fe87f3014ebd50a99c4e072b49fb3a1f406d7360c431e01b8bf2748e
simple-4p-469,Simple,4,469,25,25,1,3,perfect,0,0,57,21,25,11,0,7,0,bb8595602a711fdc5d573d8c1fc07cd124d0d5d78f223910dcc9ad1f62daa380
simple-4p-470,Simple,4,470,23,23,0,2,tempo,0,1,58,21,24,13,1,0,0,bc632bf42824dbba2f59e31c7bb582d44df8ec43fea261aba2774cf1a1a80f1f
simple-4p-471,Simple,4,471,22,22,0,2,tempo,0,2,56,19,23,14,1,0,0,97b5d44114f4040f88f1307fa69078743266b33061f984dc0a3f9d534e6944b7
simple-4p-472,Simple,4,472,25,25,1,2,perfect,0,0,53,17,26,10,1,0,0,953b0b57316119440bb36aab6b3dee46d680a0210327cc4c39e66e03b33d7cd6
simple-4p-473,Simple,4,473,18,18,0,1,needed_last_copy_lost,1,2,60,24,20,16,2,15,0,34570cb1afc5e50b5fb7c88e6e795bc3a52704dcb8c437014b019cbeb180fb51
simple-4p-474,Simple,4,474,17,17,0,2,tempo,0,4,59,22,18,19,1,0,0,c7016715752749317ba8b3e117fd0aac0a718edadb90e32147edd1fba12e2682
simple-4p-475,Simple,4,475,25,25,1,1,perfect,0,0,50,17,27,6,2,0,0,6dadde1edf19facc9c82307d907aa0d0fbf40dc7805b9ac52c8850bf6d671f03
simple-4p-476,Simple,4,476,25,25,1,3,perfect,0,0,54,17,25,12,0,0,0,5f99422fb8f429d89f5252a0fcc91fc54790e8b850e3e60401d09356ef0b4773
simple-4p-477,Simple,4,477,25,25,1,3,perfect,0,0,57,21,25,11,0,7,0,dff7ebea25880bcdb06e12fca7bafb7442ee0540286e4d0ee9f5f7d53eec8774
simple-4p-478,Simple,4,478,22,22,0,1,tempo,0,3,58,22,24,12,2,6,0,a869ac3e3dbb2ed9184b302904f1360ccbb08bbfc59c57b0b00324a8e82b6898
simple-4p-479,Simple,4,479,23,23,0,2,tempo,0,2,55,18,24,13,1,0,0,e88919c98e57515d5641fb47475d442e455207f1a7eaf5360621d35920c4210b
simple-4p-480,Simple,4,480,21,21,0,1,tempo,0,1,60,24,23,13,2,4,0,eb2305200d96188d903b0b0a45970fedc3ec4d26ebf5ad322b3c45099af3af8f
simple-4p-481,Simple,4,481,22,22,0,2,tempo,0,2,57,20,23,14,1,5,0,09e2587ea0836c2264be71b29ec5afcd9428271227cf0b9b975dc1268ca77535
simple-4p-482,Simple,4,482,19,19,0,1,tempo,0,2,61,25,21,15,2,9,0,3fcb7ffc6dcfc31111040bc6e5635c46eaa6df3575fa1b475a6e9a29f027b24a
simple-4p-483,Simple,4,483,25,25,1,3,perfect,0,0,47,16,25,6,0,0,0,1064eb8e251638128d898300437dc1d61c7796471e29086f4ce65fab38a79f87
simple-4p-484,Simple,4,484,25,25,1,3,perfect,0,0,57,21,25,11,0,0,0,cbb751898c53af25a9f9bc7563d4e4619d265b4f43437434bdf51ab0b154eba6
simple-4p-485,Simple,4,485,24,24,0,1,tempo,0,1,57,21,26,10,2,16,0,4ad88a8c5216b548d314d739940d7c26d7d1aae1f5f0e44c0dc6b8f1c9c94f7b
simple-4p-486,Simple,4,486,23,23,0,1,needed_last_copy_lost,1,1,57,21,25,11,2,9,0,fe6ec7b5f5d250f1b8f27d3424f1ad19773b340b98d9e2791c1f6730a5004c4c
simple-4p-487,Simple,4,487,24,24,0,1,needed_last_copy_lost,1,0,56,20,26,10,2,8,0,e514c520861145c13ae827e3c4866849164b54fa63bae77633334c1af844d2b1
simple-4p-488,Simple,4,488,19,19,0,1,needed_last_copy_lost,1,2,59,23,21,15,2,0,0,dc583d83ea188454ac62d2fe65877e21dc910b5538db53557117b901d63e8d20
simple-4p-489,Simple,4,489,21,21,0,1,tempo,0,3,57,21,23,13,2,0,0,3a090afe7e6c1d55d3c77488e915bf5b83af213c9357e521ed78057169a41e82
simple-4p-490,Simple,4,490,25,25,1,1,perfect,0,0,55,20,27,8,2,12,0,d9db7f7a2b9f469807f57894e9af5747a7c04fbf6317b6a9eda87daf942d1083
simple-4p-491,Simple,4,491,23,23,0,1,tempo,0,1,58,22,25,11,2,6,0,f49a20e8bded5c1fd914de03a305f069a0e31ab751c1b735d37dbabad0405ec2
simple-4p-492,Simple,4,492,25,25,1,2,perfect,0,0,59,22,26,11,1,5,0,65dc41ec2e7e96ddab0947f7746b24c514d383cbb0b8e150a0188885e1653efc
simple-4p-493,Simple,4,493,22,22,0,1,tempo,0,2,58,22,24,12,2,13,0,0ad5521be8f7dfe555cbda97396dd593f7acc92b72fc96733e7e129fa2cd0d37
simple-4p-494,Simple,4,494,25,25,1,3,perfect,0,0,51,17,25,9,0,1,0,96a1db9e445d238fd7b703697ee4d6d98fe443db61f98b3dd91d298a809e0447
simple-4p-495,Simple,4,495,25,25,1,2,perfect,0,0,51,17,26,8,1,0,0,3dc2fa7b9b141781aa5d8d52d9a2105eff1ffd04f25cfe585b5d7b6c676ed19a
simple-4p-496,Simple,4,496,25,25,1,3,perfect,0,0,48,16,25,7,0,4,0,5117ca6efac2ce9335dc0877ac27bd6223a271999a6b7733715a461bf0b86d06
simple-4p-497,Simple,4,497,23,23,0,1,needed_last_copy_lost,1,1,56,20,25,11,2,4,0,5e811391c196ca3d3ca4203213e8d43fbb297cef82061b9a3dcdf15537dad18e
simple-4p-498,Simple,4,498,23,23,0,3,tempo,0,2,57,21,23,13,0,0,0,73fa91b2c98c0bd5419e4a2be3f9fb4590eac0338759d960c1f91cf2f3fb7f28
simple-4p-499,Simple,4,499,25,25,1,3,perfect,0,0,50,16,25,9,0,1,0,99a136433959bbf221609b4430cb88501a824fed460eb779713b1a4e8214237d
simple-4p-500,Simple,4,500,21,21,0,1,tempo,0,3,59,23,23,13,2,8,0,c17513ded25c32b0d13134163f62c0fcf38dbad8865363f81c99daf520f0ee95
simple-4p-501,Simple,4,501,23,23,0,1,tempo,0,1,55,19,25,11,2,0,0,c6ddb182281a8f9d73bd57cdac78f5fba0a301b260e198ae06242baa3cbb25c3
simple-4p-502,Simple,4,502,25,25,1,2,perfect,0,0,54,19,26,9,1,6,0,731fda9966a45341973031558098695b7b0f12b64ba7f99acb9bf1dbe2c6d094
simple-4p-503,Simple,4,503,22,22,0,1,needed_last_copy_lost,1,2,58,22,24,12,2,13,0,16ff55aa1dc76e284cac0d6b5fa3571722cf9c8d3d879676e780b8cbf867d14c
simple-4p-504,Simple,4,504,23,23,0,2,needed_last_copy_lost,1,0,56,19,24,13,1,9,0,7af96637074455a110a42b7edf35b3f41ec395b6e91afefd807319f5488d79db
simple-4p-505,Simple,4,505,25,25,1,2,perfect,0,0,56,19,26,11,1,7,0,4584da49300b976def8f1fef743fe6b2f74467bceded78dbe735df1e68d2d2a1
simple-4p-506,Simple,4,506,25,25,1,3,perfect,0,0,51,17,25,9,0,0,0,90c5056c991d4bd4a76c07eea285c3756277833a31596d8fbec1dda469a34f67
simple-4p-507,Simple,4,507,25,25,1,2,perfect,0,0,54,18,26,10,1,0,0,b46170410dcd3eeb975d176d37c9592901574bb5b209f95f73b6d26a83af0e6a
simple-4p-508,Simple,4,508,23,23,0,3,tempo,0,2,57,21,23,13,0,0,0,02b746964bb2aba06bc7c95af5c3e7b1cd8354bf60907c6e91bc3870f51cfe1f
simple-4p-509,Simple,4,509,23,23,0,1,needed_last_copy_lost,1,0,54,19,25,10,2,14,0,5096102efaf55b4e45e14369fb78fdab31e4753b5bc9f48241434d78f675cd4a
simple-4p-510,Simple,4,510,25,25,1,3,perfect,0,0,50,17,25,8,0,7,0,d8b33df2c9e01540a6a3e744b2660c1c44cfdaf43255069e7783f4a03eb2eb40
simple-4p-511,Simple,4,511,25,25,1,3,perfect,0,0,54,18,25,11,0,2,0,dba0246e5773f76780a262ab84877025213d00f901d3bf70d7f9ff8d24cc10de
simple-4p-512,Simple,4,512,24,24,0,1,tempo,0,1,57,21,26,10,2,15,0,b0bd5d90dc6900340efb5939cdb7d71bd7816e094e2a34978cde24d4430777f1
simple-4p-513,Simple,4,513,23,23,0,1,needed_last_copy_lost,1,1,58,22,25,11,2,14,0,82b7247724134ba6a6d4e7c342430b8a6c3117fc1e9540f8b7ed2b11c55b9ca6
simple-4p-514,Simple,4,514,23,23,0,1,tempo,0,1,58,22,25,11,2,3,0,9350d7e53dbd0e7b259aeff23e164f58f714c154efda021006e27df1aaae721e
simple-4p-515,Simple,4,515,24,24,0,2,tempo,0,1,59,22,25,12,1,1,0,afa494bb9d0a307f5d5583c3994acd8a9b10bc3231f85f2b5db1420a30b1804b
simple-4p-516,Simple,4,516,22,22,0,2,tempo,0,2,56,20,23,13,1,0,0,e55878ff66f6ae7ebc1ef4416672c7843fd751ec36d52a29ad24c9ae92c33f6c
simple-4p-517,Simple,4,517,25,25,1,1,perfect,0,0,56,20,27,9,2,18,0,abd8d2778f90988f1fddc1ccd2598260550432457f0552d02b20d98d57fe4160
simple-4p-518,Simple,4,518,24,24,0,2,tempo,0,1,54,17,25,12,1,0,0,eace9d9b83742586373cb9822d0e5e80c88f62d3946df80d897739425297e2cb
simple-4p-519,Simple,4,519,25,25,1,3,perfect,0,0,56,21,25,10,0,0,0,ac9e94e5024b48d8ce7b79c4a17c59af758241154cd2b5b1988b1d459b733ec6
simple-4p-520,Simple,4,520,24,24,0,2,tempo,0,1,56,20,25,11,1,3,0,9c76f9a6f0f38a2db16c1a45c894b8ca153d8b46fad70a2beeecce986c363d1f
simple-4p-521,Simple,4,521,23,23,0,2,tempo,0,1,58,22,24,12,1,1,0,0ca780ee7edbf7683d20525af264a83877de1264e65e8037051b8bf6f0c0e411
simple-4p-522,Simple,4,522,22,22,0,1,tempo,0,2,58,22,24,12,2,1,0,32171f32308ecd8b1930731b6e193accd4e728faf53b8d581543100ae558271f
simple-4p-523,Simple,4,523,24,24,0,1,tempo,0,1,57,21,26,10,2,0,0,f2aa8310eb01007c149e850953bec34e205a5015499ec21a27a0b4936cef8c6b
simple-4p-524,Simple,4,524,25,25,1,3,perfect,0,0,53,19,25,9,0,4,0,0bf80c21fd43b5078de34b585b4994722d4efded6e16aee4188e7c17a693cb73
simple-4p-525,Simple,4,525,25,25,1,2,perfect,0,0,48,16,26,6,1,5,0,839a52c992ddd4d36d239a36be59685c4713c4b15b1c71032881097f36ec3908
simple-4p-526,Simple,4,526,25,25,1,2,perfect,0,0,58,21,26,11,1,10,0,1d4398ad5a1f3bdcc7bb0cbcb54b9775a45a2beb9dbc887ef4c4fdda91476769
simple-4p-527,Simple,4,527,25,25,1,2,perfect,0,0,51,18,26,7,1,10,0,1cbb8577de076aa67ef4972d66c73e76ecac11e14bf02f0807bad422b8665abb
simple-4p-528,Simple,4,528,25,25,1,2,perfect,0,0,52,17,26,9,1,0,0,51383b8912ff4316825f58482d5d6ef0e525f327db415abe0a56108558249a07
simple-4p-529,Simple,4,529,24,24,0,2,tempo,0,1,53,17,25,11,1,0,0,18a6822a9c591d2ba7a1268c34ad49646b2be663dc5d03c6a52b746a71124ab4
simple-4p-530,Simple,4,530,19,19,0,2,needed_last_copy_lost,1,2,57,21,20,16,1,0,0,3c11b8e365169468689b97541f1d61d6fa6eb597a43dbe99bc293d9e1da0096a
simple-4p-531,Simple,4,531,24,24,0,1,needed_last_copy_lost,1,0,52,18,26,8,2,12,0,e771eb2c6adda8589987b4a579701820dd1ff58643312bdc01d36e40a135b0f2
simple-4p-532,Simple,4,532,25,25,1,3,perfect,0,0,52,17,25,10,0,0,0,c06d2929ffa5318b8bb6d7c0a381296e50bb199da1f5ead82d6c0edd2a0c9a94
simple-4p-533,Simple,4,533,23,23,0,1,tempo,0,1,56,20,25,11,2,5,0,95b9e01dac9e2c3dc6c4310caa9a49c789e121316bb2971c3058746427103c7a
simple-4p-534,Simple,4,534,25,25,1,3,perfect,0,0,54,18,25,11,0,0,0,7845ac8077af1acea2621b4c8c7fcee9952aec70a9725176d9e7dc1ab26cfa69
simple-4p-535,Simple,4,535,19,19,0,1,tempo,0,4,60,24,21,15,2,11,0,3dc55ecf0d740e24f76a4fb2dcc20fff9037ea59adbff053dfcf4e079ec88d33
simple-4p-536,Simple,4,536,25,25,1,2,perfect,0,0,56,21,26,9,1,11,0,53d164030a587644370e2d86b17ad7d2a7160be82dbc0793891790bc86a77c17
simple-4p-537,Simple,4,537,22,22,0,1,needed_last_copy_lost,1,2,60,23,24,13,2,14,0,9c484e5ad8f0ab364d6eefbb1c0efd274567f34ae43669f17deb521ea7310a1c
simple-4p-538,Simple,4,538,22,22,0,1,needed_last_copy_lost,1,2,57,21,24,12,2,20,0,b3b62af3154e8a962283e94ed2cb5f7afc3bf03cd7268dcb9e365eddf28a2005
simple-4p-539,Simple,4,539,25,25,1,3,perfect,0,0,53,18,25,10,0,0,0,ad38f9337f748ac9194f834640ca15db3f755af01acb74a63744bf6270688406
simple-4p-540,Simple,4,540,20,20,0,1,needed_last_copy_lost,1,4,60,24,22,14,2,14,0,a06a219b9b5f87b6936a5187b7f73ae7302e96a114ba8b2b6b3006e24051493b
simple-4p-541,Simple,4,541,25,25,1,3,perfect,0,0,54,19,25,10,0,8,0,a0c2dd638702dbd788ddc858c2a8b73e2c10fe62b9e1b70dc7aa02709187be65
simple-5p-42,Simple,5,42,24,24,0,2,tempo,0,1,52,19,25,8,1,0,0,fedac63db945c37afbbd4cacb47e82bd4a0f404cc9ec1e02c663cafcd7bd4c69
simple-5p-43,Simple,5,43,24,24,0,3,tempo,0,1,50,17,24,9,0,2,0,bb0cfdc58bd91db9332854925d503eaca56f7d689bfddb2c8aec82b2e8b93394
simple-5p-44,Simple,5,44,20,20,0,3,tempo,0,2,52,19,20,13,0,0,0,c3dc5cfa6132ab8f55a157942cc32deb8212ea927af4ca5439f4be42187ad026
simple-5p-45,Simple,5,45,20,20,0,1,tempo,0,5,51,18,22,11,2,0,0,b4d11519d9ac6a6fc5e8681b8da7a57d2bcdec2c2ad7c80d7529b972abdf663c
simple-5p-46,Simple,5,46,23,23,0,2,tempo,0,2,50,16,24,10,1,0,0,c3b529f2e39e93c354828b56a836a26dc407db0c227c80f618f29ccb9d365a4b
simple-5p-47,Simple,5,47,20,20,0,1,tempo,0,5,53,20,22,11,2,4,0,802501c4243223972cf25502c3e074a5b5c762a6967a2ac7fb397e2edebea2f6
simple-5p-48,Simple,5,48,23,23,0,2,tempo,0,2,52,19,24,9,1,4,0,c1449b564576865f68d13821bfff61e589ab5e0c605ab55d4c7d3adf750c257f
simple-5p-49,Simple,5,49,23,23,0,2,tempo,0,1,53,20,24,9,1,6,0,96693f3bfcc3c8ed8d8740fc7f14d6b81d224daad236e8a6a22996fd7e7059e3
simple-5p-50,Simple,5,50,24,24,0,3,tempo,0,1,50,17,24,9,0,0,0,1aebb4d217774d89d174325d50e9b0c37c9c4bd64e8562a47583cab82a4d4cb9
simple-5p-51,Simple,5,51,24,24,0,2,tempo,0,1,51,18,25,8,1,0,0,c84e36b323f8de85a3aa773078c13260e395a8ae73035ede37b6060652c88a86
simple-5p-52,Simple,5,52,25,25,1,2,perfect,0,0,50,17,26,7,1,5,0,97d9b4427a073d692362ca7120d7a38223857cc98568f384fbbf6ddd47a835bb
simple-5p-53,Simple,5,53,24,24,0,3,tempo,0,1,51,18,24,9,0,4,0,f606376a322bba1a6894557e550a9f426f818ee596621bc1d955c1e561d071b8
simple-5p-54,Simple,5,54,24,24,0,2,tempo,0,1,51,18,25,8,1,0,0,9ca3fcc6eebcc53c9ca32e69493cb4d613f5e3544f572f80e6a98065041a8fd9
simple-5p-55,Simple,5,55,22,22,0,1,tempo,0,3,51,19,24,8,2,10,0,e03060997851f25d7e9aba760d42b6c7777c5f1d3d044fdef73f223ae6eaa182
simple-5p-56,Simple,5,56,22,22,0,2,tempo,0,3,50,16,23,11,1,0,0,b6407b9b73a48db1d9ab996800e88e2e17fbe90d364d014bd7cf06efd351aad5
simple-5p-57,Simple,5,57,24,24,0,2,tempo,0,1,51,18,25,8,1,3,0,071422ef582663bd55d3c39226ef45adbb4300e472e2f95c0875a451acf9511f
simple-5p-58,Simple,5,58,25,25,1,2,perfect,0,0,49,17,26,6,1,5,0,c6ecb8bb61f0f8128bc721a4550d4b11702458b1c6d9e99dfc5be1c40ac454ab
simple-5p-59,Simple,5,59,25,25,1,3,perfect,0,0,48,15,25,8,0,5,0,4f620eec21d771229f077dfba8674db8b19fab3474c8aa1a5d6fbaa5da5cb0b1
simple-5p-60,Simple,5,60,25,25,1,3,perfect,0,0,51,18,25,8,0,9,0,8dec70b50a4c44b773ab4a33f06671a407036c1e4fa130b49d367a0845320d1d
simple-5p-61,Simple,5,61,23,23,0,1,needed_last_copy_lost,1,1,51,18,25,8,2,12,0,97ff11d12c8bef2668af14111c14d34711390e0ee78635840d509ec4ad0549b3
simple-5p-62,Simple,5,62,24,24,0,1,tempo,0,1,49,16,26,7,2,0,0,35d633b472752adc3e04de17798d01bd4eace6c07893d345a9dc51cb1b338368
simple-5p-63,Simple,5,63,22,22,0,1,tempo,0,2,49,16,24,9,2,0,0,d9d2e1bba10253bb6a9a308998938ee29b5d8ad93ab8297a77ecb7195810385c
simple-5p-64,Simple,5,64,24,24,0,3,tempo,0,1,51,18,24,9,0,2,0,84513d846a1ef7cd87a5c4690a341ee6acd9156ac87d8df082c4f09563f30756
simple-5p-65,Simple,5,65,23,23,0,1,needed_last_copy_lost,1,1,51,18,25,8,2,6,0,9cc4299ec55011446e7c98f6b99e15c3eb87834c073343d40e359a40c3dba3e8
simple-5p-66,Simple,5,66,24,24,0,3,tempo,0,1,52,20,24,8,0,0,0,1c3b0fbc2242e9f97993843ee5ff00721eaeccd4db2fc44995e5df87b88e393b
simple-5p-67,Simple,5,67,21,21,0,1,needed_last_copy_lost,1,1,52,19,23,10,2,14,0,0f5d49ed47b0b51a6cc718aabffd80d7e8d01b0bc90ac9b9a27a292868373ac6
simple-5p-68,Simple,5,68,24,24,0,3,tempo,0,1,49,16,24,9,0,0,0,74dcc2b2ffa69a1fe7e3ff41a24366bec9edb775544fca67edda6b8a1256fef8
simple-5p-69,Simple,5,69,25,25,1,2,perfect,0,0,45,15,26,4,1,5,0,1ef92a6b8f11da5d01249e4246185f4ec6dd751edebdec62aeda43fa29e6e408
simple-5p-70,Simple,5,70,24,24,0,2,tempo,0,1,51,18,25,8,1,2,0,ae123732c024250e5b7c44539e9c3cb9ece185b05c4be6b6be1b38bb4240d9e6
simple-5p-71,Simple,5,71,24,24,0,3,tempo,0,1,49,16,24,9,0,0,0,07eb4b5bf79117d2c05b39efcb26b83ca937a2ca084163310c9e600b3fcb2e79
simple-5p-72,Simple,5,72,23,23,0,3,tempo,0,2,51,19,23,9,0,7,0,db1cfef41dfbaa95a49bd996b3e05778d57bc5cc2ec613b006f5ce4e201703fb
simple-5p-73,Simple,5,73,24,24,0,1,tempo,0,1,50,18,26,6,2,6,0,61205d3b5a71c2cbc337b7d6d0796eb3ae7f9dba9498543a6c8e88020e804154
simple-5p-74,Simple,5,74,24,24,0,3,tempo,0,1,50,17,24,9,0,9,0,052f77b58cc9886067f8fd85f87248f487a412d6a0e3071756722fea55083e4d
simple-5p-75,Simple,5,75,21,21,0,3,tempo,0,3,49,17,21,11,0,0,0,0c4cc612b70e10dbaf489c4c2eceaf8fba5cc7d6c42768005960eeddd2fe6952
simple-5p-76,Simple,5,76,22,22,0,3,tempo,0,2,50,17,22,11,0,0,0,ef7cb135a55965b56f9977b21154751f99d1fd9489500555228c066158de2f9d
simple-5p-77,Simple,5,77,22,22,0,2,tempo,0,3,52,19,23,10,1,9,0,828a9c94c3882a4130ad0f0ff37d7b18aaa55c8e330442f3e211f16ef96e5164
simple-5p-78,Simple,5,78,24,24,0,2,needed_last_copy_lost,1,0,48,17,25,6,1,9,0,4fe7108117e79813c1f64121a8b28d48ecb8090654354f9edc54d4337e0a7be3
simple-5p-79,Simple,5,79,24,24,0,3,tempo,0,1,51,18,24,9,0,4,0,d74eee179996053ed9e7b173dcaf727fc67af3b3110a72630ea26767a6eb7957
simple-5p-80,Simple,5,80,23,23,0,3,tempo,0,2,51,19,23,9,0,0,0,2d9d2132daa95a86f61aab09546a07c45292efbe5a736025409824088e8b4cb3
simple-5p-81,Simple,5,81,25,25,1,2,perfect,0,0,50,18,26,6,1,13,0,e3b1a8914953bcb5dc5a4d3ca116e4d634bad68c701da52f9a6c71a16cb014c9
simple-5p-82,Simple,5,82,20,20,0,1,tempo,0,3,54,21,22,11,2,5,0,fb7458682c0866f8b2e4d91888e5deb99d0515b02062d59caf16e35f628880f0
simple-5p-83,Simple,5,83,22,22,0,1,tempo,0,3,51,18,24,9,2,11,0,0c1b1be88d29a90661ef97c8cb84dcfba5ead1a52e629e1f9affeba9e91789e6
simple-5p-84,Simple,5,84,22,22,0,1,needed_last_copy_lost,1,2,50,17,24,9,2,12,0,98d2501225371b7368f26e1f556c337a6edf2cf8321cb9f62e89bdcf2a6733d5
simple-5p-85,Simple,5,85,24,24,0,2,tempo,0,1,51,18,25,8,1,0,0,e236f3b885623b623a80c6565ac8fb17af6728eda4898e16afc669d40cbfacb2
simple-5p-86,Simple,5,86,24,24,0,3,needed_last_copy_lost,1,0,51,18,24,9,0,5,0,66dc79d5a676c20dc03aa5d751a347d7b185e97a69ff8e728dc3a6d9828357c6
simple-5p-87,Simple,5,87,25,25,1,2,perfect,0,0,50,17,26,7,1,0,0,d0c806ad48679fc5b496c4d21c09aaccf419f435af4762ed89f9c3331ea6fb4c
simple-5p-88,Simple,5,88,22,22,0,1,needed_last_copy_lost,1,2,52,19,24,9,2,11,0,d24fd470c0e14d6724aff5a6126f0a912b6f70a61cf358c1c6d7c69ee51a56d1
simple-5p-89,Simple,5,89,25,25,1,3,perfect,0,0,50,17,25,8,0,4,0,94e6a4cc67d996272fa6f628bae737c717ae2313ff4fa4491335920ec9162ef3
simple-5p-90,Simple,5,90,23,23,0,3,tempo,0,1,51,18,23,10,0,0,0,906418964d98b54da90f89f4fd0491997431561e213e0e59481d7f817f4ac3ea
simple-5p-91,Simple,5,91,23,23,0,2,tempo,0,2,49,16,24,9,1,0,0,37a5041ddb2e3e6b2bea3dc2830ea04fe2f2289f394133d06c37880669df2a64
simple-5p-92,Simple,5,92,23,23,0,2,tempo,0,2,51,18,24,9,1,0,0,bb66d7740ccb8374bc7bdb90e0891f14c6994b0879a387e908a932fc72ff3a9c
simple-5p-93,Simple,5,93,24,24,0,1,tempo,0,1,51,18,26,7,2,11,0,ac81bf6cc7500352e4bd7ae729361d0e16eafe47149c877e8bbf45d7387d330e
simple-5p-94,Simple,5,94,22,22,0,1,tempo,0,3,52,19,24,9,2,11,0,aafcacf76b2da2e1dca6146b14fcfaafc2ab29bb26a3085f2c88aa8dc1471380
simple-5p-95,Simple,5,95,21,21,0,1,tempo,0,1,53,20,23,10,2,8,0,f0fbbda3e4f9711fc4667b3f763a2c38b94a0d4d7709a45cccc725511b6cf25a
simple-5p-96,Simple,5,96,24,24,0,2,tempo,0,1,49,15,25,9,1,0,0,9c3a0cf28c7dc2d04bbca42a7bdd20aa7f83ba3d921662bf519795b63c078ac8
simple-5p-97,Simple,5,97,23,23,0,2,tempo,0,2,52,19,24,9,1,3,0,3e8efe994913d0c1fe774495e22670469cef29baf0c7ee786b586f4fc6243eec
simple-5p-98,Simple,5,98,23,23,0,2,tempo,0,2,51,18,24,9,1,2,0,ac921b415d5bc3b41431a7fa4285b0fbc62f57b6ad8b560acce50432b1e4553d
simple-5p-99,Simple,5,99,23,23,0,3,tempo,0,2,50,17,23,10,0,0,0,c2041dc979a77ca97221ec6a670ece2fa2d4aa837879ccd82204310304690076
simple-5p-100,Simple,5,100,25,25,1,2,perfect,0,0,50,17,26,7,1,0,0,07de12da556560cb277e2f40ee430fd53a3b3f0426883b7d161af51e292bbf30
simple-5p-101,Simple,5,101,23,23,0,2,tempo,0,2,51,18,24,9,1,4,0,53c0598207060fa0ccba1ac47a62594ccf57dae53d3ffa3e38a46b744e9fd077
simple-5p-102,Simple,5,102,21,21,0,1,needed_last_copy_lost,1,2,51,18,23,10,2,12,0,32f85fa88b609ec9684f9be09e134c018db285f0c189a03f07127deaf30c4abf
simple-5p-103,Simple,5,103,21,21,0,1,needed_last_copy_lost,1,3,52,19,23,10,2,14,0,bcfeaa10e49949fe838dc54d4d7da827dde18083df2c5332271fd8686ba9602e
simple-5p-104,Simple,5,104,22,22,0,1,tempo,0,3,51,18,24,9,2,6,0,039f7c3e86b0ecaa78ca80319b6730af2591b9366bb878fec7b004da47550308
simple-5p-105,Simple,5,105,24,24,0,2,tempo,0,1,51,18,25,8,1,7,0,c99dca0e8359b28621f51634052a139056a63dbd272c191806c2b839f1464dc8
simple-5p-106,Simple,5,106,23,23,0,3,tempo,0,2,50,17,23,10,0,0,0,c75ad90dc18271707ae8d31351f5c421e48ffe28bda0382be20e1cbb764f286b
simple-5p-107,Simple,5,107,25,25,1,2,perfect,0,0,49,16,26,7,1,3,0,2b6e9dc446ecee4b150d36ba89087f0ed7387da8dd422da261f2ac04ab285bbe
simple-5p-108,Simple,5,108,24,24,0,2,tempo,0,1,50,17,25,8,1,0,0,318f8e8d1c3a0e922ded146c493218518cfb2f572cbdb2f24c47fb24261722f4
simple-5p-109,Simple,5,109,21,21,0,1,tempo,0,4,52,19,23,10,2,10,0,157f558f9ff536c5846c8c74d2f590eae3b43a46a0e5c23b78b1b1298ef5c94b
simple-5p-110,Simple,5,110,24,24,0,1,tempo,0,1,50,17,26,7,2,4,0,982cd5bcb2429013963d24ed83b3d794aaf8ef1cc165b18c31ffdb12781dc941
simple-5p-111,Simple,5,111,23,23,0,2,tempo,0,2,51,18,24,9,1,0,0,32ae8cdaea0ee3c6930c20d6d2ed7ffb2dc34b0c28523ab3de5b5f772bb81d7e
simple-5p-112,Simple,5,112,21,21,0,1,tempo,0,4,50,18,23,9,2,2,0,9837333d881dff8a3e067c7ab0d704de6d55f1e95049263df312f1d9062aa414
simple-5p-113,Simple,5,113,25,25,1,3,perfect,0,0,45,15,25,5,0,2,0,f71c6f807d3c267724bece7b2bc9de19d7cfa4d64599c9cee748141d6231c4e1
simple-5p-114,Simple,5,114,20,20,0,1,tempo,0,4,54,21,22,11,2,8,0,e275745cc3f7d4cfce128b77751da088cace9b7315ad31c562679bfacffbeab1
simple-5p-115,Simple,5,115,22,22,0,1,needed_last_copy_lost,1,1,51,18,24,9,2,13,0,4a83233343361cd8856d5b9db764d017fd9245142789f9c588b6032f6d0cc749
simple-5p-116,Simple,5,116,25,25,1,3,perfect,0,0,48,16,25,7,0,3,0,6aba94d64fd22a012435f035aa5de9c98b78ba9946745909d0a8cc8f87d881a2
simple-5p-117,Simple,5,117,23,23,0,1,tempo,0,2,53,19,25,9,2,9,0,073502ce23a70d5afc854b065cff450c6da682f8e2a01f674f3e41185ce5b182
simple-5p-118,Simple,5,118,23,23,0,2,tempo,0,2,48,15,24,9,1,0,0,51ecb6ae3abed99eb535b0509aa59539bba4068d44db7644944b5e2cacf8c4c0
simple-5p-119,Simple,5,119,25,25,1,2,perfect,0,0,52,19,26,7,1,2,0,7ddb81872bbc6ed6d3704d3fcabf5bcf1f6a761bea5880e9d680b48473bc9411
simple-5p-120,Simple,5,120,25,25,1,2,perfect,0,0,51,18,26,7,1,8,0,8003ec521b34e4166dc95d6ac79215fd46cf94261b179476774f06c9045abfdf
simple-5p-121,Simple,5,121,25,25,1,2,perfect,0,0,51,18,26,7,1,9,0,f79f0a9a2e143ede97863c2c7056de00ea8506a21bd4233cc8c72d2bed90620b
simple-5p-122,Simple,5,122,24,24,0,2,tempo,0,1,49,15,25,9,1,0,0,3b9feb6233c1478e693a5fe6c6a8a9e4332f7c7fc57cca54d66136708c695c3c
simple-5p-123,Simple,5,123,23,23,0,1,tempo,0,2,52,19,25,8,2,10,0,5fc2d1918b263220f5163726cd39531604cc13f6f7733e69f81eb3f7a8931200
simple-5p-124,Simple,5,124,22,22,0,2,tempo,0,3,49,16,23,10,1,0,0,13e0b0fbbb8cee3926a1d6e340a8ed422f1a7a9b8ab3c48423ee8a3d47a0a040
simple-5p-125,Simple,5,125,25,25,1,2,perfect,0,0,51,18,26,7,1,14,0,de98a8d95ea23e83f05e85fab4237f3a1e2f52b2e7c0554cbe334caea4b914ba
simple-5p-126,Simple,5,126,25,25,1,2,perfect,0,0,46,14,26,6,1,3,0,83b17e0f74000659c8c2b6ce59104bf00746ffe14d1c9a9bcd2c4c2c9e9bb2f3
simple-5p-127,Simple,5,127,21,21,0,1,tempo,0,3,52,19,23,10,2,12,0,a59969e8c5fd6e14fd26c15ba03c4d68d7b23fd38512632d4ba0b8fe06498f12
simple-5p-128,Simple,5,128,22,22,0,2,tempo,0,1,50,17,23,10,1,0,0,0dbdb9ff06265dd8acf667423f73a120e2f6398e1e0924f187f7a0b57c3a73ae
simple-5p-129,Simple,5,129,23,23,0,1,tempo,0,1,51,18,25,8,2,8,0,9612f0eaccdf3d048165810918ba9552894925402ce9d729b9660e7b14d8e9a1
simple-5p-130,Simple,5,130,21,21,0,1,tempo,0,2,53,20,23,10,2,9,0,603dd690729bc6919e13e70ac6820c26230a1c308f881098ad7e05eff0a10e28
simple-5p-131,Simple,5,131,24,24,0,1,tempo,0,1,51,18,26,7,2,0,0,cf066cdd396ae156dcb73bf721d5417e6288b0482a19f33fac299dce6adcefa7
simple-5p-132,Simple,5,132,23,23,0,3,tempo,0,2,51,18,23,10,0,8,0,bd0c9ba80cd91a9209ca6249d637d8e75c1e23d619caa29d0e5eff01e4136e3d
simple-5p-133,Simple,5,133,23,23,0,2,tempo,0,1,52,19,24,9,1,0,0,f2ad165b0ba10c708d8f3c2fdcfcc915e39462a935cc445cc6e45ca43a485e4e
simple-5p-134,Simple,5,134,23,23,0,3,tempo,0,2,51,19,23,9,0,0,0,c7a71f7f723a0e39faf86e06d390c2d573c5216192ff785fa6aeba8c8dda364e
simple-5p-135,Simple,5,135,22,22,0,2,tempo,0,2,50,18,23,9,1,0,0,7fa136b39f5b240958c6b880891567196e5069a09e8a32557d6609efa9ea8936
simple-5p-136,Simple,5,136,24,24,0,3,needed_last_copy_lost,1,0,47,16,24,7,0,8,0,5bff8aac0914522a37eeed25a23a0022dc8b57458f24e7cee950d0b0ae7a1a78
simple-5p-137,Simple,5,137,22,22,0,1,tempo,0,2,52,19,24,9,2,1,0,f0ef9825ddb3f81c4114eb038f2cc6639d84e575a49c32b00f953d67096261f8
simple-5p-138,Simple,5,138,24,24,0,2,tempo,0,1,52,19,25,8,1,7,0,64597c12ba0709258b7751081e9609d09498e60ca58ca7c52a1ce12a534b71f1
simple-5p-139,Simple,5,139,22,22,0,1,tempo,0,2,52,19,24,9,2,10,0,1edddd49d0d3b1ac29d3c6786d3df96aa79567d6008b1de6f214ef5bb59e8aaa
simple-5p-140,Simple,5,140,24,24,0,2,tempo,0,1,50,17,25,8,1,0,0,0f0d5090477513daa7dc5090f2b8b4d8c837584f31b3161f8b57bcc97b7d159d
simple-5p-141,Simple,5,141,18,18,0,1,needed_last_copy_lost,1,3,53,20,20,13,2,18,0,8235c42eb00a4b06e5c42fccd732463c43cc82bb5a016c4c8da73de726ba0651
simple-5p-142,Simple,5,142,23,23,0,2,tempo,0,2,53,20,24,9,1,9,0,decd14c38bfbcc6d0985fc7309c5d362c5523951b40e34b274515f573a06d3bc
simple-5p-143,Simple,5,143,24,24,0,3,needed_last_copy_lost,1,0,45,15,24,6,0,6,0,052feceed29b4026c2aece1f0b95e03da27c0f4520a4b7dfae7294b6d33316d8
simple-5p-144,Simple,5,144,24,24,0,1,tempo,0,1,51,18,26,7,2,4,0,f4072b3dcb4512a16493ebbc30e0ff92f35f7de00cd163e732096a6cdd261c5d
simple-5p-145,Simple,5,145,24,24,0,3,needed_last_copy_lost,1,0,49,17,24,8,0,4,0,2445c51914f3bd29461c67a6d96855b83e159f0e3f8f942d6343fad7c21c4ba4
simple-5p-146,Simple,5,146,25,25,1,2,perfect,0,0,48,16,26,6,1,0,0,d0774eb8aa2eaed5354f2335aaf52bc441821387b26bd999bb055cbb53369dcd
simple-5p-147,Simple,5,147,24,24,0,3,tempo,0,1,50,17,24,9,0,7,0,dc8e2b33e0656eba2d5562c1493d566597481299681fc218c3defb8f89836f18
simple-5p-148,Simple,5,148,24,24,0,3,tempo,0,1,53,20,24,9,0,1,0,92339c72fcb07164bf17b864e7d8c7fb14e60110c3ea8e1b80fb21ce7963c5aa
simple-5p-149,Simple,5,149,22,22,0,3,tempo,0,3,51,18,22,11,0,0,0,dfd375763fd68c564f03be4e4a89e3904de1b3ee26f3586846d5e56a7b563051
simple-5p-150,Simple,5,150,25,25,1,3,perfect,0,0,49,17,25,7,0,0,0,8621ab8c45ab79ddef1b298b923a3e8c12ac10386ffb70e40559a894acc61e80
simple-5p-151,Simple,5,151,19,19,0,1,needed_last_copy_lost,1,3,53,20,21,12,2,9,0,e0d4dfd34b225ebeffab1fee6b5f3fc69a535222ca4764108e5db7901c0fe1ce
simple-5p-152,Simple,5,152,21,21,0,1,tempo,0,2,50,18,23,9,2,0,0,19576642d42bcca396014474b03414e11637187c92142a73eb0e4293f593e8df
simple-5p-153,Simple,5,153,21,21,0,3,needed_last_copy_lost,1,2,52,19,21,12,0,0,0,800a0ff337d622a7d787b5a4c4d43823f1dd9af9b8b6346c1f05fb5795b28786
simple-5p-154,Simple,5,154,24,24,0,2,tempo,0,1,51,18,25,8,1,10,0,26963fb23e8610cce0b95b7998c17450be5e161a9335d3ffd26fcf8761594e38
simple-5p-155,Simple,5,155,24,24,0,2,tempo,0,1,52,19,25,8,1,10,0,5b8b7397b0788c87a6e988d12048a77c1c65b1c468c956e700bdcda1cb99b169
simple-5p-156,Simple,5,156,24,24,0,3,tempo,0,1,49,17,24,8,0,0,0,78c30090aeae45074ca81ebc38744ca251fa14d2a2141df8cc2bf7a09cc18041
simple-5p-157,Simple,5,157,23,23,0,2,needed_last_copy_lost,1,1,51,17,24,10,1,5,0,384ba1129d7c8a9cb127f413996f3d97a7f7f63192b0877d51b297f2dc9f07d8
simple-5p-158,Simple,5,158,23,23,0,2,tempo,0,1,50,17,24,9,1,0,0,265d455fcde84295525aa956dca1940f2f03aa409fe78b5a424593ea6b8beb09
simple-5p-159,Simple,5,159,25,25,1,3,perfect,0,0,48,16,25,7,0,5,0,4e011ead4cccdc9a5f00d4fc7428579c29ac739e79decb2117e51b2cb2905a38
simple-5p-160,Simple,5,160,20,20,0,1,needed_last_copy_lost,1,2,52,19,22,11,2,5,0,b68767bfee00f4498531c3328b88b67331f2eb5bea0eebd2a2a640c8e75936d1
simple-5p-161,Simple,5,161,20,20,0,2,tempo,0,4,53,20,21,12,1,0,0,3f790a95907a9a828192d8ddd0e8a2f6415517a009a9dfa73cb014cb049a0c32
simple-5p-162,Simple,5,162,17,17,0,1,tempo,0,4,54,22,19,13,2,11,0,0b631784ebd9d2cefa5ca2e92b7b0b41606f2f14c3fe9ba51903063c8893a280
simple-5p-163,Simple,5,163,22,22,0,1,tempo,0,3,51,18,24,9,2,17,0,0e7f5fdf3dcdd5e074fcb6f205a18c8bafe57055b8ca20b127309d66d49cfb73
simple-5p-164,Simple,5,164,25,25,1,3,perfect,0,0,50,17,25,8,0,7,0,a509611c7cecf606f7782671561b8f96bb62d5f10656d1c7bf186f3ab2216ef2
simple-5p-165,Simple,5,165,20,20,0,1,tempo,0,3,52,19,22,11,2,3,0,140d45ffc4b4bbca12607fc21c4c0721829e1bbbab55a1009d749f38d74e8909
simple-5p-166,Simple,5,166,24,24,0,2,tempo,0,1,51,18,25,8,1,8,0,98514edc6cd00303bf8442c5c66b9b57265fbd9213b21d5a3de23bb8de93dc57
simple-5p-167,Simple,5,167,23,23,0,2,needed_last_copy_lost,1,0,48,17,24,7,1,7,0,24ec1a0a1ea3962576c5eb68b9e5bc919b49bc7bc44be0a968f6a849a3c45077
simple-5p-168,Simple,5,168,21,21,0,2,tempo,0,3,53,19,22,12,1,0,0,2712aa69440d21e741fa504b17923db82b3a7caf0b04007b76e47772d61a251f
simple-5p-169,Simple,5,169,24,24,0,2,tempo,0,1,50,17,25,8,1,0,0,46ec781e3d967599eabe30edbd15f12f8569e2fe0817c02373cd32c11ecde79d
simple-5p-170,Simple,5,170,25,25,1,3,perfect,0,0,49,17,25,7,0,0,0,6d0c2e40f055dab507d018695fc157aff58b167afc7b2a23fff6fa40e802ba6a
simple-5p-171,Simple,5,171,25,25,1,3,perfect,0,0,47,16,25,6,0,5,0,f01c0832061ca9748fb0865157f1cbce791cafdc875bbe02ebe7e081ce789ff8
simple-5p-172,Simple,5,172,24,24,0,2,tempo,0,1,49,16,25,8,1,12,0,f06c6068ba31dd6b0eda70da27c7413aa1ab3eddb61a9c7d79f75395f033097b
simple-5p-173,Simple,5,173,25,25,1,3,perfect,0,0,52,19,25,8,0,3,0,a5ad819d82837a0721568f03d560737ca1af4263406330861b6774e8f2554c04
simple-5p-174,Simple,5,174,20,20,0,1,needed_last_copy_lost,1,2,52,19,22,11,2,14,0,bd4157ef631efd36e3f6a4790593e4620bfb65ac2539ba29e0351cf5a71dacba
simple-5p-175,Simple,5,175,23,23,0,2,tempo,0,2,51,18,24,9,1,0,0,f0c9a73a45c3a44a54c31db647ca08c1757446518644dd85507c0aaf1616c0af
simple-5p-176,Simple,5,176,25,25,1,2,perfect,0,0,51,18,26,7,1,7,0,c5cebf30baf6bd47e437dd5d80461ae620cdb6683387f7ab703fe65736890f03
simple-5p-177,Simple,5,177,25,25,1,2,perfect,0,0,49,17,26,6,1,8,0,d33c10cc9bd349c63fc7efd2cbf367acc342553a21f992af716ad5d353678fd0
simple-5p-178,Simple,5,178,24,24,0,2,tempo,0,1,51,17,25,9,1,11,0,bb25b09926861c6105dca574356634db21f5cc56ed7891494c7f233d89f8406e
simple-5p-179,Simple,5,179,23,23,0,2,tempo,0,2,51,18,24,9,1,0,0,3326c265b5cf46b01a20b96a5ff46cc62173a28cf000995a6b04e813592c80b2
simple-5p-180,Simple,5,180,23,23,0,2,tempo,0,2,49,17,24,8,1,0,0,c68cfd4cb260701f9d963f5db5df918bbfc2ea817d61a69673d7824fb2adaeaa
simple-5p-181,Simple,5,181,23,23,0,1,tempo,0,2,52,19,25,8,2,2,0,8e57c8a2fa4a4d626c23c39f20abd691014fb730cf5d232e50cc3b7ec679fc5c
simple-5p-182,Simple,5,182,23,23,0,2,tempo,0,2,51,18,24,9,1,1,0,0bf98bf85a38300f52e8ae299ac17c732bab683f901c3d323e2b395c98dd7609
simple-5p-183,Simple,5,183,19,19,0,1,needed_last_copy_lost,1,5,54,21,21,12,2,20,0,e7f3e2a76498b2a6d8684707489ca4e77e852ab5397501296f0f4593fd323180
simple-5p-184,Simple,5,184,22,22,0,2,tempo,0,3,50,17,23,10,1,0,0,6295d44e22f02578c04fb1a179b10cd11d46252a3cd102a011538515857b7997
simple-5p-185,Simple,5,185,23,23,0,2,tempo,0,2,51,18,24,9,1,8,0,71d86af2f73faa99644571d06d8bf39715ce81aa4d412170a6dc290be167e1a3
simple-5p-186,Simple,5,186,25,25,1,2,perfect,0,0,50,17,26,7,1,9,0,06c9dc4836d55fac193c843e117e4fcdade50b1ac06fe068e1fce7ebbb1180c7
simple-5p-187,Simple,5,187,24,24,0,2,needed_last_copy_lost,1,0,48,16,25,7,1,7,0,a7f6260826050620db71016e50a9d43c6f1370663c06e915fdad25ddf0928258
simple-5p-188,Simple,5,188,20,20,0,1,tempo,0,4,53,19,22,12,2,6,0,39155ecb33d5dc113b453cfe146a502cfb7a3dd30c04cab053b4179d45a65653
simple-5p-189,Simple,5,189,21,21,0,1,tempo,0,4,51,18,23,10,2,14,0,8834b7290f2366191a21c0fa9c713af8a3d08b28328ffeb32a0d112b79c4a4db
simple-5p-190,Simple,5,190,22,22,0,2,tempo,0,2,54,21,23,10,1,6,0,94292ce46ac4b10ec4181756d9361dae652d043a21ac1c329a15c569d3e04c29
simple-5p-191,Simple,5,191,24,24,0,2,tempo,0,1,49,16,25,8,1,0,0,2495e93e4b29f2ee02d749b4b33a45c83dc3a7c9a869e8da2751bc83124a81a2
simple-5p-192,Simple,5,192,23,23,0,1,tempo,0,2,50,17,25,8,2,5,0,74728e1d244d2be8ed277790f9f2b7a80d4607f5c84dbc7feeac7c72acfea6fb
simple-5p-193,Simple,5,193,19,19,0,1,tempo,0,4,53,20,21,12,2,8,0,25d0987682286bd101bf795932d1725ac116c5c835c44c57da7f8fc8e6fa7506
simple-5p-194,Simple,5,194,23,23,0,1,tempo,0,2,52,19,25,8,2,11,0,2265a5e5d3076bbb7f1f8e6c44c200eec014a50f924c730d9f29212acc376f85
simple-5p-195,Simple,5,195,25,25,1,2,perfect,0,0,46,15,26,5,1,1,0,5f39670c1acb42c2688f682751a1bc2928dd68a79387fd3f16227570aef13da0
simple-5p-196,Simple,5,196,24,24,0,3,tempo,0,1,51,18,24,9,0,0,0,b5cd9025d5d9e28c1ef6e06fb5e1efb1cefd41b7158d3eb34bd672da9450b518
simple-5p-197,Simple,5,197,24,24,0,2,tempo,0,1,52,19,25,8,1,8,0,eadbde85938c7e266caf75db8da346fc9682e249222520931f6fdf12907f2c1f
simple-5p-198,Simple,5,198,25,25,1,2,perfect,0,0,50,18,26,6,1,10,0,459221c88f6c14963a6874bd02bbf11c5de17a950c60c947a5d6be177e5e9ff4
simple-5p-199,Simple,5,199,25,25,1,3,perfect,0,0,48,17,25,6,0,1,0,55cbe9aa431e32f875f144a5d2c698e81dc061f064af4667157204f01ba8f470
simple-5p-200,Simple,5,200,24,24,0,3,tempo,0,1,50,17,24,9,0,0,0,567c675328c78cb38d906b650952f5f404a99ec71c33e59c59f57f75905efc3a
simple-5p-201,Simple,5,201,23,23,0,2,tempo,0,2,51,18,24,9,1,5,0,63e1e313478991f5be0e3ac433e275ca062c62fb9d5dbe975fbf519ef051d948
simple-5p-202,Simple,5,202,23,23,0,3,tempo,0,2,51,18,23,10,0,0,0,47677e9157f70c6be822a92f1b67f3cd0e9b15ee4426a5c0d60632eb0241e36d
simple-5p-203,Simple,5,203,20,20,0,1,tempo,0,4,53,20,22,11,2,10,0,02ca4fc649b63dc16538ad2585cd2f65a75d68129015c8b4181079ef4e200fa1
simple-5p-204,Simple,5,204,24,24,0,3,tempo,0,1,51,17,24,10,0,0,0,46f547e3f97b25e33ef47d8be3f9ab1d5f39f1f5d6d16a8a53f7d9ed184edfb0
simple-5p-205,Simple,5,205,24,24,0,3,tempo,0,1,52,19,24,9,0,0,0,252685d29f72fa6d9abdfafc782d9c27ddeb79a2b58e7f98426b9cf8f2d17fcc
simple-5p-206,Simple,5,206,24,24,0,2,tempo,0,1,49,16,25,8,1,0,0,1ef1f280eeb3d460ab15bf73cdd080a0f9e4368027617591b3bcba58b61ef513
simple-5p-207,Simple,5,207,19,19,0,1,needed_last_copy_lost,1,4,54,21,21,12,2,17,0,90ad671c89be3ac6bb0cbd6f3b837f432c62d0658e080dffab0c6165818b75c4
simple-5p-208,Simple,5,208,19,19,0,1,needed_last_copy_lost,1,4,54,21,21,12,2,13,0,bd24f3314f8e943c5b0edac1f5f7aa4a084b569b224bb9a26ba4fe2aa1750ffa
simple-5p-209,Simple,5,209,20,20,0,1,tempo,0,4,50,18,22,10,2,0,0,3f5db94188475386a9b630d7d85743d113420aadde008b9df5a80c3729f377f9
simple-5p-210,Simple,5,210,21,21,0,3,tempo,0,3,52,20,21,11,0,0,0,b7d268addb91f16da8412f915c79f341aa3b5c88301b2164aa00f458eac3cbb3
simple-5p-211,Simple,5,211,22,22,0,1,tempo,0,2,49,16,24,9,2,0,0,be28f1596a885de911d6b0faed75094675781ad187db3702cb89f080c61fc3b8
simple-5p-212,Simple,5,212,24,24,0,2,tempo,0,1,51,18,25,8,1,2,0,edef5559487f7cd0bce48e67263310d91cebcab023a243c98cf9cbf6bad8a743
simple-5p-213,Simple,5,213,24,24,0,3,tempo,0,1,51,18,24,9,0,0,0,6bbf033d191adb5e573834d4e07e398defb488947edf1e5321c822d033af6a43
simple-5p-214,Simple,5,214,23,23,0,2,tempo,0,1,51,18,24,9,1,0,0,5102338da62b8bafbf1bbf5680f0dcd684a86219298325f8ecf118e34868a2cc
simple-5p-215,Simple,5,215,25,25,1,2,perfect,0,0,48,16,26,6,1,1,0,b92b06e462d270a3687db26a7df7271cf1e76f5f84b70e31c9e8dce9834075ef
simple-5p-216,Simple,5,216,25,25,1,3,perfect,0,0,51,18,25,8,0,0,0,45285f4542567af9879c8899a79e32fc6f3f66a0a7b1dc1d654ca37b5158a152
simple-5p-217,Simple,5,217,24,24,0,3,tempo,0,1,52,19,24,9,0,11,0,981e81decd5ad13e4d266e3085542e31e2d0e8660bd3c1bdf61e50c494191249
simple-5p-218,Simple,5,218,23,23,0,2,needed_last_copy_lost,1,1,52,19,24,9,1,12,0,b312c114c413c874ed395b065bc781cf902b5ae84f3d4615d1e5c01fb141e517
simple-5p-219,Simple,5,219,22,22,0,2,tempo,0,2,52,19,23,10,1,2,0,3199c1b8b4a7fd9e559a7fb6338211d1b11c2878b70874d889af4bace4fa382d
simple-5p-220,Simple,5,220,20,20,0,1,needed_last_copy_lost,1,3,53,20,22,11,2,19,0,3dca95904b30c0814b9924c9052f26007575a18e10f86e66c7ab9ed922b4db77
simple-5p-221,Simple,5,221,25,25,1,3,perfect,0,0,49,17,25,7,0,5,0,d744c0b5b0493e7bcc5ea4d85271224eea1b80a6c447881b3a8458e8ac6a6118
simple-5p-222,Simple,5,222,22,22,0,1,tempo,0,3,51,18,24,9,2,10,0,20c6221b473925053cbc1e3d7bfc11f7ed283de376d8f5740fb38c24b10ddd96
simple-5p-223,Simple,5,223,24,24,0,2,tempo,0,1,52,19,25,8,1,8,0,2a1be5ea38e30b005707d45d181c2410180c2302de1ba5fe055f87321ca877ba
simple-5p-224,Simple,5,224,22,22,0,2,tempo,0,3,52,19,23,10,1,7,0,2cc5cebe24eede8fefb1cd9d385768c1953dfe26f566df5198a040f505c56d87
simple-5p-225,Simple,5,225,25,25,1,3,perfect,0,0,47,17,25,5,0,6,0,f5b0b2cb048957e07c204e18d5aac3e020eea0430617a4fca5150fbe194df1c9
simple-5p-226,Simple,5,226,25,25,1,3,perfect,0,0,51,19,25,7,0,2,0,021b655e3803ce9af711fee8c8af041637a5e99594b4dcc084fe2cfbef16ad4d
simple-5p-227,Simple,5,227,22,22,0,2,tempo,0,3,50,18,23,9,1,0,0,5aa8ef57999c850804db5c95d2a7e06a4a4f068fe6f6ce3a9288157234565ab6
simple-5p-228,Simple,5,228,25,25,1,3,perfect,0,0,47,16,25,6,0,5,0,d58b5155906514f54da727925eb5a5c6b7ef78784354dabea4281aae6ff4fb61
simple-5p-229,Simple,5,229,19,19,0,1,tempo,0,4,54,21,21,12,2,8,0,8883c923b5c56d4a27e5e4a0d3cbb2b3172e9b976191b4e469ebaaa5ac690ba1
simple-5p-230,Simple,5,230,23,23,0,2,tempo,0,2,49,16,24,9,1,0,0,0de87e1ad6f945758584d78bdc0a623bcc067444c9eeca1225ba75c3baa7882e
simple-5p-231,Simple,5,231,24,24,0,3,tempo,0,1,51,17,24,10,0,0,0,8298a17100ed7c836f427a4ae4c10bf35a392fb4dd8a2db1d5669604970dd230
simple-5p-232,Simple,5,232,24,24,0,2,tempo,0,1,50,17,25,8,1,6,0,bf04bd92dd73f9fd4003b39c823301d0e92d34cd227f524c7024a288c50394fb
simple-5p-233,Simple,5,233,22,22,0,1,tempo,0,2,51,18,24,9,2,0,0,eebab909a0d8c6bbc184082a304d82a7d315ad9be7296b2ba099f49120bc28d5
simple-5p-234,Simple,5,234,23,23,0,2,tempo,0,2,51,19,24,8,1,2,0,63ab35f875c3039f595088a9cbdbedcd8887684eefa057a1392ceae50f229116
simple-5p-235,Simple,5,235,24,24,0,3,tempo,0,1,51,18,24,9,0,0,0,939ffadf9d01c0ff45d9dbde6229c24c1f8e22e50970ffee447677df4b1a662b
simple-5p-236,Simple,5,236,23,23,0,1,tempo,0,2,51,18,25,8,2,7,0,aa35963210720462d918ed44dfdb5a665f099a41f04c0cf5bebbafa532141dec
simple-5p-237,Simple,5,237,25,25,1,2,perfect,0,0,51,18,26,7,1,2,0,e470bd9c12ce5b092cb653dec1aa1096f6f117b17b1a33e078e547833ca66c29
simple-5p-238,Simple,5,238,25,25,1,1,perfect,0,0,51,18,27,6,2,6,0,f6be29176e1fc5ba557e5ab9ec3f0c7063a6c1718b22b7457ade99aeda9b76a6
simple-5p-239,Simple,5,239,23,23,0,2,tempo,0,2,48,15,24,9,1,0,0,3b50d5a65cd7bb2b713006071fa09d779533b7f01d1a6d3e616f7a3dd14d82fe
simple-5p-240,Simple,5,240,24,24,0,1,tempo,0,1,49,16,26,7,2,9,0,f713fc3336638b6418350fba8527caabd0939ff16bf42a74f3a0c361d07b4936
simple-5p-241,Simple,5,241,25,25,1,3,perfect,0,0,48,15,25,8,0,0,0,6c393b1f3f7b375c07b82b8dc5d44bd2650d8ac0a7bafcfcb7512de51d8d07f9
simple-5p-242,Simple,5,242,22,22,0,3,tempo,0,3,50,17,22,11,0,0,0,15b4cb7215c908ff015a9fd416ccd727d5cf5c67dd3fc500ab8b6403f907af91
simple-5p-243,Simple,5,243,23,23,0,2,tempo,0,2,50,17,24,9,1,0,0,88a9a8b8e92978f040773b920872ee789f04684c0e6c51ac65f4ea4aaeaef08c
simple-5p-244,Simple,5,244,24,24,0,2,tempo,0,1,50,17,25,8,1,3,0,d4f1972d223c0930223aca8bcec3e2b0c9f6ff12e1fe0cb9308fdd3f7453a1b5
simple-5p-245,Simple,5,245,24,24,0,3,tempo,0,1,50,17,24,9,0,8,0,cf9499bac809e79d87c022c928325ce316d9e4affcb9b3bcebd04ea1f53e0940
simple-5p-246,Simple,5,246,24,24,0,2,tempo,0,1,51,18,25,8,1,0,0,08bb56f42fb768e939475f63526fd72c54b6a9c3434d28ab1184c6fb73d3b2da
simple-5p-247,Simple,5,247,24,24,0,2,tempo,0,1,50,16,25,9,1,0,0,68f985fae4f7110046a18b172c25312445180f2492ee416e26102d25e4d4e7f8
simple-5p-248,Simple,5,248,23,23,0,2,tempo,0,1,50,17,24,9,1,1,0,06af237a7363bc6028455d039da809db630495542532227ac97fd17990b80174
simple-5p-249,Simple,5,249,23,23,0,1,tempo,0,2,51,18,25,8,2,13,0,6b4537f1cb1b13756b50a0a32ef2303e857c85b0c1b05533a8bbfaf7f03e9106
simple-5p-250,Simple,5,250,24,24,0,2,tempo,0,1,51,18,25,8,1,0,0,328b0a38411708e40ed689f938f4659b0a2b161c8f6cfa50a9d2be2548238662
simple-5p-251,Simple,5,251,22,22,0,1,needed_last_copy_lost,1,1,52,19,24,9,2,7,0,20362daf0663b389091f97cfd1075553a3982ae1dc76ad827b13873f0bb9eac5
simple-5p-252,Simple,5,252,22,22,0,1,tempo,0,3,50,18,24,8,2,15,0,e5efa59b6a46d4ff5ad6185a987829e643b9d2add646160c776fb5890b63edd0
simple-5p-253,Simple,5,253,23,23,0,2,needed_last_copy_lost,1,1,51,18,24,9,1,8,0,bb8e77d27863f5ab7b765a8579c0eb1f179ed4481db7d4a9d30f9efa904925d2
simple-5p-254,Simple,5,254,25,25,1,3,perfect,0,0,49,16,25,8,0,0,0,b49f657b726303ead4b7edd5f0de50502439620e5dbbcb2c3494273e86e16f23
simple-5p-255,Simple,5,255,23,23,0,2,tempo,0,2,48,16,24,8,1,0,0,5267a58ec704f71011e1d9d35ed020ca4e627d2db16f875c37dccdad9ec59159
simple-5p-256,Simple,5,256,21,21,0,1,needed_last_copy_lost,1,2,51,18,23,10,2,5,0,813d6984cb93908656333e896fd79d4a6b3c336bab8b1e4204416a84c651289e
simple-5p-257,Simple,5,257,24,24,0,2,tempo,0,1,51,18,25,8,1,2,0,afb88d4c39a7f92801b93a2ddf38eedfe5bae4c25c0c6c8d3259956df57cc6f2
simple-5p-258,Simple,5,258,22,22,0,2,tempo,0,3,50,17,23,10,1,0,0,7388c9aeaffd99412946e760927a178343577052b4bbc829545ffb9306a5b2d2
simple-5p-259,Simple,5,259,24,24,0,3,tempo,0,1,51,18,24,9,0,1,0,ee3791de6dee166ce48ff8d098d3c996988fd977a90cd73b4c717bb74e2d4d54
simple-5p-260,Simple,5,260,20,20,0,2,tempo,0,4,53,20,21,12,1,0,0,60b02034febe3edb03c9feb702d7f508c7466aebc339f5d01acf102d0baa93eb
simple-5p-261,Simple,5,261,20,20,0,1,tempo,0,3,54,21,22,11,2,15,0,ee01a19fe673fbc4a4d7f08950977934d183704cb4275ec462c7c029716a5a59
simple-5p-262,Simple,5,262,24,24,0,3,tempo,0,1,50,18,24,8,0,7,0,3b73d71c4e155de16e2665ac28b0cd906697bdcf78b1788db20f9bbf36ded5bb
simple-5p-263,Simple,5,263,22,22,0,1,tempo,0,3,51,18,24,9,2,11,0,cb946d507f5e32f5d32c922fc39f84763e937e8328ec10df329f7af60a202375
simple-5p-264,Simple,5,264,23,23,0,1,tempo,0,2,52,19,25,8,2,2,0,a5e21e154309b1ac9beacf026a84f751df7041453bf3a240eccf954f88a6ca8a
simple-5p-265,Simple,5,265,23,23,0,2,tempo,0,2,51,18,24,9,1,0,0,9c0f7e3cad28fcb9aa727f57439b7d5231fbf6346fb72862017f96ff0cd7224d
simple-5p-266,Simple,5,266,25,25,1,3,perfect,0,0,48,17,25,6,0,5,0,ac2d4aadc635a362a2c64de40ab5eab0cff4e3fa69eb45944ad052191a9cca38
simple-5p-267,Simple,5,267,22,22,0,2,tempo,0,3,50,17,23,10,1,0,0,e20dbefa6e20015e738ecc4f70a27190029329100a0ee2df3410b996212a2a20
simple-5p-268,Simple,5,268,25,25,1,2,perfect,0,0,50,17,26,7,1,4,0,4821239ff4d616704b557f189344b198da31232f9f8d241074a0823903a90750
simple-5p-269,Simple,5,269,25,25,1,3,perfect,0,0,50,18,25,7,0,4,0,6823241c4d8d9eafb834dbeb04bc2fd436538f2935d63d5d57c8f7fb284d6fb3
simple-5p-270,Simple,5,270,25,25,1,3,perfect,0,0,49,17,25,7,0,11,0,b89b2a18344ebb56e9aa81d8e8f79541906eee78fe698b77db3f382ac7b1eae2
simple-5p-271,Simple,5,271,24,24,0,3,needed_last_copy_lost,1,0,47,16,24,7,0,8,0,4f9e62c97f7aad3ca055efff7525aa290878a9e3f4be893a8eadbb21efc839f4
simple-5p-272,Simple,5,272,18,18,0,1,tempo,0,3,52,18,20,14,2,0,0,261da201b171d34181438cdf0d2eebdb434798ad3d25c2339485fbc2ace1bef7
simple-5p-273,Simple,5,273,24,24,0,2,needed_last_copy_lost,1,0,51,18,25,8,1,13,0,db184b7e2154ff46210bda918fc93a020fb57eb1924fd81bbec7c8870c708231
simple-5p-274,Simple,5,274,25,25,1,2,perfect,0,0,48,15,26,7,1,0,0,3015fcd8710c1bff8593e695ae302e515357078ecefa8c846e3e96318000d8af
simple-5p-275,Simple,5,275,22,22,0,3,tempo,0,3,50,18,22,10,0,0,0,1488c551b0523d0c7363493d80a4a751619085b086da36118a847a4301d719b5
simple-5p-276,Simple,5,276,22,22,0,1,tempo,0,2,52,19,24,9,2,6,0,a7e173c0aec1830d06c82d178aec0bdef61200d1b21d51b3d6f96c617ce2b043
simple-5p-277,Simple,5,277,24,24,0,2,tempo,0,1,52,19,25,8,1,0,0,0415843e972a5e8cdbe85bd1c38aa208a2b8f885b97641c3732a449b7d8d936d
simple-5p-278,Simple,5,278,23,23,0,1,tempo,0,2,52,19,25,8,2,10,0,bbe45e86140dc98253ad4126b1585355e22d251b8bc3f1baeb5ca590137ce2e4
simple-5p-279,Simple,5,279,22,22,0,2,tempo,0,3,50,17,23,10,1,0,0,30e961668405166a80228b89b16557c58cd2a30791224c8b99373597d1a7b49a
simple-5p-280,Simple,5,280,24,24,0,2,tempo,0,1,53,19,25,9,1,2,0,180d200f75455c1940ade9ad8efa472e84b4c79ed986ac7489f5000a04e33a82
simple-5p-281,Simple,5,281,22,22,0,1,tempo,0,2,51,19,24,8,2,16,0,c6d5a07179c9403a653f9ac4a9a477a616f4f1067dbd17be988b213f23318493
simple-5p-282,Simple,5,282,24,24,0,2,tempo,0,1,50,17,25,8,1,0,0,2a492debd21928f812a7675a3b07816c51da929dd17f5a545b016b743f7dc2fd
simple-5p-283,Simple,5,283,23,23,0,2,tempo,0,2,48,15,24,9,1,0,0,cb3e076a702b6456a4a52d3a6515a1f91a12fc467b48d71ca65d15ad5a906fc0
simple-5p-284,Simple,5,284,25,25,1,2,perfect,0,0,48,16,26,6,1,2,0,18310aecd435c80a3f0f836559c039157d30558be680fbfa7d878faa405c77da
simple-5p-285,Simple,5,285,24,24,0,2,tempo,0,1,50,17,25,8,1,0,0,708b881a4e08adeba425de51703dd85636c45322de1636fdefbf32f7e24a6326
simple-5p-286,Simple,5,286,24,24,0,3,tempo,0,1,50,17,24,9,0,0,0,00654649038d3556eef432535ae115294eb0c8ce70005fef69f782ba5532df19
simple-5p-287,Simple,5,287,25,25,1,2,perfect,0,0,49,17,26,6,1,4,0,e3daf244be1a20c841208ae4a3316eb14ae5cd01a35bb83df2d6a4ba255c88bf
simple-5p-288,Simple,5,288,20,20,0,1,tempo,0,3,52,20,22,10,2,5,0,a558c4eef6568d63d4d5dc5008251b0de6c5a42c9976dec598c4d4829c123ef1
simple-5p-289,Simple,5,289,25,25,1,3,perfect,0,0,42,14,25,3,0,5,0,7a215d4726cc8954954998ece82a82505783a22f1099d55aea31ff263b475913
simple-5p-290,Simple,5,290,25,25,1,2,perfect,0,0,48,16,26,6,1,0,0,5bd9a45a950c0825a44a1f4c156f0a3fef82ddd6c827c7cb7d4b8ded88919465
simple-5p-291,Simple,5,291,24,24,0,2,tempo,0,1,52,19,25,8,1,11,0,62e2fa891e5afec8d048c9998164ce77c2da1671aac853d638bb716d30ebbb5f
simple-5p-292,Simple,5,292,25,25,1,2,perfect,0,0,50,17,26,7,1,5,0,eebf52906f9c265f3737453bd7595fdd2a39f3b4133b45a49b7332771cccd92e
simple-5p-293,Simple,5,293,24,24,0,3,tempo,0,1,52,19,24,9,0,1,0,d87e414b2586f0a6d720ec93efeaa0b6a46e4d6146e17e2238d8587c02847b0c
simple-5p-294,Simple,5,294,20,20,0,1,tempo,0,2,52,19,22,11,2,0,0,686e7244c07df7754b4fda4a613a22e712fb2f436643e4cc04f2d38e54e80fc4
simple-5p-295,Simple,5,295,24,24,0,3,tempo,0,1,49,16,24,9,0,0,0,7619118782082a50d51e157357a86caa76f30b7a6f42b151962158bc2da46d41
simple-5p-296,Simple,5,296,24,24,0,2,tempo,0,1,52,19,25,8,1,10,0,cc8724ec128f295d49ec7e4c40472c6a95c2f5c790f9cdd5025640ae2983f526
simple-5p-297,Simple,5,297,23,23,0,2,tempo,0,2,51,18,24,9,1,0,0,b48a9a215fb2686a2b6e31236aa30b698980840e7ca27fd1e513537a9ff68493
simple-5p-298,Simple,5,298,24,24,0,1,tempo,0,1,51,18,26,7,2,9,0,dffcdfb1bf435db8a42d69f1ca2a8a99aebe0f13b337c628d70b10e6ec7ca508
simple-5p-299,Simple,5,299,24,24,0,3,tempo,0,1,51,18,24,9,0,5,0,beb48d406a0dfcce9fc700f43b6f998b4944f6386961d871a987cac646b45bfb
simple-5p-300,Simple,5,300,22,22,0,1,tempo,0,3,52,19,24,9,2,15,0,3b570a809445369b9d9310d09b48b1ff1f650927d2a84ce478f57fbc4bd4c3b8
simple-5p-301,Simple,5,301,20,20,0,2,tempo,0,4,51,18,21,12,1,0,0,679b4b4c602ff027ba93a45f7f5fedf1e660deb489a7e0fd8770fc2facf43537
simple-5p-302,Simple,5,302,23,23,0,3,tempo,0,2,49,16,23,10,0,0,0,d6c5f2f62f79668531e9177beddad267f85657bb55e2538cbe268518c2519576
simple-5p-303,Simple,5,303,24,24,0,2,tempo,0,1,50,18,25,7,1,1,0,97c87cdaf01947677207119e82fce6e034363a7fc380d4e133c14f46d8157e98
simple-5p-304,Simple,5,304,20,20,0,1,needed_last_copy_lost,1,3,53,20,22,11,2,13,0,4a4ea86b67bb22902971be5ed42f45652f433e3068fbb54d3f7924f8b528691d
simple-5p-305,Simple,5,305,21,21,0,2,tempo,0,1,52,19,22,11,1,0,0,c4598bef1bc5f060157af038eb0bd1f534470728ccdd61ac8c63af0970e24fa1
simple-5p-306,Simple,5,306,24,24,0,3,tempo,0,1,50,17,24,9,0,5,0,e7ff006adaa28b1dab1df21b536023536926b187e9fc8090256c22e150c123da
simple-5p-307,Simple,5,307,24,24,0,1,tempo,0,1,50,18,26,6,2,1,0,409badc4f900827e485ac471061ad3233808c385b8b54c43c9c9621096f4ed04
simple-5p-308,Simple,5,308,23,23,0,3,tempo,0,2,53,20,23,10,0,2,0,444c6e50c6cdee4351bb1584ff226ba81831497dcf60c72597fa483e9b30669d
simple-5p-309,Simple,5,309,22,22,0,1,tempo,0,3,53,20,24,9,2,5,0,87c207f9f3b01690823e314708cd5a6f4e8808932442ba3f16ca9f6b25ccd4f9
simple-5p-310,Simple,5,310,25,25,1,3,perfect,0,0,47,16,25,6,0,5,0,485c01ce8113761652407903855f308ab024a89d0c7e8d4cb9aeb6612c839b9b
simple-5p-311,Simple,5,311,25,25,1,3,perfect,0,0,50,18,25,7,0,9,0,def85d74db5092b0f8a7cf59abdca587765a69e55bc5ee98dce0fdab448fec12
simple-5p-312,Simple,5,312,24,24,0,2,tempo,0,1,52,19,25,8,1,10,0,97ca6eb1475a42812ff4808010e3dc2b62478fbfb5c0f0477ba3c097c9888a8f
simple-5p-313,Simple,5,313,24,24,0,1,tempo,0,1,51,18,26,7,2,3,0,1405986489a7c28726f3ae43f220ac40407e10a6940646aab497fe499fa956af
simple-5p-314,Simple,5,314,22,22,0,1,tempo,0,3,52,19,24,9,2,8,0,41bb858e9b8adf6fb27e378c1236c4913da9cbb9caca3bedfe488ef3cc3c8d2e
simple-5p-315,Simple,5,315,22,22,0,3,tempo,0,2,50,18,22,10,0,0,0,abfe33856ee2e5c7d39849ca27509ba40f37f62584bc07047232f7d4335a8545
simple-5p-316,Simple,5,316,22,22,0,1,needed_last_copy_lost,1,2,52,19,24,9,2,3,0,1f76241f42597bfa5792f8ac3be8f14ed988641eeb3404e8cc0fe3a19cffccbe
simple-5p-317,Simple,5,317,24,24,0,3,tempo,0,1,52,19,24,9,0,8,0,2ac395c52146c46917ccb81c9500eb7704616a321a86f6055114252147a7e4c9
simple-5p-318,Simple,5,318,25,25,1,2,perfect,0,0,50,16,26,8,1,3,0,2ef1762710c262d40adb86df010eb4323fecc57331f1b99e59a872d468c1d9ca
simple-5p-319,Simple,5,319,19,19,0,1,tempo,0,5,51,19,21,11,2,0,0,de06db24053f30466f9b06a7642e20a049ecd89e4ccba384da9863e7f7289a37
simple-5p-320,Simple,5,320,24,24,0,2,tempo,0,1,50,18,25,7,1,4,0,988b8b207734e441d4fd04c49c3a188aab4fdea368e13969c66b216ca3808504
simple-5p-321,Simple,5,321,25,25,1,3,perfect,0,0,47,16,25,6,0,9,0,9d94dda8d38697fc6583e75a7957ad88730cec5c9f34c493fd83877623bc02e9
simple-5p-322,Simple,5,322,19,19,0,1,needed_last_copy_lost,1,4,52,20,21,11,2,19,0,9922dbc928f68d06aa10cd54cc5e5d46cef978d99b6dc71001c3dfaf9f87ba44
simple-5p-323,Simple,5,323,24,24,0,2,tempo,0,1,50,17,25,8,1,5,0,a00ce05139524693798d5ffb82ecf6277595b2dbb219015db898d8ef40c91da0
simple-5p-324,Simple,5,324,24,24,0,2,needed_last_copy_lost,1,0,49,17,25,7,1,7,0,510f054f412e700a82143c48e915f824eef45576bfa9943504d3acce328e033f
simple-5p-325,Simple,5,325,21,21,0,1,tempo,0,4,53,20,23,10,2,1,0,64b0c2b8fc56dc397405b603088db16cd731a6e519840ef7fe318872b2ec7084
simple-5p-326,Simple,5,326,23,23,0,1,tempo,0,2,50,17,25,8,2,10,0,e422155604d93192edecfe0b122c6032b9191a66fb7ca11c1823a47cd83aa2e1
simple-5p-327,Simple,5,327,21,21,0,2,tempo,0,3,51,18,22,11,1,0,0,ecf428af25ad7024f384c0e8e772c98e4fbd5dbd629d4fc1cc49d6129a59d34f
simple-5p-328,Simple,5,328,24,24,0,2,tempo,0,1,52,18,25,9,1,0,0,c215c022cc3305a7a95e68a9881df38a1c3bea96b88bba3577abc69856bbda25
simple-5p-329,Simple,5,329,25,25,1,3,perfect,0,0,50,18,25,7,0,5,0,bac1cae9359f8a1b5522153c769f6f89d47e3bd20e5846793f2fff209e421dcb
simple-5p-330,Simple,5,330,22,22,0,2,tempo,0,2,53,19,23,11,1,10,0,483374d0a6a543d809b117c98afbfc6c9c7918a317f55476ad909c93c1fb5ff6
simple-5p-331,Simple,5,331,24,24,0,3,needed_last_copy_lost,1,0,44,15,24,5,0,5,0,b40be64fea30e1c16ff9d402f528b7ee9a799b1e2394d27778ca581998fa8a50
simple-5p-332,Simple,5,332,22,22,0,2,tempo,0,2,52,19,23,10,1,0,0,a657822d4c6b1ad0c7aea2d169c8c5c60b67461593e7629d7f3c28d7a86c8cdd
simple-5p-333,Simple,5,333,24,24,0,3,tempo,0,1,52,19,24,9,0,9,0,b765053aabf85611914e3c3852b218ef888308edaa23f3f2dca9ffff947057bb
simple-5p-334,Simple,5,334,20,20,0,1,tempo,0,3,52,20,22,10,2,3,0,87b1de18f086b9f8a2f5745ed87f4c008788806b73cd71305056b3820eb5d774
simple-5p-335,Simple,5,335,24,24,0,3,tempo,0,1,52,19,24,9,0,5,0,50545448a7908cebe0f8c4e99db9ef1b6ceaa9e0627e7ca4a96ca4f415449e5b
simple-5p-336,Simple,5,336,25,25,1,2,perfect,0,0,48,16,26,6,1,4,0,9debf34fe27e2f4d76fc001b0e52b397f9556a8ac876b13b69bc22ef7a2c5c85
simple-5p-337,Simple,5,337,24,24,0,3,tempo,0,1,48,16,24,8,0,0,0,dad36dc22df867651799380dc53145d912fa52a171e5cc4abd691d936c60dc56
simple-5p-338,Simple,5,338,18,18,0,1,needed_last_copy_lost,1,3,54,22,20,12,2,8,0,d0fc0f60bcc4b3fe9e646b0b551843b377e43d33c2e8c2ff77e94d5c515d1dc6
simple-5p-339,Simple,5,339,22,22,0,2,tempo,0,1,52,19,23,10,1,1,0,4348c4b5257e45149af4496edc37934a9e91641dbed8c7e75708bfc638a205eb
simple-5p-340,Simple,5,340,23,23,0,1,tempo,0,2,49,17,25,7,2,0,0,5039d2d76ed68cfec6da3b479cdd32eb7ce8f540dfe0edf550bb9e9c229ebef4
simple-5p-341,Simple,5,341,24,24,0,3,tempo,0,1,53,20,24,9,0,4,0,54264c11a6da766c619a07cdc5b2a1cbac5e0a4803b2810ccbdba3150a7581ed
simple-5p-342,Simple,5,342,21,21,0,1,tempo,0,3,53,20,23,10,2,7,0,a20c6d7e34b98b6f925d0cd0c6c13f669e706d8023b00ec2f672315de6790411
simple-5p-343,Simple,5,343,25,25,1,2,perfect,0,0,49,16,26,7,1,3,0,d62d21e768ede709cab873e21e0cac83460a03bf35993b4f5a67dbe1b0f008a1
simple-5p-344,Simple,5,344,21,21,0,1,tempo,0,2,52,19,23,10,2,6,0,e077ce20f2a1899532477301e8d1cfd6f96e82f81c9a5820d54443b15d7b0911
simple-5p-345,Simple,5,345,25,25,1,3,perfect,0,0,49,15,25,9,0,0,0,b10231be610603e1d57cf153ac97387f387ce82a019d2f57adec6e5fdbdb5900
simple-5p-346,Simple,5,346,22,22,0,1,tempo,0,2,53,20,24,9,2,8,0,58e78c027ecf7fb1a08ca6c1e12c8bc1af11b4512e85ba19bef8f4a00a6995d6
simple-5p-347,Simple,5,347,21,21,0,1,tempo,0,3,52,19,23,10,2,8,0,51b6fd0511a0848c7a2b778496c4a099c082096192b21e4effb4dcb3f9426e0f
simple-5p-348,Simple,5,348,21,21,0,1,tempo,0,2,53,20,23,10,2,12,0,330e8f0214dd04cfbf8caa0f6756c5de195dd71e8b618d70b32cff03ed186c7f
simple-5p-349,Simple,5,349,25,25,1,3,perfect,0,0,52,19,25,8,0,8,0,f86e57dabff44c2d8da951209ecfc4b4d5c2c3b9a478baeadb4473b7a0290af8
simple-5p-350,Simple,5,350,25,25,1,3,perfect,0,0,44,14,25,5,0,0,0,156d7c6d6d531fd78727c607f0e7dd3246c909d8a71caff4f878e6e6597a9cbb
simple-5p-351,Simple,5,351,25,25,1,3,perfect,0,0,50,17,25,8,0,2,0,3ff1adf0d726e4791676c10ab9fc3ef5035355e99bd5c63acf0429d14c80371a
simple-5p-352,Simple,5,352,25,25,1,2,perfect,0,0,49,17,26,6,1,9,0,a9bcc75a202b59763dd1022d63f693f166ddb7d96e8684afb27108832255089c
simple-5p-353,Simple,5,353,23,23,0,2,tempo,0,1,50,16,24,10,1,0,0,d07e643d567fd6b37d66675305303300b37d2a5c294c1aa1ff3738f0a00875b4
simple-5p-354,Simple,5,354,20,20,0,1,tempo,0,4,53,20,22,11,2,7,0,e53d2d50a7a5ec863b2c3d63622a3c988eeaa9dde2b78078af854014e91a4992
simple-5p-355,Simple,5,355,25,25,1,3,perfect,0,0,47,16,25,6,0,7,0,e4c4048682b34efc8fca2e6274f2ebc4c558d922ab18912529849d5870fbf9e8
simple-5p-356,Simple,5,356,25,25,1,3,perfect,0,0,45,15,25,5,0,0,0,a26685819d5b201071d415bb7488094eb4da12d9bef1ad54dd153e103aa855c2
simple-5p-357,Simple,5,357,24,24,0,2,tempo,0,1,49,16,25,8,1,0,0,78d7582a2aab62811479bf07b7795453c49fe90d7bd6dfc169bc5b16e88e6b68
simple-5p-358,Simple,5,358,18,18,0,1,tempo,0,4,55,22,20,13,2,17,0,1414115d1299845b6594c37ee2739a3568691910d44ab6d17027a50e83753ec5
simple-5p-359,Simple,5,359,24,24,0,2,tempo,0,1,50,17,25,8,1,0,0,52e97931d3d21e81aa8314298ac307ded953134fdc1d3e245ba141e01d4f9446
simple-5p-360,Simple,5,360,23,23,0,1,tempo,0,2,50,17,25,8,2,9,0,bab6614c5e6472a43119eac7c425be6e54c41bc07488434d6c858939aa55424c
simple-5p-361,Simple,5,361,20,20,0,1,tempo,0,5,52,19,22,11,2,20,0,78447ccf870f22d7732495fd72f02aae99b3b57d02144d3b9b483ee86ba57ddf
simple-5p-362,Simple,5,362,25,25,1,3,perfect,0,0,50,17,25,8,0,6,0,038a1425badfbbde13c22c402bbea7a1795a769052321a63d8423d685e65251d
simple-5p-363,Simple,5,363,22,22,0,1,tempo,0,3,49,16,24,9,2,0,0,32535a9c0846873ed919e7968d77b8411fe21e1fab56dc5c9ad406ed47f6efdb
simple-5p-364,Simple,5,364,22,22,0,2,tempo,0,3,52,19,23,10,1,11,0,eb640dd973320aae26fc789d6432fc34604d70f10683c8d88817f0006cd3ee04
simple-5p-365,Simple,5,365,24,24,0,2,needed_last_copy_lost,1,0,51,18,25,8,1,8,0,748aac55bdc56a8109073fe0c534b224eb8610d0dbea182eeb7f1e82f3f59ba7
simple-5p-366,Simple,5,366,24,24,0,2,needed_last_copy_lost,1,0,48,16,25,7,1,9,0,661a3ba83e0e16f37ef0fdfcdf2edfb1135afcd3d6fc3137466e8d631a34822d
simple-5p-367,Simple,5,367,18,18,0,1,needed_last_copy_lost,1,3,55,22,20,13,2,8,0,851adaab0a31caed40d8dec5240a72a3794f5113a59e907d0a161ea9e5f06382
simple-5p-368,Simple,5,368,25,25,1,3,perfect,0,0,50,17,25,8,0,8,0,ad8932d16de34a66f2eaaae9b079a9b3a10749de5c4490fa9b60375bd45140e7
simple-5p-369,Simple,5,369,22,22,0,1,needed_last_copy_lost,1,1,50,17,24,9,2,8,0,600009b8139800c84173fa769c33fd9b6bbf974e60b29235aac37e02ecb88247
simple-5p-370,Simple,5,370,25,25,1,3,perfect,0,0,46,15,25,6,0,0,0,52d60dcc35ba7044408866dc7d0a55b12a95e16ec6b685e6eb3b1e2faed184f4
simple-5p-371,Simple,5,371,24,24,0,1,tempo,0,1,50,17,26,7,2,1,0,7c1eb9c42382f0c4d139c91f8b97e3119ba63f1848ddf81ce4d9976d658d8274
simple-5p-372,Simple,5,372,25,25,1,2,perfect,0,0,48,16,26,6,1,0,0,16fc962839b4d14e85a30fc3d1d8d4e10bca4a980ff6d1a45c656fdb11b5449b
simple-5p-373,Simple,5,373,25,25,1,2,perfect,0,0,47,16,26,5,1,13,0,47474412e7b8db8cfa4d6dbc6c9944837982a57257b780055a9722704d4a5f7a
simple-5p-374,Simple,5,374,21,21,0,1,tempo,0,3,52,19,23,10,2,5,0,f53bd6dbf85b761f77ebb9cab3750e56084733e6b5e10227fff6920ff2c10151
simple-5p-375,Simple,5,375,19,19,0,1,needed_last_copy_lost,1,3,55,22,21,12,2,9,0,c7f80c16436b49a9fc05ae7ea846b4cc6100f08f370eaaba26ae24ef4b344c57
simple-5p-376,Simple,5,376,25,25,1,2,perfect,0,0,46,16,26,4,1,6,0,25f6a8fbc4e1a94fee71f2a0593223689cbbbde9000ce63d28849992eb86828c
simple-5p-377,Simple,5,377,18,18,0,1,tempo,0,4,55,22,20,13,2,1,0,6305a9e3053a2e90814e988f30ce4219e68e924a505185704b513da4b5cd8114
simple-5p-378,Simple,5,378,23,23,0,1,tempo,0,2,50,18,25,7,2,12,0,6e2ff5a06315dc309d3955e4fa66b33317f8a3cc9cffaca7b07513341182de19
simple-5p-379,Simple,5,379,25,25,1,2,perfect,0,0,48,17,26,5,1,8,0,e27083bcde59d55c9074d68b26bd2afd828368e302280dde0a0fdbd6ea946a52
simple-5p-380,Simple,5,380,24,24,0,2,tempo,0,1,50,18,25,7,1,10,0,8216472df23d98c00b9f2e445b4021200496ed72a252343267e45870c140a794
simple-5p-381,Simple,5,381,24,24,0,1,tempo,0,1,51,18,26,7,2,12,0,41ae195cc1ffd021a7e3d07deac2e0585a95add91d219159051ca8237593675f
simple-5p-382,Simple,5,382,25,25,1,2,perfect,0,0,49,17,26,6,1,0,0,03f8f3a92d9a9a5d96ca281f7ba9cd90254b474eac5bc19ec94bdb232a972cfc
simple-5p-383,Simple,5,383,25,25,1,2,perfect,0,0,48,16,26,6,1,5,0,0ac7abfc3763d19fc01c8ae6776604f00d6a06e03f3eda2e301b64526fcf9586
simple-5p-384,Simple,5,384,22,22,0,3,tempo,0,2,50,17,22,11,0,0,0,9bccc57753951c6a5ab7b26bd4cf03045c3afbbe661c767a6553b78cdd6de42d
simple-5p-385,Simple,5,385,24,24,0,3,tempo,0,1,49,17,24,8,0,0,0,b041ec7011a37b045e18d2765d10cc72e50679af32e6310e375e824207384815
simple-5p-386,Simple,5,386,19,19,0,1,needed_last_copy_lost,1,4,54,21,21,12,2,14,0,6afffc77085dafc3975105555556aee34beb8cb824ef00d8473db156fa72e273
simple-5p-387,Simple,5,387,23,23,0,1,needed_last_copy_lost,1,1,51,18,25,8,2,7,0,c5b43f7e003c6b8db19fd8ccf1fcf6415951485853e12879317097243602c649
simple-5p-388,Simple,5,388,25,25,1,2,perfect,0,0,46,15,26,5,1,1,0,a32f81c1eedf398b761286f580c90dd33ea3e8c3aadf30692f975be9e812b016
simple-5p-389,Simple,5,389,23,23,0,1,needed_last_copy_lost,1,1,51,18,25,8,2,8,0,113d8a17a5201721560b10bd44e5aaf0e3c958ded368f8ebe452c7c1250838a4
simple-5p-390,Simple,5,390,22,22,0,1,tempo,0,3,52,19,24,9,2,11,0,3d2537136300c53d65d420e91909bf8af566bd544278a0fc2237cbf81af2ddac
simple-5p-391,Simple,5,391,25,25,1,2,perfect,0,0,50,18,26,6,1,10,0,fdf9eaddbc6a4868f599f0c5c016632fc1f7916186eb4c15bdd1e49034c21d23
simple-5p-392,Simple,5,392,20,20,0,1,needed_last_copy_lost,1,3,52,19,22,11,2,10,0,cf39847304859f4638cc07285d302daf90b9987f98472b2a76ad42fee6994c00
simple-5p-393,Simple,5,393,23,23,0,1,tempo,0,2,50,17,25,8,2,0,0,c63cdd607eff1f70738ffef56ca66729d666b626a3dd64306e2d3edfe24bdd01
simple-5p-394,Simple,5,394,22,22,0,1,needed_last_copy_lost,1,1,51,18,24,9,2,7,0,f43ccb70490f124868e2cf7eadd01c69abf84ea4dc808448a7585b0d2379a8fc
simple-5p-395,Simple,5,395,25,25,1,2,perfect,0,0,48,15,26,7,1,0,0,14d6450ac9d167e789ad30389fc71cff986a1a4a8b9f4c701be2a8dddc79aa34
simple-5p-396,Simple,5,396,22,22,0,1,tempo,0,2,52,20,24,8,2,7,0,3862fa5c58f2ddb5ddbb4079c0e08f4b977d899707f174ff4b2c96d02cdc9f52
simple-5p-397,Simple,5,397,25,25,1,3,perfect,0,0,46,16,25,5,0,4,0,2761144bae4425cfb5ce83ef403577c775b07f97132eca8ed255a814d7a83d82
simple-5p-398,Simple,5,398,21,21,0,1,needed_last_copy_lost,1,3,53,20,23,10,2,17,0,b0562d285533fbf5bf6c7b7539a59a98f8a979251e43072f0c3a5e56f62c9c66
simple-5p-399,Simple,5,399,24,24,0,3,tempo,0,1,50,17,24,9,0,0,0,80dd9c8bfb8592c406de846f74275d8b0673b3f91f605050d8f6bed464278e45
simple-5p-400,Simple,5,400,22,22,0,1,tempo,0,3,53,20,24,9,2,9,0,e080374fedb15d43cadecaf72e384b237c4f6d4788b81620af65115933702e2f
simple-5p-401,Simple,5,401,23,23,0,2,tempo,0,2,49,16,24,9,1,0,0,62acd9eda5b7f525dce6542bbc8ad442a92a2a909c49d5a65da5ca24b97e64f4
simple-5p-402,Simple,5,402,22,22,0,1,tempo,0,2,52,19,24,9,2,3,0,3cb8ec518e571b05838025668ca0fc3363949a71c0e316ca49ce98e3e0e1fd5e
simple-5p-403,Simple,5,403,21,21,0,1,tempo,0,3,52,19,23,10,2,11,0,8e81ec886ef8b740e413d649c66da98e03f5bae14f943f2be05585c3833f7faf
simple-5p-404,Simple,5,404,24,24,0,2,tempo,0,1,50,17,25,8,1,0,0,d061674ba8c9996999d176d33573cd3378389dfc2e5b8bdde2fb79b02cb95e7a
simple-5p-405,Simple,5,405,21,21,0,1,needed_last_copy_lost,1,2,54,21,23,10,2,18,0,aab8b7bcdcc429e42048289e1351071be71934112ed664ac530b99e3ecad3471
simple-5p-406,Simple,5,406,21,21,0,1,tempo,0,4,52,18,23,11,2,12,0,67cf280c1820a42c5e24c99ce8eb9d8dd4e6c7911f19f917ede280a26ae761a0
simple-5p-407,Simple,5,407,24,24,0,2,tempo,0,1,52,19,25,8,1,8,0,9c8dea94ef0683fc22e6a54f103ecc29307b02469bb1cf4fa4c3f3ca11f2514f
simple-5p-408,Simple,5,408,19,19,0,1,tempo,0,5,54,21,21,12,2,13,0,5c09da9a5793baeab9b167659e8be9fdd93801d11b5b425c37e11dfb30cc4b45
simple-5p-409,Simple,5,409,25,25,1,3,perfect,0,0,51,18,25,8,0,5,0,213212cbb45861d60fc4e5e7fb845b86db983f7103d58a73ffb3aae7ca7e3265
simple-5p-410,Simple,5,410,24,24,0,2,tempo,0,1,51,17,25,9,1,4,0,20b3390d3aebb148e6ffc1aaa09cd095fa46a08ad3cd6c9827b9a060931e1f6f
simple-5p-411,Simple,5,411,23,23,0,1,tempo,0,2,51,18,25,8,2,9,0,6c1208f676d95eeefec38de4b9e34e858e52959d8ac9fd16d71ba629222a56cb
simple-5p-412,Simple,5,412,23,23,0,2,tempo,0,2,51,19,24,8,1,3,0,f7ac10ff26d11f6a7b3c3edf739bb0fbd7032771dd3eccfd01b416a9c6ebbe9f
simple-5p-413,Simple,5,413,25,25,1,3,perfect,0,0,46,15,25,6,0,0,0,c0cda80cf8a7420175b1b99eedd7ded1953d6b3bf55bb91707d6373ab1e65e06
simple-5p-414,Simple,5,414,22,22,0,1,tempo,0,3,50,17,24,9,2,0,0,6a681fe20955c763458e5248c9d065826b3cdb5bd8c4e888221bb31df51dc3b2
simple-5p-415,Simple,5,415,23,23,0,1,tempo,0,2,51,18,25,8,2,0,0,93803f27818c79381be384769edbd899305e5453f1662b6b989d8cae36aa1faf
simple-5p-416,Simple,5,416,23,23,0,3,tempo,0,2,52,19,23,10,0,8,0,f5d97065749b015f49eaa56225c27c24cf3a8c0df23935fd554c0bfaa655e5df
simple-5p-417,Simple,5,417,24,24,0,2,tempo,0,1,52,19,25,8,1,13,0,ce2bcb3bc46703556bf80ac55cbc13344206fefe24e2093ee3b22c91369bba6c
simple-5p-418,Simple,5,418,22,22,0,1,tempo,0,3,51,18,24,9,2,0,0,49b1b98d81c7ff74ff4b00e398d56f16bfe916e869f1de60eda1fb841fbe0da2
simple-5p-419,Simple,5,419,25,25,1,3,perfect,0,0,49,16,25,8,0,0,0,964f375615875dcc86e8f9413b20c2a4ebc30874ce52d6428f987d25d77bdf72
simple-5p-420,Simple,5,420,24,24,0,3,tempo,0,1,51,18,24,9,0,0,0,097d6448f2edeb5d5cc8165f37fe5092d9222dac3ea80c9cf5e71890503b1507
simple-5p-421,Simple,5,421,25,25,1,2,perfect,0,0,48,16,26,6,1,1,0,b98db27f491b09122f0ecb6cacdd35a3c846a9449c4e0d852abd9dccea0abbe9
simple-5p-422,Simple,5,422,24,24,0,2,tempo,0,1,50,17,25,8,1,6,0,299a61b6a876ddd69f3365f9b10856cd0145fa68b0dcbad0167b4ed62a0b1546
simple-5p-423,Simple,5,423,20,20,0,1,tempo,0,3,53,20,22,11,2,6,0,afd092edfadf3622cd5d8c0ec7dd511fbca9807c3ef7efc4262c2747fe7d7f1b
simple-5p-424,Simple,5,424,23,23,0,2,needed_last_copy_lost,1,2,53,20,24,9,1,9,0,cc9422104f3c6ccef10d31012a0abcd5fd535e7dd46a29d38ca4f19e5147f157
simple-5p-425,Simple,5,425,23,23,0,2,tempo,0,2,51,19,24,8,1,3,0,06f5317e0c5cb39c925d7412cc0f8c8ae99cab3e986bef19087d5e73c33889bb
simple-5p-426,Simple,5,426,25,25,1,2,perfect,0,0,49,17,26,6,1,2,0,e4bcba052b8acabb34662e17f54c33f063e68f8a055cff51168db189505b2c75
simple-5p-427,Simple,5,427,21,21,0,1,tempo,0,2,54,21,23,10,2,15,0,28cf864b455f9084d307eacb6532f89a38d695957f8a1604beb137ff383a6c4c
simple-5p-428,Simple,5,428,19,19,0,1,tempo,0,5,51,18,21,12,2,0,0,9ae501d6a34d95fe15fd0a9b9321097ea29f87937516e8498e678db20871ce1a
simple-5p-429,Simple,5,429,24,24,0,2,tempo,0,1,52,19,25,8,1,12,0,02f489fb1615dca2adf5e1985524aa10546765e93d7a5614599f8f5d5cae503f
simple-5p-430,Simple,5,430,25,25,1,3,perfect,0,0,48,16,25,7,0,0,0,3f7888c5e07eb3e4bffdd3138437b69b4c45f2346c923d2e322b5edc97136283
simple-5p-431,Simple,5,431,19,19,0,2,needed_last_copy_lost,1,3,52,19,20,13,1,0,1,751b6c6f2b7070d7a8421fb1f7f274deabafb42f8da14cc689ecc9f0f5c7e321
simple-5p-432,Simple,5,432,24,24,0,1,tempo,0,1,52,19,26,7,2,7,0,9306b596dd05653b9892ec1cded65a19bcffdfb10a7a8223245882bde1b60ce0
simple-5p-433,Simple,5,433,25,25,1,2,perfect,0,0,51,17,26,8,1,7,0,9f8ed56b9ca0c4e90cfb0368c98efed08e09db6e536556dc57a2b18fe6613230
simple-5p-434,Simple,5,434,23,23,0,3,tempo,0,2,54,21,23,10,0,9,0,177bebb7d68274a75bd2ff874a08f0ddacfc5d91caa9ada18013a40a7c2e1e03
simple-5p-435,Simple,5,435,20,20,0,1,needed_last_copy_lost,1,4,52,19,22,11,2,18,0,765892c9725e18c3d5e2736579051ba57eaec4efda75106b5466f792db04b013
simple-5p-436,Simple,5,436,20,20,0,1,needed_last_copy_lost,1,3,52,19,22,11,2,0,0,9c1f1e7438e93b7daa95e7e87699feebbdcf675c8382c6dfc4319fddfd63bc59
simple-5p-437,Simple,5,437,24,24,0,2,tempo,0,1,51,19,25,7,1,4,0,1c7733630a94d5eb3923c1ece91df15fb2866a3d4e69c1fac401752bb7983647
simple-5p-438,Simple,5,438,18,18,0,1,needed_last_copy_lost,1,4,54,21,20,13,2,10,0,c0487822782a30a4c95b690dfacc102eb65bfc87c46429a1ad6fb5438a554159
simple-5p-439,Simple,5,439,22,22,0,1,needed_last_copy_lost,1,3,52,19,24,9,2,17,0,2d2201480497b05cd1d5770a2219f54e22536188c01591ff52ed4927addd65a2
simple-5p-440,Simple,5,440,24,24,0,3,tempo,0,1,51,19,24,8,0,0,0,c2eea01b337aa56264c78d347e3dab3fbe368dbc6528bfac5ff766ad137b3822
simple-5p-441,Simple,5,441,25,25,1,2,perfect,0,0,50,16,26,8,1,5,0,159902b883cca968c02960b81cf529914ec7786d91eac504cec6f2e7dfe97a80
simple-5p-442,Simple,5,442,22,22,0,2,tempo,0,2,51,18,23,10,1,9,0,f92f1503de3f02667659d4339d43ba38362e9360e718417650157ccec17fc0b1
simple-5p-443,Simple,5,443,22,22,0,2,tempo,0,2,52,19,23,10,1,0,0,63e981c8f44d0f35618f53601f77fdbd33575bd32b886b5a2bbd1d33fcf0ef77
simple-5p-444,Simple,5,444,24,24,0,2,needed_last_copy_lost,1,0,51,17,25,9,1,4,0,c08c4a4b78697e8a2dc40a53925ded55e9e96e65a30f3a4d82d2b7a8ad4db84a
simple-5p-445,Simple,5,445,24,24,0,3,tempo,0,1,51,18,24,9,0,0,0,f4e6b090c5c5f9e104787eb13c64cbf4aa28aab4aa651ff5745d61c06c38e8dd
simple-5p-446,Simple,5,446,24,24,0,3,needed_last_copy_lost,1,0,47,15,24,8,0,4,0,db45a7e59f865fe20938b1d4d3125e064779af1fb8858c2e0bcc3030cb41355c
simple-5p-447,Simple,5,447,21,21,0,1,tempo,0,3,52,19,23,10,2,6,0,ffbfec2c6f351515500d9aa5f85f45fba7cdb6fa49b501560d37e14cdb5b71d7
simple-5p-448,Simple,5,448,23,23,0,2,tempo,0,2,51,18,24,9,1,0,0,409143dd97b778197cd7f4556ffb917bcf557041911d3699eb0492946da0b405
simple-5p-449,Simple,5,449,20,20,0,1,needed_last_copy_lost,1,3,54,21,22,11,2,6,0,963c0b5ebc7e5c8c3e296539f7eb52c5b7a5160b170b26ff086cc077b9421ceb
simple-5p-450,Simple,5,450,25,25,1,3,perfect,0,0,47,17,25,5,0,9,0,b76eb4f8a09ef13d271ac218a2488089b80c0f55d1a1a16e9f75acb90020a92e
simple-5p-451,Simple,5,451,24,24,0,2,tempo,0,1,49,17,25,7,1,5,0,433bc623c2ad96a72403e1f6c2edb2984ef8349df49002a6837ff968b7559375
simple-5p-452,Simple,5,452,24,24,0,3,tempo,0,1,51,18,24,9,0,0,0,48dbe769db36eee6308429cce69b670990f52d3311b9f7abac7e846f9c3ba4f0
simple-5p-453,Simple,5,453,24,24,0,3,tempo,0,1,53,20,24,9,0,10,0,794afb2ee3490dc27c1ad51e48bfcc3b32c18508eab37da15ff752fc092e34da
simple-5p-454,Simple,5,454,25,25,1,2,perfect,0,0,50,17,26,7,1,2,0,fbe757968e40f97afaca1fd2e5c86d9106957afdb35dcb0a52b773a331449d7d
simple-5p-455,Simple,5,455,25,25,1,3,perfect,0,0,43,14,25,4,0,0,0,355953a86c146a65b73729fb65cfaad25f1e242bda938010741ea30e163ff8f7
simple-5p-456,Simple,5,456,25,25,1,2,perfect,0,0,48,17,26,5,1,7,0,f44902f07b74aa97fe994930ce99a94365661d8f96fed1532dd17613bd0968b1
simple-5p-457,Simple,5,457,25,25,1,3,perfect,0,0,46,15,25,6,0,1,0,07fcd0419164219bc6956757e9839d593190b324c33d5336db726ab0fca30b22
simple-5p-458,Simple,5,458,25,25,1,3,perfect,0,0,49,17,25,7,0,8,0,8fa55173fb7feaae652e659d022c57086a4058013ccc79e0f0f64d84ec84a7b5
simple-5p-459,Simple,5,459,25,25,1,3,perfect,0,0,48,17,25,6,0,3,0,6f2e1a49b8bcfbba7309c8d82a86c200584a81416c40ba5318fddfd6c7068fd5
simple-5p-460,Simple,5,460,24,24,0,3,tempo,0,1,53,19,24,10,0,5,0,b9673275b924aa0359857cd26971683a675e1db783c97a4dbfa1558f78f9b303
simple-5p-461,Simple,5,461,25,25,1,3,perfect,0,0,50,17,25,8,0,0,0,86fb7a62c764162ec3aa463759cf5ae2341ee86428bffb15087ad246f27b5cfa
simple-5p-462,Simple,5,462,23,23,0,3,tempo,0,2,51,17,23,11,0,0,0,0e8e67e7b16c95be42615c10163661e5b2823ce1b288028647db6d2acee768e3
simple-5p-463,Simple,5,463,22,22,0,1,needed_last_copy_lost,1,1,48,14,24,10,2,0,0,0f4de7796b9da0aec96e65a589913ce635ed60088c3fadaef854c73d171aef1b
simple-5p-464,Simple,5,464,23,23,0,2,tempo,0,2,48,15,24,9,1,0,0,d9cbf3d61786b1885ce2503d9d43f6ac256ae7c499886137e6b40ebec1662ed2
simple-5p-465,Simple,5,465,25,25,1,2,perfect,0,0,46,16,26,4,1,7,0,83e89975f073cbd671d332a6a11456d4efdd394ad6aaa43b46baf84d8b15c554
simple-5p-466,Simple,5,466,25,25,1,2,perfect,0,0,49,17,26,6,1,5,0,2aff1c684505a47acd1897dacd2eb46067f6959177360ee6117624371f467c4b
simple-5p-467,Simple,5,467,24,24,0,3,tempo,0,1,51,18,24,9,0,6,0,e78d327424dbec6667c85a8315211ed6c9dac16538fe3f44ea85bc3cc776ff17
simple-5p-468,Simple,5,468,25,25,1,3,perfect,0,0,48,16,25,7,0,4,0,bea82fc5fe87f3014ebd50a99c4e072b49fb3a1f406d7360c431e01b8bf2748e
simple-5p-469,Simple,5,469,18,18,0,1,needed_last_copy_lost,1,3,53,20,20,13,2,15,0,bb8595602a711fdc5d573d8c1fc07cd124d0d5d78f223910dcc9ad1f62daa380
simple-5p-470,Simple,5,470,22,22,0,1,needed_last_copy_lost,1,1,52,19,24,9,2,7,0,bc632bf42824dbba2f59e31c7bb582d44df8ec43fea261aba2774cf1a1a80f1f
simple-5p-471,Simple,5,471,20,20,0,1,tempo,0,3,51,18,22,11,2,0,0,97b5d44114f4040f88f1307fa69078743266b33061f984dc0a3f9d534e6944b7
simple-5p-472,Simple,5,472,25,25,1,3,perfect,0,0,51,18,25,8,0,0,0,953b0b57316119440bb36aab6b3dee46d680a0210327cc4c39e66e03b33d7cd6
simple-5p-473,Simple,5,473,19,19,0,1,tempo,0,5,54,21,21,12,2,14,0,34570cb1afc5e50b5fb7c88e6e795bc3a52704dcb8c437014b019cbeb180fb51
simple-5p-474,Simple,5,474,20,20,0,3,tempo,0,2,52,19,20,13,0,0,0,c7016715752749317ba8b3e117fd0aac0a718edadb90e32147edd1fba12e2682
simple-5p-475,Simple,5,475,25,25,1,2,perfect,0,0,49,16,26,7,1,6,0,6dadde1edf19facc9c82307d907aa0d0fbf40dc7805b9ac52c8850bf6d671f03
simple-5p-476,Simple,5,476,25,25,1,3,perfect,0,0,47,17,25,5,0,8,0,5f99422fb8f429d89f5252a0fcc91fc54790e8b850e3e60401d09356ef0b4773
simple-5p-477,Simple,5,477,25,25,1,2,perfect,0,0,50,17,26,7,1,3,0,dff7ebea25880bcdb06e12fca7bafb7442ee0540286e4d0ee9f5f7d53eec8774
simple-5p-478,Simple,5,478,22,22,0,1,tempo,0,2,50,17,24,9,2,5,0,a869ac3e3dbb2ed9184b302904f1360ccbb08bbfc59c57b0b00324a8e82b6898
simple-5p-479,Simple,5,479,21,21,0,1,tempo,0,2,50,17,23,10,2,0,0,e88919c98e57515d5641fb47475d442e455207f1a7eaf5360621d35920c4210b
simple-5p-480,Simple,5,480,24,24,0,2,tempo,0,1,51,18,25,8,1,3,0,eb2305200d96188d903b0b0a45970fedc3ec4d26ebf5ad322b3c45099af3af8f
simple-5p-481,Simple,5,481,22,22,0,1,tempo,0,2,51,18,24,9,2,8,0,09e2587ea0836c2264be71b29ec5afcd9428271227cf0b9b975dc1268ca77535
simple-5p-482,Simple,5,482,25,25,1,2,perfect,0,0,51,18,26,7,1,0,0,3fcb7ffc6dcfc31111040bc6e5635c46eaa6df3575fa1b475a6e9a29f027b24a
simple-5p-483,Simple,5,483,24,24,0,1,tempo,0,1,52,19,26,7,2,11,0,1064eb8e251638128d898300437dc1d61c7796471e29086f4ce65fab38a79f87
simple-5p-484,Simple,5,484,21,21,0,1,needed_last_copy_lost,1,2,53,20,23,10,2,16,0,cbb751898c53af25a9f9bc7563d4e4619d265b4f43437434bdf51ab0b154eba6
simple-5p-485,Simple,5,485,24,24,0,2,tempo,0,1,51,18,25,8,1,2,0,4ad88a8c5216b548d314d739940d7c26d7d1aae1f5f0e44c0dc6b8f1c9c94f7b
simple-5p-486,Simple,5,486,25,25,1,3,perfect,0,0,50,18,25,7,0,3,0,fe6ec7b5f5d250f1b8f27d3424f1ad19773b340b98d9e2791c1f6730a5004c4c
simple-5p-487,Simple,5,487,20,20,0,1,needed_last_copy_lost,1,4,53,20,22,11,2,18,0,e514c520861145c13ae827e3c4866849164b54fa63bae77633334c1af844d2b1
simple-5p-488,Simple,5,488,21,21,0,1,tempo,0,2,52,20,23,9,2,0,0,dc583d83ea188454ac62d2fe65877e21dc910b5538db53557117b901d63e8d20
simple-5p-489,Simple,5,489,20,20,0,1,tempo,0,3,50,17,22,11,2,0,0,3a090afe7e6c1d55d3c77488e915bf5b83af213c9357e521ed78057169a41e82
simple-5p-490,Simple,5,490,24,24,0,3,tempo,0,1,52,20,24,8,0,5,0,d9db7f7a2b9f469807f57894e9af5747a7c04fbf6317b6a9eda87daf942d1083
simple-5p-491,Simple,5,491,25,25,1,2,perfect,0,0,46,15,26,5,1,1,0,f49a20e8bded5c1fd914de03a305f069a0e31ab751c1b735d37dbabad0405ec2
simple-5p-492,Simple,5,492,22,22,0,1,needed_last_copy_lost,1,2,53,19,24,10,2,9,0,65dc41ec2e7e96ddab0947f7746b24c514d383cbb0b8e150a0188885e1653efc
simple-5p-493,Simple,5,493,24,24,0,3,tempo,0,1,51,18,24,9,0,0,0,0ad5521be8f7dfe555cbda97396dd593f7acc92b72fc96733e7e129fa2cd0d37
simple-5p-494,Simple,5,494,24,24,0,3,tempo,0,1,50,17,24,9,0,10,0,96a1db9e445d238fd7b703697ee4d6d98fe443db61f98b3dd91d298a809e0447
simple-5p-495,Simple,5,495,22,22,0,2,tempo,0,2,49,16,23,10,1,0,0,3dc2fa7b9b141781aa5d8d52d9a2105eff1ffd04f25cfe585b5d7b6c676ed19a
simple-5p-496,Simple,5,496,25,25,1,2,perfect,0,0,44,14,26,4,1,2,0,5117ca6efac2ce9335dc0877ac27bd6223a271999a6b7733715a461bf0b86d06
simple-5p-497,Simple,5,497,20,20,0,1,tempo,0,4,53,20,22,11,2,21,0,5e811391c196ca3d3ca4203213e8d43fbb297cef82061b9a3dcdf15537dad18e
simple-5p-498,Simple,5,498,24,24,0,2,tempo,0,1,50,17,25,8,1,0,0,73fa91b2c98c0bd5419e4a2be3f9fb4590eac0338759d960c1f91cf2f3fb7f28
simple-5p-499,Simple,5,499,22,22,0,1,tempo,0,3,51,19,24,8,2,12,0,99a136433959bbf221609b4430cb88501a824fed460eb779713b1a4e8214237d
simple-5p-500,Simple,5,500,24,24,0,2,tempo,0,1,51,18,25,8,1,0,0,c17513ded25c32b0d13134163f62c0fcf38dbad8865363f81c99daf520f0ee95
simple-5p-501,Simple,5,501,24,24,0,3,tempo,0,1,53,20,24,9,0,2,0,c6ddb182281a8f9d73bd57cdac78f5fba0a301b260e198ae06242baa3cbb25c3
simple-5p-502,Simple,5,502,25,25,1,3,perfect,0,0,46,15,25,6,0,0,0,731fda9966a45341973031558098695b7b0f12b64ba7f99acb9bf1dbe2c6d094
simple-5p-503,Simple,5,503,25,25,1,3,perfect,0,0,50,17,25,8,0,7,0,16ff55aa1dc76e284cac0d6b5fa3571722cf9c8d3d879676e780b8cbf867d14c
simple-5p-504,Simple,5,504,25,25,1,2,perfect,0,0,50,17,26,7,1,2,0,7af96637074455a110a42b7edf35b3f41ec395b6e91afefd807319f5488d79db
simple-5p-505,Simple,5,505,23,23,0,1,tempo,0,2,50,17,25,8,2,9,0,4584da49300b976def8f1fef743fe6b2f74467bceded78dbe735df1e68d2d2a1
simple-5p-506,Simple,5,506,24,24,0,3,tempo,0,1,49,16,24,9,0,0,0,90c5056c991d4bd4a76c07eea285c3756277833a31596d8fbec1dda469a34f67
simple-5p-507,Simple,5,507,23,23,0,2,tempo,0,2,50,18,24,8,1,2,0,b46170410dcd3eeb975d176d37c9592901574bb5b209f95f73b6d26a83af0e6a
simple-5p-508,Simple,5,508,23,23,0,1,tempo,0,2,48,15,25,8,2,0,0,02b746964bb2aba06bc7c95af5c3e7b1cd8354bf60907c6e91bc3870f51cfe1f
simple-5p-509,Simple,5,509,25,25,1,2,perfect,0,0,51,18,26,7,1,8,0,5096102efaf55b4e45e14369fb78fdab31e4753b5bc9f48241434d78f675cd4a
simple-5p-510,Simple,5,510,23,23,0,2,tempo,0,1,53,20,24,9,1,8,0,d8b33df2c9e01540a6a3e744b2660c1c44cfdaf43255069e7783f4a03eb2eb40
simple-5p-511,Simple,5,511,24,24,0,3,tempo,0,1,48,16,24,8,0,0,0,dba0246e5773f76780a262ab84877025213d00f901d3bf70d7f9ff8d24cc10de
simple-5p-512,Simple,5,512,24,24,0,2,tempo,0,1,50,18,25,7,1,12,0,b0bd5d90dc6900340efb5939cdb7d71bd7816e094e2a34978cde24d4430777f1
simple-5p-513,Simple,5,513,21,21,0,1,needed_last_copy_lost,1,2,52,19,23,10,2,15,0,82b7247724134ba6a6d4e7c342430b8a6c3117fc1e9540f8b7ed2b11c55b9ca6
simple-5p-514,Simple,5,514,22,22,0,1,tempo,0,2,52,19,24,9,2,18,0,9350d7e53dbd0e7b259aeff23e164f58f714c154efda021006e27df1aaae721e
simple-5p-515,Simple,5,515,23,23,0,2,tempo,0,2,52,19,24,9,1,7,0,afa494bb9d0a307f5d5583c3994acd8a9b10bc3231f85f2b5db1420a30b1804b
simple-5p-516,Simple,5,516,20,20,0,1,tempo,0,3,49,16,22,11,2,0,0,e55878ff66f6ae7ebc1ef4416672c7843fd751ec36d52a29ad24c9ae92c33f6c
simple-5p-517,Simple,5,517,25,25,1,3,perfect,0,0,42,14,25,3,0,6,0,abd8d2778f90988f1fddc1ccd2598260550432457f0552d02b20d98d57fe4160
simple-5p-518,Simple,5,518,25,25,1,2,perfect,0,0,49,17,26,6,1,10,0,eace9d9b83742586373cb9822d0e5e80c88f62d3946df80d897739425297e2cb
simple-5p-519,Simple,5,519,20,20,0,1,tempo,0,5,52,19,22,11,2,2,0,ac9e94e5024b48d8ce7b79c4a17c59af758241154cd2b5b1988b1d459b733ec6
simple-5p-520,Simple,5,520,24,24,0,3,tempo,0,1,50,17,24,9,0,0,0,9c76f9a6f0f38a2db16c1a45c894b8ca153d8b46fad70a2beeecce986c363d1f
simple-5p-521,Simple,5,521,24,24,0,2,tempo,0,1,50,16,25,9,1,0,0,0ca780ee7edbf7683d20525af264a83877de1264e65e8037051b8bf6f0c0e411
simple-5p-522,Simple,5,522,24,24,0,2,tempo,0,1,51,18,25,8,1,1,0,32171f32308ecd8b1930731b6e193accd4e728faf53b8d581543100ae558271f
simple-5p-523,Simple,5,523,20,20,0,1,tempo,0,4,53,20,22,11,2,2,0,f2aa8310eb01007c149e850953bec34e205a5015499ec21a27a0b4936cef8c6b
simple-5p-524,Simple,5,524,23,23,0,3,needed_last_copy_lost,1,0,51,18,23,10,0,14,0,0bf80c21fd43b5078de34b585b4994722d4efded6e16aee4188e7c17a693cb73
simple-5p-525,Simple,5,525,21,21,0,1,needed_last_copy_lost,1,1,53,20,23,10,2,13,0,839a52c992ddd4d36d239a36be59685c4713c4b15b1c71032881097f36ec3908
simple-5p-526,Simple,5,526,25,25,1,1,perfect,0,0,50,16,27,7,2,4,0,1d4398ad5a1f3bdcc7bb0cbcb54b9775a45a2beb9dbc887ef4c4fdda91476769
simple-5p-527,Simple,5,527,25,25,1,2,perfect,0,0,50,17,26,7,1,6,0,1cbb8577de076aa67ef4972d66c73e76ecac11e14bf02f0807bad422b8665abb
simple-5p-528,Simple,5,528,24,24,0,2,tempo,0,1,51,18,25,8,1,0,0,51383b8912ff4316825f58482d5d6ef0e525f327db415abe0a56108558249a07
simple-5p-529,Simple,5,529,23,23,0,2,tempo,0,2,50,17,24,9,1,0,0,18a6822a9c591d2ba7a1268c34ad49646b2be663dc5d03c6a52b746a71124ab4
simple-5p-530,Simple,5,530,23,23,0,1,tempo,0,2,52,19,25,8,2,0,0,3c11b8e365169468689b97541f1d61d6fa6eb597a43dbe99bc293d9e1da0096a
simple-5p-531,Simple,5,531,22,22,0,1,tempo,0,3,52,19,24,9,2,15,0,e771eb2c6adda8589987b4a579701820dd1ff58643312bdc01d36e40a135b0f2
simple-5p-532,Simple,5,532,22,22,0,3,tempo,0,2,51,18,22,11,0,9,0,c06d2929ffa5318b8bb6d7c0a381296e50bb199da1f5ead82d6c0edd2a0c9a94
simple-5p-533,Simple,5,533,22,22,0,3,tempo,0,2,53,20,22,11,0,9,0,95b9e01dac9e2c3dc6c4310caa9a49c789e121316bb2971c3058746427103c7a
simple-5p-534,Simple,5,534,25,25,1,2,perfect,0,0,45,14,26,5,1,7,0,7845ac8077af1acea2621b4c8c7fcee9952aec70a9725176d9e7dc1ab26cfa69
simple-5p-535,Simple,5,535,21,21,0,2,tempo,0,3,52,19,22,11,1,0,0,3dc55ecf0d740e24f76a4fb2dcc20fff9037ea59adbff053dfcf4e079ec88d33
simple-5p-536,Simple,5,536,25,25,1,3,perfect,0,0,52,19,25,8,0,0,0,53d164030a587644370e2d86b17ad7d2a7160be82dbc0793891790bc86a77c17
simple-5p-537,Simple,5,537,24,24,0,3,tempo,0,1,52,19,24,9,0,4,0,9c484e5ad8f0ab364d6eefbb1c0efd274567f34ae43669f17deb521ea7310a1c
simple-5p-538,Simple,5,538,24,24,0,2,tempo,0,1,52,18,25,9,1,7,0,b3b62af3154e8a962283e94ed2cb5f7afc3bf03cd7268dcb9e365eddf28a2005
simple-5p-539,Simple,5,539,21,21,0,2,tempo,0,4,50,17,22,11,1,0,0,ad38f9337f748ac9194f834640ca15db3f755af01acb74a63744bf6270688406
simple-5p-540,Simple,5,540,21,21,0,1,needed_last_copy_lost,1,4,52,19,23,10,2,14,0,a06a219b9b5f87b6936a5187b7f73ae7302e96a114ba8b2b6b3006e24051493b
simple-5p-541,Simple,5,541,25,25,1,2,perfect,0,0,46,14,26,6,1,9,0,a0c2dd638702dbd788ddc858c2a8b73e2c10fe62b9e1b70dc7aa02709187be65
dynamic-3p-42,Dynamic,3,42,25,25,1,3,perfect,0,0,55,21,25,9,0,15,0,fedac63db945c37afbbd4cacb47e82bd4a0f404cc9ec1e02c663cafcd7bd4c69
dynamic-3p-43,Dynamic,3,43,25,25,1,3,perfect,0,0,52,18,25,9,0,8,0,bb0cfdc58bd91db9332854925d503eaca56f7d689bfddb2c8aec82b2e8b93394
dynamic-3p-44,Dynamic,3,44,24,24,0,3,tempo,0,1,61,24,24,13,0,1,0,c3dc5cfa6132ab8f55a157942cc32deb8212ea927af4ca5439f4be42187ad026
dynamic-3p-45,Dynamic,3,45,25,25,1,3,perfect,0,0,54,20,25,9,0,7,0,b4d11519d9ac6a6fc5e8681b8da7a57d2bcdec2c2ad7c80d7529b972abdf663c
dynamic-3p-46,Dynamic,3,46,25,25,1,2,perfect,0,0,57,21,26,10,1,4,0,c3b529f2e39e93c354828b56a836a26dc407db0c227c80f618f29ccb9d365a4b
dynamic-3p-47,Dynamic,3,47,25,25,1,1,perfect,0,0,58,21,27,10,2,9,0,802501c4243223972cf25502c3e074a5b5c762a6967a2ac7fb397e2edebea2f6
dynamic-3p-48,Dynamic,3,48,25,25,1,3,perfect,0,0,52,18,25,9,0,12,0,c1449b564576865f68d13821bfff61e589ab5e0c605ab55d4c7d3adf750c257f
dynamic-3p-49,Dynamic,3,49,24,24,0,2,tempo,0,1,60,23,25,12,1,8,0,96693f3bfcc3c8ed8d8740fc7f14d6b81d224daad236e8a6a22996fd7e7059e3
dynamic-3p-50,Dynamic,3,50,25,25,1,2,perfect,0,0,49,17,26,6,1,0,0,1aebb4d217774d89d174325d50e9b0c37c9c4bd64e8562a47583cab82a4d4cb9
dynamic-3p-51,Dynamic,3,51,25,25,1,3,perfect,0,0,57,22,25,10,0,1,0,c84e36b323f8de85a3aa773078c13260e395a8ae73035ede37b6060652c88a86
dynamic-3p-52,Dynamic,3,52,25,25,1,2,perfect,0,0,54,19,26,9,1,10,0,97d9b4427a073d692362ca7120d7a38223857cc98568f384fbbf6ddd47a835bb
dynamic-3p-53,Dynamic,3,53,25,25,1,3,perfect,0,0,57,21,25,11,0,5,0,f606376a322bba1a6894557e550a9f426f818ee596621bc1d955c1e561d071b8
dynamic-3p-54,Dynamic,3,54,24,24,0,2,tempo,0,1,57,21,25,11,1,0,0,9ca3fcc6eebcc53c9ca32e69493cb4d613f5e3544f572f80e6a98065041a8fd9
dynamic-3p-55,Dynamic,3,55,25,25,1,3,perfect,0,0,55,20,25,10,0,4,0,e03060997851f25d7e9aba760d42b6c7777c5f1d3d044fdef73f223ae6eaa182
dynamic-3p-56,Dynamic,3,56,25,25,1,3,perfect,0,0,57,21,25,11,0,0,0,b6407b9b73a48db1d9ab996800e88e2e17fbe90d364d014bd7cf06efd351aad5
dynamic-3p-57,Dynamic,3,57,25,25,1,2,perfect,0,0,57,21,26,10,1,0,0,071422ef582663bd55d3c39226ef45adbb4300e472e2f95c0875a451acf9511f
dynamic-3p-58,Dynamic,3,58,24,24,0,2,needed_last_copy_lost,1,0,54,19,25,10,1,7,0,c6ecb8bb61f0f8128bc721a4550d4b11702458b1c6d9e99dfc5be1c40ac454ab
dynamic-3p-59,Dynamic,3,59,25,25,1,3,perfect,0,0,52,18,25,9,0,14,0,4f620eec21d771229f077dfba8674db8b19fab3474c8aa1a5d6fbaa5da5cb0b1
dynamic-3p-60,Dynamic,3,60,25,25,1,2,perfect,0,0,56,20,26,10,1,11,0,8dec70b50a4c44b773ab4a33f06671a407036c1e4fa130b49d367a0845320d1d
dynamic-3p-61,Dynamic,3,61,25,25,1,2,perfect,0,0,52,18,26,8,1,1,0,97ff11d12c8bef2668af14111c14d34711390e0ee78635840d509ec4ad0549b3
dynamic-3p-62,Dynamic,3,62,25,25,1,3,perfect,0,0,52,19,25,8,0,2,0,35d633b472752adc3e04de17798d01bd4eace6c07893d345a9dc51cb1b338368
dynamic-3p-63,Dynamic,3,63,25,25,1,3,perfect,0,0,56,21,25,10,0,9,0,d9d2e1bba10253bb6a9a308998938ee29b5d8ad93ab8297a77ecb7195810385c
dynamic-3p-64,Dynamic,3,64,24,24,0,3,needed_last_copy_lost,1,0,52,18,24,10,0,9,0,84513d846a1ef7cd87a5c4690a341ee6acd9156ac87d8df082c4f09563f30756
dynamic-3p-65,Dynamic,3,65,25,25,1,3,perfect,0,0,48,17,25,6,0,11,0,9cc4299ec55011446e7c98f6b99e15c3eb87834c073343d40e359a40c3dba3e8
dynamic-3p-66,Dynamic,3,66,25,25,1,3,perfect,0,0,56,21,25,10,0,7,0,1c3b0fbc2242e9f97993843ee5ff00721eaeccd4db2fc44995e5df87b88e393b
dynamic-3p-67,Dynamic,3,67,25,25,1,3,perfect,0,0,51,17,25,9,0,10,0,0f5d49ed47b0b51a6cc718aabffd80d7e8d01b0bc90ac9b9a27a292868373ac6
dynamic-3p-68,Dynamic,3,68,25,25,1,3,perfect,0,0,56,21,25,10,0,1,0,74dcc2b2ffa69a1fe7e3ff41a24366bec9edb775544fca67edda6b8a1256fef8
dynamic-3p-69,Dynamic,3,69,25,25,1,3,perfect,0,0,47,17,25,5,0,6,0,1ef92a6b8f11da5d01249e4246185f4ec6dd751edebdec62aeda43fa29e6e408
dynamic-3p-70,Dynamic,3,70,25,25,1,3,perfect,0,0,54,20,25,9,0,2,0,ae123732c024250e5b7c44539e9c3cb9ece185b05c4be6b6be1b38bb4240d9e6
dynamic-3p-71,Dynamic,3,71,25,25,1,2,perfect,0,0,53,18,26,9,1,5,0,07eb4b5bf79117d2c05b39efcb26b83ca937a2ca084163310c9e600b3fcb2e79
dynamic-3p-72,Dynamic,3,72,24,24,0,2,tempo,0,1,58,22,25,11,1,0,0,db1cfef41dfbaa95a49bd996b3e05778d57bc5cc2ec613b006f5ce4e201703fb
dynamic-3p-73,Dynamic,3,73,25,25,1,3,perfect,0,0,55,19,25,11,0,3,0,61205d3b5a71c2cbc337b7d6d0796eb3ae7f9dba9498543a6c8e88020e804154
dynamic-3p-74,Dynamic,3,74,25,25,1,3,perfect,0,0,57,21,25,11,0,8,0,052f77b58cc9886067f8fd85f87248f487a412d6a0e3071756722fea55083e4d
dynamic-3p-75,Dynamic,3,75,24,24,0,3,tempo,0,1,61,24,24,13,0,2,0,0c4cc612b70e10dbaf489c4c2eceaf8fba5cc7d6c42768005960eeddd2fe6952
dynamic-3p-76,Dynamic,3,76,24,24,0,3,tempo,0,1,59,23,24,12,0,0,0,ef7cb135a55965b56f9977b21154751f99d1fd9489500555228c066158de2f9d
dynamic-3p-77,Dynamic,3,77,25,25,1,3,perfect,0,0,59,23,25,11,0,6,0,828a9c94c3882a4130ad0f0ff37d7b18aaa55c8e330442f3e211f16ef96e5164
dynamic-3p-78,Dynamic,3,78,25,25,1,3,perfect,0,0,54,19,25,10,0,4,0,4fe7108117e79813c1f64121a8b28d48ecb8090654354f9edc54d4337e0a7be3
dynamic-3p-79,Dynamic,3,79,21,21,0,1,needed_last_copy_lost,1,0,57,21,23,13,2,7,0,d74eee179996053ed9e7b173dcaf727fc67af3b3110a72630ea26767a6eb7957
dynamic-3p-80,Dynamic,3,80,24,24,0,3,needed_last_copy_lost,1,0,58,22,24,12,0,2,0,2d9d2132daa95a86f61aab09546a07c45292efbe5a736025409824088e8b4cb3
dynamic-3p-81,Dynamic,3,81,25,25,1,3,perfect,0,0,56,21,25,10,0,7,0,e3b1a8914953bcb5dc5a4d3ca116e4d634bad68c701da52f9a6c71a16cb014c9
dynamic-3p-82,Dynamic,3,82,20,20,0,1,tempo,0,4,61,24,22,15,2,5,0,fb7458682c0866f8b2e4d91888e5deb99d0515b02062d59caf16e35f628880f0
dynamic-3p-83,Dynamic,3,83,25,25,1,3,perfect,0,0,55,20,25,10,0,7,0,0c1b1be88d29a90661ef97c8cb84dcfba5ead1a52e629e1f9affeba9e91789e6
dynamic-3p-84,Dynamic,3,84,25,25,1,3,perfect,0,0,49,17,25,7,0,1,0,98d2501225371b7368f26e1f556c337a6edf2cf8321cb9f62e89bdcf2a6733d5
dynamic-3p-85,Dynamic,3,85,25,25,1,3,perfect,0,0,54,19,25,10,0,3,0,e236f3b885623b623a80c6565ac8fb17af6728eda4898e16afc669d40cbfacb2
dynamic-3p-86,Dynamic,3,86,25,25,1,3,perfect,0,0,57,21,25,11,0,9,0,66dc79d5a676c20dc03aa5d751a347d7b185e97a69ff8e728dc3a6d9828357c6
dynamic-3p-87,Dynamic,3,87,25,25,1,3,perfect,0,0,57,21,25,11,0,4,0,d0c806ad48679fc5b496c4d21c09aaccf419f435af4762ed89f9c3331ea6fb4c
dynamic-3p-88,Dynamic,3,88,25,25,1,3,perfect,0,0,48,17,25,6,0,11,0,d24fd470c0e14d6724aff5a6126f0a912b6f70a61cf358c1c6d7c69ee51a56d1
dynamic-3p-89,Dynamic,3,89,25,25,1,3,perfect,0,0,52,19,25,8,0,8,0,94e6a4cc67d996272fa6f628bae737c717ae2313ff4fa4491335920ec9162ef3
dynamic-3p-90,Dynamic,3,90,25,25,1,3,perfect,0,0,53,19,25,9,0,1,0,906418964d98b54da90f89f4fd0491997431561e213e0e59481d7f817f4ac3ea
dynamic-3p-91,Dynamic,3,91,25,25,1,3,perfect,0,0,52,18,25,9,0,0,0,37a5041ddb2e3e6b2bea3dc2830ea04fe2f2289f394133d06c37880669df2a64
dynamic-3p-92,Dynamic,3,92,25,25,1,3,perfect,0,0,59,23,25,11,0,7,0,bb66d7740ccb8374bc7bdb90e0891f14c6994b0879a387e908a932fc72ff3a9c
dynamic-3p-93,Dynamic,3,93,25,25,1,2,perfect,0,0,49,17,26,6,1,10,0,ac81bf6cc7500352e4bd7ae729361d0e16eafe47149c877e8bbf45d7387d330e
dynamic-3p-94,Dynamic,3,94,25,25,1,3,perfect,0,0,50,17,25,8,0,5,0,aafcacf76b2da2e1dca6146b14fcfaafc2ab29bb26a3085f2c88aa8dc1471380
dynamic-3p-95,Dynamic,3,95,24,24,0,2,needed_last_copy_lost,1,0,56,21,25,10,1,1,0,f0fbbda3e4f9711fc4667b3f763a2c38b94a0d4d7709a45cccc725511b6cf25a
dynamic-3p-96,Dynamic,3,96,25,25,1,3,perfect,0,0,59,23,25,11,0,13,0,9c3a0cf28c7dc2d04bbca42a7bdd20aa7f83ba3d921662bf519795b63c078ac8
dynamic-3p-97,Dynamic,3,97,25,25,1,2,perfect,0,0,55,20,26,9,1,4,0,3e8efe994913d0c1fe774495e22670469cef29baf0c7ee786b586f4fc6243eec
dynamic-3p-98,Dynamic,3,98,23,23,0,2,needed_last_copy_lost,1,0,57,21,24,12,1,2,0,ac921b415d5bc3b41431a7fa4285b0fbc62f57b6ad8b560acce50432b1e4553d
dynamic-3p-99,Dynamic,3,99,25,25,1,3,perfect,0,0,56,21,25,10,0,0,0,c2041dc979a77ca97221ec6a670ece2fa2d4aa837879ccd82204310304690076
dynamic-3p-100,Dynamic,3,100,25,25,1,3,perfect,0,0,58,22,25,11,0,10,0,07de12da556560cb277e2f40ee430fd53a3b3f0426883b7d161af51e292bbf30
dynamic-3p-101,Dynamic,3,101,25,25,1,3,perfect,0,0,56,21,25,10,0,0,0,53c0598207060fa0ccba1ac47a62594ccf57dae53d3ffa3e38a46b744e9fd077
dynamic-3p-102,Dynamic,3,102,25,25,1,3,perfect,0,0,57,21,25,11,0,2,0,32f85fa88b609ec9684f9be09e134c018db285f0c189a03f07127deaf30c4abf
dynamic-3p-103,Dynamic,3,103,25,25,1,3,perfect,0,0,59,22,25,12,0,0,0,bcfeaa10e49949fe838dc54d4d7da827dde18083df2c5332271fd8686ba9602e
dynamic-3p-104,Dynamic,3,104,25,25,1,2,perfect,0,0,52,18,26,8,1,11,0,039f7c3e86b0ecaa78ca80319b6730af2591b9366bb878fec7b004da47550308
dynamic-3p-105,Dynamic,3,105,25,25,1,3,perfect,0,0,53,18,25,10,0,15,0,c99dca0e8359b28621f51634052a139056a63dbd272c191806c2b839f1464dc8
dynamic-3p-106,Dynamic,3,106,25,25,1,2,perfect,0,0,55,20,26,9,1,8,0,c75ad90dc18271707ae8d31351f5c421e48ffe28bda0382be20e1cbb764f286b
dynamic-3p-107,Dynamic,3,107,25,25,1,3,perfect,0,0,55,20,25,10,0,6,0,2b6e9dc446ecee4b150d36ba89087f0ed7387da8dd422da261f2ac04ab285bbe
dynamic-3p-108,Dynamic,3,108,25,25,1,3,perfect,0,0,54,19,25,10,0,9,0,318f8e8d1c3a0e922ded146c493218518cfb2f572cbdb2f24c47fb24261722f4
dynamic-3p-109,Dynamic,3,109,25,25,1,3,perfect,0,0,53,18,25,10,0,2,0,157f558f9ff536c5846c8c74d2f590eae3b43a46a0e5c23b78b1b1298ef5c94b
dynamic-3p-110,Dynamic,3,110,25,25,1,3,perfect,0,0,52,18,25,9,0,16,0,982cd5bcb2429013963d24ed83b3d794aaf8ef1cc165b18c31ffdb12781dc941
dynamic-3p-111,Dynamic,3,111,25,25,1,3,perfect,0,0,57,22,25,10,0,1,0,32ae8cdaea0ee3c6930c20d6d2ed7ffb2dc34b0c28523ab3de5b5f772bb81d7e
dynamic-3p-112,Dynamic,3,112,23,23,0,1,needed_last_copy_lost,1,0,51,17,25,9,2,0,0,9837333d881dff8a3e067c7ab0d704de6d55f1e95049263df312f1d9062aa414
dynamic-3p-113,Dynamic,3,113,25,25,1,2,perfect,0,0,54,19,26,9,1,13,0,f71c6f807d3c267724bece7b2bc9de19d7cfa4d64599c9cee748141d6231c4e1
dynamic-3p-114,Dynamic,3,114,25,25,1,2,perfect,0,0,53,19,26,8,1,6,0,e275745cc3f7d4cfce128b77751da088cace9b7315ad31c562679bfacffbeab1
dynamic-3p-115,Dynamic,3,115,25,25,1,1,perfect,0,0,54,19,27,8,2,5,0,4a83233343361cd8856d5b9db764d017fd9245142789f9c588b6032f6d0cc749
dynamic-3p-116,Dynamic,3,116,25,25,1,3,perfect,0,0,50,17,25,8,0,11,0,6aba94d64fd22a012435f035aa5de9c98b78ba9946745909d0a8cc8f87d881a2
dynamic-3p-117,Dynamic,3,117,25,25,1,3,perfect,0,0,58,22,25,11,0,7,0,073502ce23a70d5afc854b065cff450c6da682f8e2a01f674f3e41185ce5b182
dynamic-3p-118,Dynamic,3,118,25,25,1,2,perfect,0,0,53,19,26,8,1,10,0,51ecb6ae3abed99eb535b0509aa59539bba4068d44db7644944b5e2cacf8c4c0
dynamic-3p-119,Dynamic,3,119,25,25,1,2,perfect,0,0,56,21,26,9,1,4,0,7ddb81872bbc6ed6d3704d3fcabf5bcf1f6a761bea5880e9d680b48473bc9411
dynamic-3p-120,Dynamic,3,120,24,24,0,2,tempo,0,1,57,21,25,11,1,0,0,8003ec521b34e4166dc95d6ac79215fd46cf94261b179476774f06c9045abfdf
dynamic-3p-121,Dynamic,3,121,25,25,1,2,perfect,0,0,56,21,26,9,1,6,0,f79f0a9a2e143ede97863c2c7056de00ea8506a21bd4233cc8c72d2bed90620b
dynamic-3p-122,Dynamic,3,122,25,25,1,2,perfect,0,0,56,20,26,10,1,0,0,3b9feb6233c1478e693a5fe6c6a8a9e4332f7c7fc57cca54d66136708c695c3c
dynamic-3p-123,Dynamic,3,123,25,25,1,2,perfect,0,0,57,21,26,10,1,6,0,5fc2d1918b263220f5163726cd39531604cc13f6f7733e69f81eb3f7a8931200
dynamic-3p-124,Dynamic,3,124,24,24,0,3,tempo,0,1,56,20,24,12,0,0,0,13e0b0fbbb8cee3926a1d6e340a8ed422f1a7a9b8ab3c48423ee8a3d47a0a040
dynamic-3p-125,Dynamic,3,125,25,25,1,3,perfect,0,0,53,19,25,9,0,18,0,de98a8d95ea23e83f05e85fab4237f3a1e2f52b2e7c0554cbe334caea4b914ba
dynamic-3p-126,Dynamic,3,126,25,25,1,3,perfect,0,0,53,18,25,10,0,3,0,83b17e0f74000659c8c2b6ce59104bf00746ffe14d1c9a9bcd2c4c2c9e9bb2f3
dynamic-3p-127,Dynamic,3,127,25,25,1,3,perfect,0,0,56,21,25,10,0,9,0,a59969e8c5fd6e14fd26c15ba03c4d68d7b23fd38512632d4ba0b8fe06498f12
dynamic-3p-128,Dynamic,3,128,25,25,1,3,perfect,0,0,55,20,25,10,0,1,0,0dbdb9ff06265dd8acf667423f73a120e2f6398e1e0924f187f7a0b57c3a73ae
dynamic-3p-129,Dynamic,3,129,24,24,0,2,tempo,0,1,57,21,25,11,1,10,0,9612f0eaccdf3d048165810918ba9552894925402ce9d729b9660e7b14d8e9a1
dynamic-3p-130,Dynamic,3,130,25,25,1,3,perfect,0,0,58,22,25,11,0,4,0,603dd690729bc6919e13e70ac6820c26230a1c308f881098ad7e05eff0a10e28
dynamic-3p-131,Dynamic,3,131,25,25,1,2,perfect,0,0,54,19,26,9,1,0,0,cf066cdd396ae156dcb73bf721d5417e6288b0482a19f33fac299dce6adcefa7
dynamic-3p-132,Dynamic,3,132,25,25,1,3,perfect,0,0,57,22,25,10,0,18,0,bd0c9ba80cd91a9209ca6249d637d8e75c1e23d619caa29d0e5eff01e4136e3d
dynamic-3p-133,Dynamic,3,133,24,24,0,2,tempo,0,1,60,23,25,12,1,4,0,f2ad165b0ba10c708d8f3c2fdcfcc915e39462a935cc445cc6e45ca43a485e4e
dynamic-3p-134,Dynamic,3,134,22,22,0,1,tempo,0,2,60,23,24,13,2,10,0,c7a71f7f723a0e39faf86e06d390c2d573c5216192ff785fa6aeba8c8dda364e
dynamic-3p-135,Dynamic,3,135,23,23,0,3,tempo,0,1,59,23,23,13,0,0,0,7fa136b39f5b240958c6b880891567196e5069a09e8a32557d6609efa9ea8936
dynamic-3p-136,Dynamic,3,136,25,25,1,3,perfect,0,0,51,19,25,7,0,9,0,5bff8aac0914522a37eeed25a23a0022dc8b57458f24e7cee950d0b0ae7a1a78
dynamic-3p-137,Dynamic,3,137,25,25,1,2,perfect,0,0,55,20,26,9,1,6,0,f0ef9825ddb3f81c4114eb038f2cc6639d84e575a49c32b00f953d67096261f8
dynamic-3p-138,Dynamic,3,138,25,25,1,2,perfect,0,0,59,22,26,11,1,3,0,64597c12ba0709258b7751081e9609d09498e60ca58ca7c52a1ce12a534b71f1
dynamic-3p-139,Dynamic,3,139,25,25,1,3,perfect,0,0,53,18,25,10,0,3,0,1edddd49d0d3b1ac29d3c6786d3df96aa79567d6008b1de6f214ef5bb59e8aaa
dynamic-3p-140,Dynamic,3,140,25,25,1,3,perfect,0,0,56,20,25,11,0,2,0,0f0d5090477513daa7dc5090f2b8b4d8c837584f31b3161f8b57bcc97b7d159d
dynamic-3p-141,Dynamic,3,141,25,25,1,1,perfect,0,0,56,20,27,9,2,12,0,8235c42eb00a4b06e5c42fccd732463c43cc82bb5a016c4c8da73de726ba0651
dynamic-3p-142,Dynamic,3,142,23,23,0,1,tempo,0,2,58,22,25,11,2,7,0,decd14c38bfbcc6d0985fc7309c5d362c5523951b40e34b274515f573a06d3bc
dynamic-3p-143,Dynamic,3,143,25,25,1,2,perfect,0,0,53,19,26,8,1,8,0,052feceed29b4026c2aece1f0b95e03da27c0f4520a4b7dfae7294b6d33316d8
dynamic-3p-144,Dynamic,3,144,25,25,1,2,perfect,0,0,58,22,26,10,1,6,0,f4072b3dcb4512a16493ebbc30e0ff92f35f7de00cd163e732096a6cdd261c5d
dynamic-3p-145,Dynamic,3,145,22,22,0,1,tempo,0,2,60,23,24,13,2,3,0,2445c51914f3bd29461c67a6d96855b83e159f0e3f8f942d6343fad7c21c4ba4
dynamic-3p-146,Dynamic,3,146,25,25,1,3,perfect,0,0,57,22,25,10,0,15,0,d0774eb8aa2eaed5354f2335aaf52bc441821387b26bd999bb055cbb53369dcd
dynamic-3p-147,Dynamic,3,147,25,25,1,3,perfect,0,0,54,19,25,10,0,7,0,dc8e2b33e0656eba2d5562c1493d566597481299681fc218c3defb8f89836f18
dynamic-3p-148,Dynamic,3,148,24,24,0,1,tempo,0,1,59,22,26,11,2,3,0,92339c72fcb07164bf17b864e7d8c7fb14e60110c3ea8e1b80fb21ce7963c5aa
dynamic-3p-149,Dynamic,3,149,25,25,1,2,perfect,0,0,56,21,26,9,1,1,0,dfd375763fd68c564f03be4e4a89e3904de1b3ee26f3586846d5e56a7b563051
dynamic-3p-150,Dynamic,3,150,25,25,1,3,perfect,0,0,56,21,25,10,0,2,0,8621ab8c45ab79ddef1b298b923a3e8c12ac10386ffb70e40559a894acc61e80
dynamic-3p-151,Dynamic,3,151,25,25,1,2,perfect,0,0,53,18,26,9,1,15,0,e0d4dfd34b225ebeffab1fee6b5f3fc69a535222ca4764108e5db7901c0fe1ce
dynamic-3p-152,Dynamic,3,152,25,25,1,3,perfect,0,0,51,18,25,8,0,5,0,19576642d42bcca396014474b03414e11637187c92142a73eb0e4293f593e8df
dynamic-3p-153,Dynamic,3,153,25,25,1,3,perfect,0,0,50,18,25,7,0,1,0,800a0ff337d622a7d787b5a4c4d43823f1dd9af9b8b6346c1f05fb5795b28786
dynamic-3p-154,Dynamic,3,154,25,25,1,2,perfect,0,0,53,19,26,8,1,19,0,26963fb23e8610cce0b95b7998c17450be5e161a9335d3ffd26fcf8761594e38
dynamic-3p-155,Dynamic,3,155,25,25,1,2,perfect,0,0,56,21,26,9,1,6,0,5b8b7397b0788c87a6e988d12048a77c1c65b1c468c956e700bdcda1cb99b169
dynamic-3p-156,Dynamic,3,156,25,25,1,3,perfect,0,0,49,17,25,7,0,13,0,78c30090aeae45074ca81ebc38744ca251fa14d2a2141df8cc2bf7a09cc18041
dynamic-3p-157,Dynamic,3,157,25,25,1,2,perfect,0,0,59,22,26,11,1,2,0,384ba1129d7c8a9cb127f413996f3d97a7f7f63192b0877d51b297f2dc9f07d8
dynamic-3p-158,Dynamic,3,158,25,25,1,3,perfect,0,0,59,23,25,11,0,1,0,265d455fcde84295525aa956dca1940f2f03aa409fe78b5a424593ea6b8beb09
dynamic-3p-159,Dynamic,3,159,24,24,0,3,needed_last_copy_lost,1,0,59,23,24,12,0,8,0,4e011ead4cccdc9a5f00d4fc7428579c29ac739e79decb2117e51b2cb2905a38
dynamic-3p-160,Dynamic,3,160,25,25,1,2,perfect,0,0,51,18,26,7,1,6,0,b68767bfee00f4498531c3328b88b67331f2eb5bea0eebd2a2a640c8e75936d1
dynamic-3p-161,Dynamic,3,161,20,20,0,3,needed_last_copy_lost,1,1,59,23,20,16,0,0,0,3f790a95907a9a828192d8ddd0e8a2f6415517a009a9dfa73cb014cb049a0c32
dynamic-3p-162,Dynamic,3,162,25,25,1,1,perfect,0,0,56,20,27,9,2,2,0,0b631784ebd9d2cefa5ca2e92b7b0b41606f2f14c3fe9ba51903063c8893a280
dynamic-3p-163,Dynamic,3,163,25,25,1,3,perfect,0,0,58,22,25,11,0,13,0,0e7f5fdf3dcdd5e074fcb6f205a18c8bafe57055b8ca20b127309d66d49cfb73
dynamic-3p-164,Dynamic,3,164,25,25,1,1,perfect,0,0,54,19,27,8,2,5,0,a509611c7cecf606f7782671561b8f96bb62d5f10656d1c7bf186f3ab2216ef2
dynamic-3p-165,Dynamic,3,165,24,24,0,3,tempo,0,1,61,24,24,13,0,4,0,140d45ffc4b4bbca12607fc21c4c0721829e1bbbab55a1009d749f38d74e8909
dynamic-3p-166,Dynamic,3,166,25,25,1,3,perfect,0,0,52,19,25,8,0,1,0,98514edc6cd00303bf8442c5c66b9b57265fbd9213b21d5a3de23bb8de93dc57
dynamic-3p-167,Dynamic,3,167,25,25,1,3,perfect,0,0,49,18,25,6,0,10,0,24ec1a0a1ea3962576c5eb68b9e5bc919b49bc7bc44be0a968f6a849a3c45077
dynamic-3p-168,Dynamic,3,168,22,22,0,2,tempo,0,1,62,25,23,14,1,9,0,2712aa69440d21e741fa504b17923db82b3a7caf0b04007b76e47772d61a251f
dynamic-3p-169,Dynamic,3,169,25,25,1,3,perfect,0,0,54,19,25,10,0,2,0,46ec781e3d967599eabe30edbd15f12f8569e2fe0817c02373cd32c11ecde79d
dynamic-3p-170,Dynamic,3,170,25,25,1,1,perfect,0,0,55,20,27,8,2,7,0,6d0c2e40f055dab507d018695fc157aff58b167afc7b2a23fff6fa40e802ba6a
dynamic-3p-171,Dynamic,3,171,25,25,1,3,perfect,0,0,53,20,25,8,0,12,0,f01c0832061ca9748fb0865157f1cbce791cafdc875bbe02ebe7e081ce789ff8
dynamic-3p-172,Dynamic,3,172,25,25,1,2,perfect,0,0,52,18,26,8,1,0,0,f06c6068ba31dd6b0eda70da27c7413aa1ab3eddb61a9c7d79f75395f033097b
dynamic-3p-173,Dynamic,3,173,25,25,1,3,perfect,0,0,51,18,25,8,0,4,0,a5ad819d82837a0721568f03d560737ca1af4263406330861b6774e8f2554c04
dynamic-3p-174,Dynamic,3,174,25,25,1,3,perfect,0,0,49,18,25,6,0,11,0,bd4157ef631efd36e3f6a4790593e4620bfb65ac2539ba29e0351cf5a71dacba
dynamic-3p-175,Dynamic,3,175,25,25,1,3,perfect,0,0,56,21,25,10,0,3,0,f0c9a73a45c3a44a54c31db647ca08c1757446518644dd85507c0aaf1616c0af
dynamic-3p-176,Dynamic,3,176,25,25,1,2,perfect,0,0,51,17,26,8,1,4,0,c5cebf30baf6bd47e437dd5d80461ae620cdb6683387f7ab703fe65736890f03
dynamic-3p-177,Dynamic,3,177,25,25,1,3,perfect,0,0,56,20,25,11,0,0,0,d33c10cc9bd349c63fc7efd2cbf367acc342553a21f992af716ad5d353678fd0
dynamic-3p-178,Dynamic,3,178,24,24,0,3,needed_last_copy_lost,1,0,53,18,24,11,0,9,0,bb25b09926861c6105dca574356634db21f5cc56ed7891494c7f233d89f8406e
dynamic-3p-179,Dynamic,3,179,24,24,0,1,tempo,0,1,60,23,26,11,2,3,0,3326c265b5cf46b01a20b96a5ff46cc62173a28cf000995a6b04e813592c80b2
dynamic-3p-180,Dynamic,3,180,25,25,1,3,perfect,0,0,57,21,25,11,0,0,0,c68cfd4cb260701f9d963f5db5df918bbfc2ea817d61a69673d7824fb2adaeaa
dynamic-3p-181,Dynamic,3,181,25,25,1,3,perfect,0,0,53,19,25,9,0,7,0,8e57c8a2fa4a4d626c23c39f20abd691014fb730cf5d232e50cc3b7ec679fc5c
dynamic-3p-182,Dynamic,3,182,25,25,1,3,perfect,0,0,58,22,25,11,0,4,0,0bf98bf85a38300f52e8ae299ac17c732bab683f901c3d323e2b395c98dd7609
dynamic-3p-183,Dynamic,3,183,23,23,0,1,tempo,0,1,60,23,25,12,2,6,0,e7f3e2a76498b2a6d8684707489ca4e77e852ab5397501296f0f4593fd323180
dynamic-3p-184,Dynamic,3,184,25,25,1,3,perfect,0,0,56,20,25,11,0,11,0,6295d44e22f02578c04fb1a179b10cd11d46252a3cd102a011538515857b7997
dynamic-3p-185,Dynamic,3,185,25,25,1,1,perfect,0,0,54,19,27,8,2,9,0,71d86af2f73faa99644571d06d8bf39715ce81aa4d412170a6dc290be167e1a3
dynamic-3p-186,Dynamic,3,186,25,25,1,1,perfect,0,0,49,16,27,6,2,13,0,06c9dc4836d55fac193c843e117e4fcdade50b1ac06fe068e1fce7ebbb1180c7
dynamic-3p-187,Dynamic,3,187,25,25,1,3,perfect,0,0,53,18,25,10,0,7,0,a7f6260826050620db71016e50a9d43c6f1370663c06e915fdad25ddf0928258
dynamic-3p-188,Dynamic,3,188,24,24,0,2,tempo,0,1,60,23,25,12,1,5,0,39155ecb33d5dc113b453cfe146a502cfb7a3dd30c04cab053b4179d45a65653
dynamic-3p-189,Dynamic,3,189,24,24,0,1,tempo,0,1,58,22,26,10,2,3,0,8834b7290f2366191a21c0fa9c713af8a3d08b28328ffeb32a0d112b79c4a4db
dynamic-3p-190,Dynamic,3,190,24,24,0,3,needed_last_copy_lost,1,0,56,20,24,12,0,0,0,94292ce46ac4b10ec4181756d9361dae652d043a21ac1c329a15c569d3e04c29
dynamic-3p-191,Dynamic,3,191,25,25,1,2,perfect,0,0,57,21,26,10,1,11,0,2495e93e4b29f2ee02d749b4b33a45c83dc3a7c9a869e8da2751bc83124a81a2
dynamic-3p-192,Dynamic,3,192,25,25,1,3,perfect,0,0,60,23,25,12,0,13,0,74728e1d244d2be8ed277790f9f2b7a80d4607f5c84dbc7feeac7c72acfea6fb
dynamic-3p-193,Dynamic,3,193,25,25,1,2,perfect,0,0,56,20,26,10,1,1,0,25d0987682286bd101bf795932d1725ac116c5c835c44c57da7f8fc8e6fa7506
dynamic-3p-194,Dynamic,3,194,25,25,1,3,perfect,0,0,59,23,25,11,0,4,0,2265a5e5d3076bbb7f1f8e6c44c200eec014a50f924c730d9f29212acc376f85
dynamic-3p-195,Dynamic,3,195,25,25,1,2,perfect,0,0,48,16,26,6,1,6,0,5f39670c1acb42c2688f682751a1bc2928dd68a79387fd3f16227570aef13da0
dynamic-3p-196,Dynamic,3,196,25,25,1,1,perfect,0,0,52,18,27,7,2,6,0,b5cd9025d5d9e28c1ef6e06fb5e1efb1cefd41b7158d3eb34bd672da9450b518
dynamic-3p-197,Dynamic,3,197,24,24,0,2,tempo,0,1,60,23,25,12,1,18,0,eadbde85938c7e266caf75db8da346fc9682e249222520931f6fdf12907f2c1f
dynamic-3p-198,Dynamic,3,198,25,25,1,2,perfect,0,0,54,19,26,9,1,2,0,459221c88f6c14963a6874bd02bbf11c5de17a950c60c947a5d6be177e5e9ff4
dynamic-3p-199,Dynamic,3,199,25,25,1,3,perfect,0,0,55,20,25,10,0,1,0,55cbe9aa431e32f875f144a5d2c698e81dc061f064af4667157204f01ba8f470
dynamic-3p-200,Dynamic,3,200,23,23,0,2,tempo,0,2,58,21,24,13,1,0,0,567c675328c78cb38d906b650952f5f404a99ec71c33e59c59f57f75905efc3a
dynamic-3p-201,Dynamic,3,201,24,24,0,3,tempo,0,1,59,23,24,12,0,0,0,63e1e313478991f5be0e3ac433e275ca062c62fb9d5dbe975fbf519ef051d948
dynamic-3p-202,Dynamic,3,202,25,25,1,2,perfect,0,0,55,20,26,9,1,4,0,47677e9157f70c6be822a92f1b67f3cd0e9b15ee4426a5c0d60632eb0241e36d
dynamic-3p-203,Dynamic,3,203,25,25,1,2,perfect,0,0,50,18,26,6,1,11,0,02ca4fc649b63dc16538ad2585cd2f65a75d68129015c8b4181079ef4e200fa1
dynamic-3p-204,Dynamic,3,204,23,23,0,1,tempo,0,2,60,23,25,12,2,8,0,46f547e3f97b25e33ef47d8be3f9ab1d5f39f1f5d6d16a8a53f7d9ed184edfb0
dynamic-3p-205,Dynamic,3,205,25,25,1,2,perfect,0,0,56,20,26,10,1,0,0,252685d29f72fa6d9abdfafc782d9c27ddeb79a2b58e7f98426b9cf8f2d17fcc
dynamic-3p-206,Dynamic,3,206,25,25,1,3,perfect,0,0,54,20,25,9,0,2,0,1ef1f280eeb3d460ab15bf73cdd080a0f9e4368027617591b3bcba58b61ef513
dynamic-3p-207,Dynamic,3,207,25,25,1,2,perfect,0,0,51,18,26,7,1,13,0,90ad671c89be3ac6bb0cbd6f3b837f432c62d0658e080dffab0c6165818b75c4
dynamic-3p-208,Dynamic,3,208,25,25,1,3,perfect,0,0,54,20,25,9,0,9,0,bd24f3314f8e943c5b0edac1f5f7aa4a084b569b224bb9a26ba4fe2aa1750ffa
dynamic-3p-209,Dynamic,3,209,23,23,0,3,tempo,0,1,60,24,23,13,0,6,0,3f5db94188475386a9b630d7d85743d113420aadde008b9df5a80c3729f377f9
dynamic-3p-210,Dynamic,3,210,25,25,1,3,perfect,0,0,59,23,25,11,0,7,0,b7d268addb91f16da8412f915c79f341aa3b5c88301b2164aa00f458eac3cbb3
dynamic-3p-211,Dynamic,3,211,24,24,0,1,needed_last_copy_lost,1,0,55,20,26,9,2,1,0,be28f1596a885de911d6b0faed75094675781ad187db3702cb89f080c61fc3b8
dynamic-3p-212,Dynamic,3,212,25,25,1,1,perfect,0,0,53,19,27,7,2,10,0,edef5559487f7cd0bce48e67263310d91cebcab023a243c98cf9cbf6bad8a743
dynamic-3p-213,Dynamic,3,213,25,25,1,3,perfect,0,0,57,21,25,11,0,1,0,6bbf033d191adb5e573834d4e07e398defb488947edf1e5321c822d033af6a43
dynamic-3p-214,Dynamic,3,214,25,25,1,3,perfect,0,0,55,20,25,10,0,0,0,5102338da62b8bafbf1bbf5680f0dcd684a86219298325f8ecf118e34868a2cc
dynamic-3p-215,Dynamic,3,215,25,25,1,3,perfect,0,0,53,19,25,9,0,2,0,b92b06e462d270a3687db26a7df7271cf1e76f5f84b70e31c9e8dce9834075ef
dynamic-3p-216,Dynamic,3,216,25,25,1,1,perfect,0,0,58,21,27,10,2,7,0,45285f4542567af9879c8899a79e32fc6f3f66a0a7b1dc1d654ca37b5158a152
dynamic-3p-217,Dynamic,3,217,25,25,1,3,perfect,0,0,55,20,25,10,0,0,0,981e81decd5ad13e4d266e3085542e31e2d0e8660bd3c1bdf61e50c494191249
dynamic-3p-218,Dynamic,3,218,24,24,0,2,needed_last_copy_lost,1,0,57,21,25,11,1,9,0,b312c114c413c874ed395b065bc781cf902b5ae84f3d4615d1e5c01fb141e517
dynamic-3p-219,Dynamic,3,219,25,25,1,3,perfect,0,0,46,16,25,5,0,4,0,3199c1b8b4a7fd9e559a7fb6338211d1b11c2878b70874d889af4bace4fa382d
dynamic-3p-220,Dynamic,3,220,25,25,1,1,perfect,0,0,58,21,27,10,2,5,0,3dca95904b30c0814b9924c9052f26007575a18e10f86e66c7ab9ed922b4db77
dynamic-3p-221,Dynamic,3,221,24,24,0,3,needed_last_copy_lost,1,0,48,17,24,7,0,10,0,d744c0b5b0493e7bcc5ea4d85271224eea1b80a6c447881b3a8458e8ac6a6118
dynamic-3p-222,Dynamic,3,222,25,25,1,3,perfect,0,0,59,23,25,11,0,10,0,20c6221b473925053cbc1e3d7bfc11f7ed283de376d8f5740fb38c24b10ddd96
dynamic-3p-223,Dynamic,3,223,25,25,1,3,perfect,0,0,58,22,25,11,0,1,0,2a1be5ea38e30b005707d45d181c2410180c2302de1ba5fe055f87321ca877ba
dynamic-3p-224,Dynamic,3,224,24,24,0,1,tempo,0,1,58,22,26,10,2,11,0,2cc5cebe24eede8fefb1cd9d385768c1953dfe26f566df5198a040f505c56d87
dynamic-3p-225,Dynamic,3,225,25,25,1,3,perfect,0,0,50,17,25,8,0,6,0,f5b0b2cb048957e07c204e18d5aac3e020eea0430617a4fca5150fbe194df1c9
dynamic-3p-226,Dynamic,3,226,25,25,1,3,perfect,0,0,55,20,25,10,0,10,0,021b655e3803ce9af711fee8c8af041637a5e99594b4dcc084fe2cfbef16ad4d
dynamic-3p-227,Dynamic,3,227,24,24,0,1,tempo,0,1,56,20,26,10,2,3,0,5aa8ef57999c850804db5c95d2a7e06a4a4f068fe6f6ce3a9288157234565ab6
dynamic-3p-228,Dynamic,3,228,25,25,1,2,perfect,0,0,54,19,26,9,1,10,0,d58b5155906514f54da727925eb5a5c6b7ef78784354dabea4281aae6ff4fb61
dynamic-3p-229,Dynamic,3,229,23,23,0,1,tempo,0,2,62,24,25,13,2,5,0,8883c923b5c56d4a27e5e4a0d3cbb2b3172e9b976191b4e469ebaaa5ac690ba1
dynamic-3p-230,Dynamic,3,230,24,24,0,1,tempo,0,1,60,22,26,12,2,6,0,0de87e1ad6f945758584d78bdc0a623bcc067444c9eeca1225ba75c3baa7882e
dynamic-3p-231,Dynamic,3,231,23,23,0,2,tempo,0,2,61,24,24,13,1,7,0,8298a17100ed7c836f427a4ae4c10bf35a392fb4dd8a2db1d5669604970dd230
dynamic-3p-232,Dynamic,3,232,24,24,0,3,tempo,0,1,57,21,24,12,0,3,0,bf04bd92dd73f9fd4003b39c823301d0e92d34cd227f524c7024a288c50394fb
dynamic-3p-233,Dynamic,3,233,25,25,1,2,perfect,0,0,56,20,26,10,1,0,0,eebab909a0d8c6bbc184082a304d82a7d315ad9be7296b2ba099f49120bc28d5
dynamic-3p-234,Dynamic,3,234,25,25,1,3,perfect,0,0,57,21,25,11,0,0,0,63ab35f875c3039f595088a9cbdbedcd8887684eefa057a1392ceae50f229116
dynamic-3p-235,Dynamic,3,235,25,25,1,3,perfect,0,0,56,21,25,10,0,2,0,939ffadf9d01c0ff45d9dbde6229c24c1f8e22e50970ffee447677df4b1a662b
dynamic-3p-236,Dynamic,3,236,25,25,1,2,perfect,0,0,55,20,26,9,1,9,0,aa35963210720462d918ed44dfdb5a665f099a41f04c0cf5bebbafa532141dec
dynamic-3p-237,Dynamic,3,237,25,25,1,3,perfect,0,0,57,21,25,11,0,4,0,e470bd9c12ce5b092cb653dec1aa1096f6f117b17b1a33e078e547833ca66c29
dynamic-3p-238,Dynamic,3,238,25,25,1,3,perfect,0,0,51,19,25,7,0,7,0,f6be29176e1fc5ba557e5ab9ec3f0c7063a6c1718b22b7457ade99aeda9b76a6
dynamic-3p-239,Dynamic,3,239,25,25,1,3,perfect,0,0,58,22,25,11,0,4,0,3b50d5a65cd7bb2b713006071fa09d779533b7f01d1a6d3e616f7a3dd14d82fe
dynamic-3p-240,Dynamic,3,240,23,23,0,2,tempo,0,2,58,21,24,13,1,7,0,f713fc3336638b6418350fba8527caabd0939ff16bf42a74f3a0c361d07b4936
dynamic-3p-241,Dynamic,3,241,25,25,1,3,perfect,0,0,56,21,25,10,0,0,0,6c393b1f3f7b375c07b82b8dc5d44bd2650d8ac0a7bafcfcb7512de51d8d07f9
dynamic-3p-242,Dynamic,3,242,25,25,1,3,perfect,0,0,55,20,25,10,0,0,0,15b4cb7215c908ff015a9fd416ccd727d5cf5c67dd3fc500ab8b6403f907af91
dynamic-3p-243,Dynamic,3,243,25,25,1,3,perfect,0,0,54,19,25,10,0,4,0,88a9a8b8e92978f040773b920872ee789f04684c0e6c51ac65f4ea4aaeaef08c
dynamic-3p-244,Dynamic,3,244,24,24,0,3,tempo,0,1,56,20,24,12,0,4,0,d4f1972d223c0930223aca8bcec3e2b0c9f6ff12e1fe0cb9308fdd3f7453a1b5
dynamic-3p-245,Dynamic,3,245,25,25,1,2,perfect,0,0,49,17,26,6,1,11,0,cf9499bac809e79d87c022c928325ce316d9e4affcb9b3bcebd04ea1f53e0940
dynamic-3p-246,Dynamic,3,246,24,24,0,2,tempo,0,1,59,23,25,11,1,0,0,08bb56f42fb768e939475f63526fd72c54b6a9c3434d28ab1184c6fb73d3b2da
dynamic-3p-247,Dynamic,3,247,25,25,1,3,perfect,0,0,58,22,25,11,0,11,0,68f985fae4f7110046a18b172c25312445180f2492ee416e26102d25e4d4e7f8
dynamic-3p-248,Dynamic,3,248,25,25,1,3,perfect,0,0,56,21,25,10,0,4,0,06af237a7363bc6028455d039da809db630495542532227ac97fd17990b80174
dynamic-3p-249,Dynamic,3,249,24,24,0,1,tempo,0,1,57,21,26,10,2,15,0,6b4537f1cb1b13756b50a0a32ef2303e857c85b0c1b05533a8bbfaf7f03e9106
dynamic-3p-250,Dynamic,3,250,25,25,1,3,perfect,0,0,54,20,25,9,0,1,0,328b0a38411708e40ed689f938f4659b0a2b161c8f6cfa50a9d2be2548238662
dynamic-3p-251,Dynamic,3,251,25,25,1,2,perfect,0,0,51,18,26,7,1,2,0,20362daf0663b389091f97cfd1075553a3982ae1dc76ad827b13873f0bb9eac5
dynamic-3p-252,Dynamic,3,252,25,25,1,1,perfect,0,0,57,21,27,9,2,17,0,e5efa59b6a46d4ff5ad6185a987829e643b9d2add646160c776fb5890b63edd0
dynamic-3p-253,Dynamic,3,253,25,25,1,2,perfect,0,0,55,20,26,9,1,9,0,bb8e77d27863f5ab7b765a8579c0eb1f179ed4481db7d4a9d30f9efa904925d2
dynamic-3p-254,Dynamic,3,254,25,25,1,3,perfect,0,0,57,22,25,10,0,3,0,b49f657b726303ead4b7edd5f0de50502439620e5dbbcb2c3494273e86e16f23
dynamic-3p-255,Dynamic,3,255,24,24,0,3,tempo,0,1,60,23,24,13,0,0,0,5267a58ec704f71011e1d9d35ed020ca4e627d2db16f875c37dccdad9ec59159
dynamic-3p-256,Dynamic,3,256,24,24,0,3,tempo,0,1,61,24,24,13,0,7,0,813d6984cb93908656333e896fd79d4a6b3c336bab8b1e4204416a84c651289e
dynamic-3p-257,Dynamic,3,257,25,25,1,3,perfect,0,0,56,21,25,10,0,9,0,afb88d4c39a7f92801b93a2ddf38eedfe5bae4c25c0c6c8d3259956df57cc6f2
dynamic-3p-258,Dynamic,3,258,24,24,0,2,tempo,0,1,59,23,25,11,1,1,0,7388c9aeaffd99412946e760927a178343577052b4bbc829545ffb9306a5b2d2
dynamic-3p-259,Dynamic,3,259,25,25,1,3,perfect,0,0,50,17,25,8,0,12,0,ee3791de6dee166ce48ff8d098d3c996988fd977a90cd73b4c717bb74e2d4d54
dynamic-3p-260,Dynamic,3,260,25,25,1,3,perfect,0,0,58,22,25,11,0,0,0,60b02034febe3edb03c9feb702d7f508c7466aebc339f5d01acf102d0baa93eb
dynamic-3p-261,Dynamic,3,261,25,25,1,3,perfect,0,0,48,17,25,6,0,5,0,ee01a19fe673fbc4a4d7f08950977934d183704cb4275ec462c7c029716a5a59
dynamic-3p-262,Dynamic,3,262,24,24,0,3,needed_last_copy_lost,1,0,51,18,24,9,0,10,0,3b73d71c4e155de16e2665ac28b0cd906697bdcf78b1788db20f9bbf36ded5bb
dynamic-3p-263,Dynamic,3,263,25,25,1,3,perfect,0,0,57,21,25,11,0,1,0,cb946d507f5e32f5d32c922fc39f84763e937e8328ec10df329f7af60a202375
dynamic-3p-264,Dynamic,3,264,23,23,0,1,tempo,0,2,61,23,25,13,2,6,0,a5e21e154309b1ac9beacf026a84f751df7041453bf3a240eccf954f88a6ca8a
dynamic-3p-265,Dynamic,3,265,25,25,1,2,perfect,0,0,59,22,26,11,1,4,0,9c0f7e3cad28fcb9aa727f57439b7d5231fbf6346fb72862017f96ff0cd7224d
dynamic-3p-266,Dynamic,3,266,25,25,1,3,perfect,0,0,50,18,25,7,0,3,0,ac2d4aadc635a362a2c64de40ab5eab0cff4e3fa69eb45944ad052191a9cca38
dynamic-3p-267,Dynamic,3,267,25,25,1,3,perfect,0,0,55,20,25,10,0,2,0,e20dbefa6e20015e738ecc4f70a27190029329100a0ee2df3410b996212a2a20
dynamic-3p-268,Dynamic,3,268,25,25,1,3,perfect,0,0,55,20,25,10,0,6,0,4821239ff4d616704b557f189344b198da31232f9f8d241074a0823903a90750
dynamic-3p-269,Dynamic,3,269,25,25,1,3,perfect,0,0,55,20,25,10,0,4,0,6823241c4d8d9eafb834dbeb04bc2fd436538f2935d63d5d57c8f7fb284d6fb3
dynamic-3p-270,Dynamic,3,270,25,25,1,3,perfect,0,0,49,17,25,7,0,3,0,b89b2a18344ebb56e9aa81d8e8f79541906eee78fe698b77db3f382ac7b1eae2
dynamic-3p-271,Dynamic,3,271,25,25,1,3,perfect,0,0,52,18,25,9,0,13,0,4f9e62c97f7aad3ca055efff7525aa290878a9e3f4be893a8eadbb21efc839f4
dynamic-3p-272,Dynamic,3,272,25,25,1,3,perfect,0,0,58,22,25,11,0,0,0,261da201b171d34181438cdf0d2eebdb434798ad3d25c2339485fbc2ace1bef7
dynamic-3p-273,Dynamic,3,273,25,25,1,3,perfect,0,0,52,18,25,9,0,3,0,db184b7e2154ff46210bda918fc93a020fb57eb1924fd81bbec7c8870c708231
dynamic-3p-274,Dynamic,3,274,25,25,1,3,perfect,0,0,57,20,25,12,0,0,0,3015fcd8710c1bff8593e695ae302e515357078ecefa8c846e3e96318000d8af
dynamic-3p-275,Dynamic,3,275,25,25,1,3,perfect,0,0,57,20,25,12,0,0,0,1488c551b0523d0c7363493d80a4a751619085b086da36118a847a4301d719b5
dynamic-3p-276,Dynamic,3,276,25,25,1,3,perfect,0,0,56,21,25,10,0,6,0,a7e173c0aec1830d06c82d178aec0bdef61200d1b21d51b3d6f96c617ce2b043
dynamic-3p-277,Dynamic,3,277,25,25,1,3,perfect,0,0,47,16,25,6,0,13,0,0415843e972a5e8cdbe85bd1c38aa208a2b8f885b97641c3732a449b7d8d936d
dynamic-3p-278,Dynamic,3,278,25,25,1,3,perfect,0,0,56,21,25,10,0,2,0,bbe45e86140dc98253ad4126b1585355e22d251b8bc3f1baeb5ca590137ce2e4
dynamic-3p-279,Dynamic,3,279,25,25,1,1,perfect,0,0,56,20,27,9,2,7,0,30e961668405166a80228b89b16557c58cd2a30791224c8b99373597d1a7b49a
dynamic-3p-280,Dynamic,3,280,25,25,1,3,perfect,0,0,59,23,25,11,0,1,0,180d200f75455c1940ade9ad8efa472e84b4c79ed986ac7489f5000a04e33a82
dynamic-3p-281,Dynamic,3,281,25,25,1,2,perfect,0,0,55,20,26,9,1,10,0,c6d5a07179c9403a653f9ac4a9a477a616f4f1067dbd17be988b213f23318493
dynamic-3p-282,Dynamic,3,282,25,25,1,3,perfect,0,0,54,19,25,10,0,5,0,2a492debd21928f812a7675a3b07816c51da929dd17f5a545b016b743f7dc2fd
dynamic-3p-283,Dynamic,3,283,25,25,1,2,perfect,0,0,49,17,26,6,1,11,0,cb3e076a702b6456a4a52d3a6515a1f91a12fc467b48d71ca65d15ad5a906fc0
dynamic-3p-284,Dynamic,3,284,25,25,1,3,perfect,0,0,52,18,25,9,0,0,0,18310aecd435c80a3f0f836559c039157d30558be680fbfa7d878faa405c77da
dynamic-3p-285,Dynamic,3,285,25,25,1,2,perfect,0,0,54,19,26,9,1,13,0,708b881a4e08adeba425de51703dd85636c45322de1636fdefbf32f7e24a6326
dynamic-3p-286,Dynamic,3,286,25,25,1,2,perfect,0,0,58,22,26,10,1,8,0,00654649038d3556eef432535ae115294eb0c8ce70005fef69f782ba5532df19
dynamic-3p-287,Dynamic,3,287,24,24,0,2,needed_last_copy_lost,1,0,49,17,25,7,1,13,0,e3daf244be1a20c841208ae4a3316eb14ae5cd01a35bb83df2d6a4ba255c88bf
dynamic-3p-288,Dynamic,3,288,23,23,0,2,tempo,0,1,61,24,24,13,1,8,0,a558c4eef6568d63d4d5dc5008251b0de6c5a42c9976dec598c4d4829c123ef1
dynamic-3p-289,Dynamic,3,289,25,25,1,3,perfect,0,0,45,16,25,4,0,10,0,7a215d4726cc8954954998ece82a82505783a22f1099d55aea31ff263b475913
dynamic-3p-290,Dynamic,3,290,25,25,1,3,perfect,0,0,51,19,25,7,0,12,0,5bd9a45a950c0825a44a1f4c156f0a3fef82ddd6c827c7cb7d4b8ded88919465
dynamic-3p-291,Dynamic,3,291,25,25,1,3,perfect,0,0,48,17,25,6,0,4,0,62e2fa891e5afec8d048c9998164ce77c2da1671aac853d638bb716d30ebbb5f
dynamic-3p-292,Dynamic,3,292,25,25,1,2,perfect,0,0,59,22,26,11,1,13,0,eebf52906f9c265f3737453bd7595fdd2a39f3b4133b45a49b7332771cccd92e
dynamic-3p-293,Dynamic,3,293,25,25,1,3,perfect,0,0,57,22,25,10,0,3,0,d87e414b2586f0a6d720ec93efeaa0b6a46e4d6146e17e2238d8587c02847b0c
dynamic-3p-294,Dynamic,3,294,25,25,1,3,perfect,0,0,50,17,25,8,0,3,0,686e7244c07df7754b4fda4a613a22e712fb2f436643e4cc04f2d38e54e80fc4
dynamic-3p-295,Dynamic,3,295,24,24,0,1,needed_last_copy_lost,1,0,54,19,26,9,2,1,0,7619118782082a50d51e157357a86caa76f30b7a6f42b151962158bc2da46d41
dynamic-3p-296,Dynamic,3,296,25,25,1,3,perfect,0,0,51,18,25,8,0,5,0,cc8724ec128f295d49ec7e4c40472c6a95c2f5c790f9cdd5025640ae2983f526
dynamic-3p-297,Dynamic,3,297,25,25,1,3,perfect,0,0,57,21,25,11,0,1,0,b48a9a215fb2686a2b6e31236aa30b698980840e7ca27fd1e513537a9ff68493
dynamic-3p-298,Dynamic,3,298,25,25,1,3,perfect,0,0,50,18,25,7,0,10,0,dffcdfb1bf435db8a42d69f1ca2a8a99aebe0f13b337c628d70b10e6ec7ca508
dynamic-3p-299,Dynamic,3,299,25,25,1,3,perfect,0,0,51,18,25,8,0,3,0,beb48d406a0dfcce9fc700f43b6f998b4944f6386961d871a987cac646b45bfb
dynamic-3p-300,Dynamic,3,300,25,25,1,3,perfect,0,0,52,18,25,9,0,4,0,3b570a809445369b9d9310d09b48b1ff1f650927d2a84ce478f57fbc4bd4c3b8
dynamic-3p-301,Dynamic,3,301,24,24,0,2,tempo,0,1,61,24,25,12,1,5,0,679b4b4c602ff027ba93a45f7f5fedf1e660deb489a7e0fd8770fc2facf43537
dynamic-3p-302,Dynamic,3,302,25,25,1,3,perfect,0,0,54,19,25,10,0,6,0,d6c5f2f62f79668531e9177beddad267f85657bb55e2538cbe268518c2519576
dynamic-3p-303,Dynamic,3,303,25,25,1,3,perfect,0,0,52,19,25,8,0,6,0,97c87cdaf01947677207119e82fce6e034363a7fc380d4e133c14f46d8157e98
dynamic-3p-304,Dynamic,3,304,22,22,0,3,tempo,0,3,62,25,22,15,0,8,0,4a4ea86b67bb22902971be5ed42f45652f433e3068fbb54d3f7924f8b528691d
dynamic-3p-305,Dynamic,3,305,25,25,1,3,perfect,0,0,59,23,25,11,0,1,0,c4598bef1bc5f060157af038eb0bd1f534470728ccdd61ac8c63af0970e24fa1
dynamic-3p-306,Dynamic,3,306,25,25,1,2,perfect,0,0,50,17,26,7,1,7,0,e7ff006adaa28b1dab1df21b536023536926b187e9fc8090256c22e150c123da
dynamic-3p-307,Dynamic,3,307,25,25,1,3,perfect,0,0,54,19,25,10,0,13,0,409badc4f900827e485ac471061ad3233808c385b8b54c43c9c9621096f4ed04
dynamic-3p-308,Dynamic,3,308,25,25,1,3,perfect,0,0,55,20,25,10,0,15,0,444c6e50c6cdee4351bb1584ff226ba81831497dcf60c72597fa483e9b30669d
dynamic-3p-309,Dynamic,3,309,25,25,1,3,perfect,0,0,56,21,25,10,0,3,0,87c207f9f3b01690823e314708cd5a6f4e8808932442ba3f16ca9f6b25ccd4f9
dynamic-3p-310,Dynamic,3,310,25,25,1,3,perfect,0,0,49,17,25,7,0,0,0,485c01ce8113761652407903855f308ab024a89d0c7e8d4cb9aeb6612c839b9b
dynamic-3p-311,Dynamic,3,311,25,25,1,3,perfect,0,0,55,20,25,10,0,3,0,def85d74db5092b0f8a7cf59abdca587765a69e55bc5ee98dce0fdab448fec12
dynamic-3p-312,Dynamic,3,312,25,25,1,3,perfect,0,0,55,20,25,10,0,10,0,97ca6eb1475a42812ff4808010e3dc2b62478fbfb5c0f0477ba3c097c9888a8f
dynamic-3p-313,Dynamic,3,313,25,25,1,3,perfect,0,0,49,17,25,7,0,13,0,1405986489a7c28726f3ae43f220ac40407e10a6940646aab497fe499fa956af
dynamic-3p-314,Dynamic,3,314,25,25,1,2,perfect,0,0,56,21,26,9,1,1,0,41bb858e9b8adf6fb27e378c1236c4913da9cbb9caca3bedfe488ef3cc3c8d2e
dynamic-3p-315,Dynamic,3,315,25,25,1,3,perfect,0,0,57,22,25,10,0,9,0,abfe33856ee2e5c7d39849ca27509ba40f37f62584bc07047232f7d4335a8545
dynamic-3p-316,Dynamic,3,316,24,24,0,3,tempo,0,1,59,23,24,12,0,0,0,1f76241f42597bfa5792f8ac3be8f14ed988641eeb3404e8cc0fe3a19cffccbe
dynamic-3p-317,Dynamic,3,317,25,25,1,3,perfect,0,0,58,22,25,11,0,0,0,2ac395c52146c46917ccb81c9500eb7704616a321a86f6055114252147a7e4c9
dynamic-3p-318,Dynamic,3,318,25,25,1,1,perfect,0,0,56,20,27,9,2,15,0,2ef1762710c262d40adb86df010eb4323fecc57331f1b99e59a872d468c1d9ca
dynamic-3p-319,Dynamic,3,319,22,22,0,1,tempo,0,3,62,24,24,14,2,13,0,de06db24053f30466f9b06a7642e20a049ecd89e4ccba384da9863e7f7289a37
dynamic-3p-320,Dynamic,3,320,25,25,1,3,perfect,0,0,52,19,25,8,0,2,0,988b8b207734e441d4fd04c49c3a188aab4fdea368e13969c66b216ca3808504
dynamic-3p-321,Dynamic,3,321,25,25,1,3,perfect,0,0,47,16,25,6,0,4,0,9d94dda8d38697fc6583e75a7957ad88730cec5c9f34c493fd83877623bc02e9
dynamic-3p-322,Dynamic,3,322,25,25,1,3,perfect,0,0,59,23,25,11,0,2,0,9922dbc928f68d06aa10cd54cc5e5d46cef978d99b6dc71001c3dfaf9f87ba44
dynamic-3p-323,Dynamic,3,323,24,24,0,3,tempo,0,1,60,24,24,12,0,17,0,a00ce05139524693798d5ffb82ecf6277595b2dbb219015db898d8ef40c91da0
dynamic-3p-324,Dynamic,3,324,24,24,0,2,tempo,0,1,56,20,25,11,1,7,0,510f054f412e700a82143c48e915f824eef45576bfa9943504d3acce328e033f
dynamic-3p-325,Dynamic,3,325,22,22,0,1,tempo,0,3,62,24,24,14,2,8,0,64b0c2b8fc56dc397405b603088db16cd731a6e519840ef7fe318872b2ec7084
dynamic-3p-326,Dynamic,3,326,25,25,1,3,perfect,0,0,56,21,25,10,0,6,0,e422155604d93192edecfe0b122c6032b9191a66fb7ca11c1823a47cd83aa2e1
dynamic-3p-327,Dynamic,3,327,25,25,1,2,perfect,0,0,53,19,26,8,1,13,0,ecf428af25ad7024f384c0e8e772c98e4fbd5dbd629d4fc1cc49d6129a59d34f
dynamic-3p-328,Dynamic,3,328,23,23,0,1,tempo,0,2,60,23,25,12,2,12,0,c215c022cc3305a7a95e68a9881df38a1c3bea96b88bba3577abc69856bbda25
dynamic-3p-329,Dynamic,3,329,25,25,1,2,perfect,0,0,57,21,26,10,1,14,0,bac1cae9359f8a1b5522153c769f6f89d47e3bd20e5846793f2fff209e421dcb
dynamic-3p-330,Dynamic,3,330,23,23,0,2,tempo,0,2,60,23,24,13,1,7,0,483374d0a6a543d809b117c98afbfc6c9c7918a317f55476ad909c93c1fb5ff6
dynamic-3p-331,Dynamic,3,331,25,25,1,3,perfect,0,0,44,15,25,4,0,12,0,b40be64fea30e1c16ff9d402f528b7ee9a799b1e2394d27778ca581998fa8a50
dynamic-3p-332,Dynamic,3,332,25,25,1,3,perfect,0,0,56,21,25,10,0,0,0,a657822d4c6b1ad0c7aea2d169c8c5c60b67461593e7629d7f3c28d7a86c8cdd
dynamic-3p-333,Dynamic,3,333,25,25,1,3,perfect,0,0,50,18,25,7,0,1,0,b765053aabf85611914e3c3852b218ef888308edaa23f3f2dca9ffff947057bb
dynamic-3p-334,Dynamic,3,334,21,21,0,2,tempo,0,4,62,25,22,15,1,3,0,87b1de18f086b9f8a2f5745ed87f4c008788806b73cd71305056b3820eb5d774
dynamic-3p-335,Dynamic,3,335,25,25,1,3,perfect,0,0,58,22,25,11,0,3,0,50545448a7908cebe0f8c4e99db9ef1b6ceaa9e0627e7ca4a96ca4f415449e5b
dynamic-3p-336,Dynamic,3,336,25,25,1,3,perfect,0,0,53,18,25,10,0,1,0,9debf34fe27e2f4d76fc001b0e52b397f9556a8ac876b13b69bc22ef7a2c5c85
dynamic-3p-337,Dynamic,3,337,25,25,1,3,perfect,0,0,47,17,25,5,0,10,0,dad36dc22df867651799380dc53145d912fa52a171e5cc4abd691d936c60dc56
dynamic-3p-338,Dynamic,3,338,25,25,1,1,perfect,0,0,59,21,27,11,2,3,0,d0fc0f60bcc4b3fe9e646b0b551843b377e43d33c2e8c2ff77e94d5c515d1dc6
dynamic-3p-339,Dynamic,3,339,24,24,0,1,tempo,0,1,56,20,26,10,2,0,0,4348c4b5257e45149af4496edc37934a9e91641dbed8c7e75708bfc638a205eb
dynamic-3p-340,Dynamic,3,340,22,22,0,3,tempo,0,3,60,24,22,14,0,0,0,5039d2d76ed68cfec6da3b479cdd32eb7ce8f540dfe0edf550bb9e9c229ebef4
dynamic-3p-341,Dynamic,3,341,25,25,1,3,perfect,0,0,60,23,25,12,0,8,0,54264c11a6da766c619a07cdc5b2a1cbac5e0a4803b2810ccbdba3150a7581ed
dynamic-3p-342,Dynamic,3,342,25,25,1,3,perfect,0,0,58,22,25,11,0,1,0,a20c6d7e34b98b6f925d0cd0c6c13f669e706d8023b00ec2f672315de6790411
dynamic-3p-343,Dynamic,3,343,25,25,1,2,perfect,0,0,56,21,26,9,1,10,0,d62d21e768ede709cab873e21e0cac83460a03bf35993b4f5a67dbe1b0f008a1
dynamic-3p-344,Dynamic,3,344,25,25,1,3,perfect,0,0,55,20,25,10,0,9,0,e077ce20f2a1899532477301e8d1cfd6f96e82f81c9a5820d54443b15d7b0911
dynamic-3p-345,Dynamic,3,345,25,25,1,1,perfect,0,0,56,20,27,9,2,11,0,b10231be610603e1d57cf153ac97387f387ce82a019d2f57adec6e5fdbdb5900
dynamic-3p-346,Dynamic,3,346,25,25,1,3,perfect,0,0,59,23,25,11,0,2,0,58e78c027ecf7fb1a08ca6c1e12c8bc1af11b4512e85ba19bef8f4a00a6995d6
dynamic-3p-347,Dynamic,3,347,25,25,1,3,perfect,0,0,57,22,25,10,0,1,0,51b6fd0511a0848c7a2b778496c4a099c082096192b21e4effb4dcb3f9426e0f
dynamic-3p-348,Dynamic,3,348,25,25,1,1,perfect,0,0,60,22,27,11,2,7,0,330e8f0214dd04cfbf8caa0f6756c5de195dd71e8b618d70b32cff03ed186c7f
dynamic-3p-349,Dynamic,3,349,25,25,1,2,perfect,0,0,59,22,26,11,1,9,0,f86e57dabff44c2d8da951209ecfc4b4d5c2c3b9a478baeadb4473b7a0290af8
dynamic-3p-350,Dynamic,3,350,25,25,1,3,perfect,0,0,49,17,25,7,0,4,0,156d7c6d6d531fd78727c607f0e7dd3246c909d8a71caff4f878e6e6597a9cbb
dynamic-3p-351,Dynamic,3,351,25,25,1,3,perfect,0,0,58,22,25,11,0,14,0,3ff1adf0d726e4791676c10ab9fc3ef5035355e99bd5c63acf0429d14c80371a
dynamic-3p-352,Dynamic,3,352,25,25,1,3,perfect,0,0,54,19,25,10,0,9,0,a9bcc75a202b59763dd1022d63f693f166ddb7d96e8684afb27108832255089c
dynamic-3p-353,Dynamic,3,353,24,24,0,2,tempo,0,1,58,22,25,11,1,1,0,d07e643d567fd6b37d66675305303300b37d2a5c294c1aa1ff3738f0a00875b4
dynamic-3p-354,Dynamic,3,354,23,23,0,3,tempo,0,2,60,24,23,13,0,4,0,e53d2d50a7a5ec863b2c3d63622a3c988eeaa9dde2b78078af854014e91a4992
dynamic-3p-355,Dynamic,3,355,25,25,1,2,perfect,0,0,53,18,26,9,1,7,0,e4c4048682b34efc8fca2e6274f2ebc4c558d922ab18912529849d5870fbf9e8
dynamic-3p-356,Dynamic,3,356,25,25,1,3,perfect,0,0,50,18,25,7,0,1,0,a26685819d5b201071d415bb7488094eb4da12d9bef1ad54dd153e103aa855c2
dynamic-3p-357,Dynamic,3,357,25,25,1,3,perfect,0,0,50,18,25,7,0,5,0,78d7582a2aab62811479bf07b7795453c49fe90d7bd6dfc169bc5b16e88e6b68
dynamic-3p-358,Dynamic,3,358,25,25,1,3,perfect,0,0,55,20,25,10,0,1,0,1414115d1299845b6594c37ee2739a3568691910d44ab6d17027a50e83753ec5
dynamic-3p-359,Dynamic,3,359,25,25,1,3,perfect,0,0,51,18,25,8,0,1,0,52e97931d3d21e81aa8314298ac307ded953134fdc1d3e245ba141e01d4f9446
dynamic-3p-360,Dynamic,3,360,24,24,0,3,tempo,0,1,58,22,24,12,0,12,0,bab6614c5e6472a43119eac7c425be6e54c41bc07488434d6c858939aa55424c
dynamic-3p-361,Dynamic,3,361,25,25,1,2,perfect,0,0,56,20,26,10,1,9,0,78447ccf870f22d7732495fd72f02aae99b3b57d02144d3b9b483ee86ba57ddf
dynamic-3p-362,Dynamic,3,362,25,25,1,3,perfect,0,0,56,20,25,11,0,7,0,038a1425badfbbde13c22c402bbea7a1795a769052321a63d8423d685e65251d
dynamic-3p-363,Dynamic,3,363,24,24,0,3,tempo,0,1,60,24,24,12,0,5,0,32535a9c0846873ed919e7968d77b8411fe21e1fab56dc5c9ad406ed47f6efdb
dynamic-3p-364,Dynamic,3,364,25,25,1,3,perfect,0,0,54,20,25,9,0,2,0,eb640dd973320aae26fc789d6432fc34604d70f10683c8d88817f0006cd3ee04
dynamic-3p-365,Dynamic,3,365,25,25,1,3,perfect,0,0,54,19,25,10,0,4,0,748aac55bdc56a8109073fe0c534b224eb8610d0dbea182eeb7f1e82f3f59ba7
dynamic-3p-366,Dynamic,3,366,25,25,1,3,perfect,0,0,54,19,25,10,0,0,0,661a3ba83e0e16f37ef0fdfcdf2edfb1135afcd3d6fc3137466e8d631a34822d
dynamic-3p-367,Dynamic,3,367,25,25,1,3,perfect,0,0,57,21,25,11,0,0,0,851adaab0a31caed40d8dec5240a72a3794f5113a59e907d0a161ea9e5f06382
dynamic-3p-368,Dynamic,3,368,25,25,1,3,perfect,0,0,48,17,25,6,0,13,0,ad8932d16de34a66f2eaaae9b079a9b3a10749de5c4490fa9b60375bd45140e7
dynamic-3p-369,Dynamic,3,369,24,24,0,2,tempo,0,1,59,23,25,11,1,8,0,600009b8139800c84173fa769c33fd9b6bbf974e60b29235aac37e02ecb88247
dynamic-3p-370,Dynamic,3,370,25,25,1,3,perfect,0,0,53,19,25,9,0,11,0,52d60dcc35ba7044408866dc7d0a55b12a95e16ec6b685e6eb3b1e2faed184f4
dynamic-3p-371,Dynamic,3,371,24,24,0,1,tempo,0,1,61,23,26,12,2,4,0,7c1eb9c42382f0c4d139c91f8b97e3119ba63f1848ddf81ce4d9976d658d8274
dynamic-3p-372,Dynamic,3,372,25,25,1,2,perfect,0,0,49,17,26,6,1,2,0,16fc962839b4d14e85a30fc3d1d8d4e10bca4a980ff6d1a45c656fdb11b5449b
dynamic-3p-373,Dynamic,3,373,25,25,1,3,perfect,0,0,56,20,25,11,0,1,0,47474412e7b8db8cfa4d6dbc6c9944837982a57257b780055a9722704d4a5f7a
dynamic-3p-374,Dynamic,3,374,25,25,1,3,perfect,0,0,56,21,25,10,0,0,0,f53bd6dbf85b761f77ebb9cab3750e56084733e6b5e10227fff6920ff2c10151
dynamic-3p-375,Dynamic,3,375,25,25,1,3,perfect,0,0,56,21,25,10,0,0,0,c7f80c16436b49a9fc05ae7ea846b4cc6100f08f370eaaba26ae24ef4b344c57
dynamic-3p-376,Dynamic,3,376,25,25,1,3,perfect,0,0,46,16,25,5,0,10,0,25f6a8fbc4e1a94fee71f2a0593223689cbbbde9000ce63d28849992eb86828c
dynamic-3p-377,Dynamic,3,377,25,25,1,3,perfect,0,0,59,22,25,12,0,3,0,6305a9e3053a2e90814e988f30ce4219e68e924a505185704b513da4b5cd8114
dynamic-3p-378,Dynamic,3,378,25,25,1,2,perfect,0,0,55,20,26,9,1,9,0,6e2ff5a06315dc309d3955e4fa66b33317f8a3cc9cffaca7b07513341182de19
dynamic-3p-379,Dynamic,3,379,25,25,1,3,perfect,0,0,44,15,25,4,0,9,0,e27083bcde59d55c9074d68b26bd2afd828368e302280dde0a0fdbd6ea946a52
dynamic-3p-380,Dynamic,3,380,25,25,1,3,perfect,0,0,55,20,25,10,0,6,0,8216472df23d98c00b9f2e445b4021200496ed72a252343267e45870c140a794
dynamic-3p-381,Dynamic,3,381,25,25,1,3,perfect,0,0,56,21,25,10,0,3,0,41ae195cc1ffd021a7e3d07deac2e0585a95add91d219159051ca8237593675f
dynamic-3p-382,Dynamic,3,382,25,25,1,3,perfect,0,0,53,19,25,9,0,4,0,03f8f3a92d9a9a5d96ca281f7ba9cd90254b474eac5bc19ec94bdb232a972cfc
dynamic-3p-383,Dynamic,3,383,25,25,1,3,perfect,0,0,54,19,25,10,0,0,0,0ac7abfc3763d19fc01c8ae6776604f00d6a06e03f3eda2e301b64526fcf9586
dynamic-3p-384,Dynamic,3,384,24,24,0,3,tempo,0,1,59,23,24,12,0,4,0,9bccc57753951c6a5ab7b26bd4cf03045c3afbbe661c767a6553b78cdd6de42d
dynamic-3p-385,Dynamic,3,385,24,24,0,3,needed_last_copy_lost,1,0,58,22,24,12,0,3,0,b041ec7011a37b045e18d2765d10cc72e50679af32e6310e375e824207384815
dynamic-3p-386,Dynamic,3,386,25,25,1,2,perfect,0,0,58,22,26,10,1,1,0,6afffc77085dafc3975105555556aee34beb8cb824ef00d8473db156fa72e273
dynamic-3p-387,Dynamic,3,387,25,25,1,3,perfect,0,0,51,18,25,8,0,8,0,c5b43f7e003c6b8db19fd8ccf1fcf6415951485853e12879317097243602c649
dynamic-3p-388,Dynamic,3,388,25,25,1,3,perfect,0,0,53,18,25,10,0,13,0,a32f81c1eedf398b761286f580c90dd33ea3e8c3aadf30692f975be9e812b016
dynamic-3p-389,Dynamic,3,389,25,25,1,3,perfect,0,0,55,20,25,10,0,0,0,113d8a17a5201721560b10bd44e5aaf0e3c958ded368f8ebe452c7c1250838a4
dynamic-3p-390,Dynamic,3,390,25,25,1,3,perfect,0,0,54,20,25,9,0,16,0,3d2537136300c53d65d420e91909bf8af566bd544278a0fc2237cbf81af2ddac
dynamic-3p-391,Dynamic,3,391,25,25,1,3,perfect,0,0,53,18,25,10,0,6,0,fdf9eaddbc6a4868f599f0c5c016632fc1f7916186eb4c15bdd1e49034c21d23
dynamic-3p-392,Dynamic,3,392,25,25,1,3,perfect,0,0,60,23,25,12,0,2,0,cf39847304859f4638cc07285d302daf90b9987f98472b2a76ad42fee6994c00
dynamic-3p-393,Dynamic,3,393,25,25,1,3,perfect,0,0,53,19,25,9,0,1,0,c63cdd607eff1f70738ffef56ca66729d666b626a3dd64306e2d3edfe24bdd01
dynamic-3p-394,Dynamic,3,394,25,25,1,2,perfect,0,0,54,19,26,9,1,8,0,f43ccb70490f124868e2cf7eadd01c69abf84ea4dc808448a7585b0d2379a8fc
dynamic-3p-395,Dynamic,3,395,25,25,1,3,perfect,0,0,52,19,25,8,0,13,0,14d6450ac9d167e789ad30389fc71cff986a1a4a8b9f4c701be2a8dddc79aa34
dynamic-3p-396,Dynamic,3,396,23,23,0,1,tempo,0,2,58,21,25,12,2,0,0,3862fa5c58f2ddb5ddbb4079c0e08f4b977d899707f174ff4b2c96d02cdc9f52
dynamic-3p-397,Dynamic,3,397,25,25,1,2,perfect,0,0,55,19,26,10,1,0,0,2761144bae4425cfb5ce83ef403577c775b07f97132eca8ed255a814d7a83d82
dynamic-3p-398,Dynamic,3,398,25,25,1,3,perfect,0,0,54,19,25,10,0,16,0,b0562d285533fbf5bf6c7b7539a59a98f8a979251e43072f0c3a5e56f62c9c66
dynamic-3p-399,Dynamic,3,399,24,24,0,3,tempo,0,1,60,24,24,12,0,6,0,80dd9c8bfb8592c406de846f74275d8b0673b3f91f605050d8f6bed464278e45
dynamic-3p-400,Dynamic,3,400,25,25,1,3,perfect,0,0,60,23,25,12,0,6,0,e080374fedb15d43cadecaf72e384b237c4f6d4788b81620af65115933702e2f
dynamic-3p-401,Dynamic,3,401,25,25,1,3,perfect,0,0,56,21,25,10,0,14,0,62acd9eda5b7f525dce6542bbc8ad442a92a2a909c49d5a65da5ca24b97e64f4
dynamic-3p-402,Dynamic,3,402,25,25,1,2,perfect,0,0,57,21,26,10,1,0,0,3cb8ec518e571b05838025668ca0fc3363949a71c0e316ca49ce98e3e0e1fd5e
dynamic-3p-403,Dynamic,3,403,25,25,1,3,perfect,0,0,57,22,25,10,0,4,0,8e81ec886ef8b740e413d649c66da98e03f5bae14f943f2be05585c3833f7faf
dynamic-3p-404,Dynamic,3,404,25,25,1,3,perfect,0,0,52,19,25,8,0,0,0,d061674ba8c9996999d176d33573cd3378389dfc2e5b8bdde2fb79b02cb95e7a
dynamic-3p-405,Dynamic,3,405,24,24,0,2,tempo,0,1,59,22,25,12,1,12,0,aab8b7bcdcc429e42048289e1351071be71934112ed664ac530b99e3ecad3471
dynamic-3p-406,Dynamic,3,406,23,23,0,1,tempo,0,1,59,23,25,11,2,11,0,67cf280c1820a42c5e24c99ce8eb9d8dd4e6c7911f19f917ede280a26ae761a0
dynamic-3p-407,Dynamic,3,407,25,25,1,3,perfect,0,0,54,19,25,10,0,0,0,9c8dea94ef0683fc22e6a54f103ecc29307b02469bb1cf4fa4c3f3ca11f2514f
dynamic-3p-408,Dynamic,3,408,23,23,0,2,tempo,0,2,60,23,24,13,1,16,0,5c09da9a5793baeab9b167659e8be9fdd93801d11b5b425c37e11dfb30cc4b45
dynamic-3p-409,Dynamic,3,409,22,22,0,3,tempo,0,2,56,20,22,14,0,0,0,213212cbb45861d60fc4e5e7fb845b86db983f7103d58a73ffb3aae7ca7e3265
dynamic-3p-410,Dynamic,3,410,25,25,1,3,perfect,0,0,58,22,25,11,0,2,0,20b3390d3aebb148e6ffc1aaa09cd095fa46a08ad3cd6c9827b9a060931e1f6f
dynamic-3p-411,Dynamic,3,411,24,24,0,1,tempo,0,1,60,23,26,11,2,19,0,6c1208f676d95eeefec38de4b9e34e858e52959d8ac9fd16d71ba629222a56cb
dynamic-3p-412,Dynamic,3,412,23,23,0,1,tempo,0,2,59,22,25,12,2,15,0,f7ac10ff26d11f6a7b3c3edf739bb0fbd7032771dd3eccfd01b416a9c6ebbe9f
dynamic-3p-413,Dynamic,3,413,25,25,1,3,perfect,0,0,53,18,25,10,0,7,0,c0cda80cf8a7420175b1b99eedd7ded1953d6b3bf55bb91707d6373ab1e65e06
dynamic-3p-414,Dynamic,3,414,25,25,1,2,perfect,0,0,57,21,26,10,1,5,0,6a681fe20955c763458e5248c9d065826b3cdb5bd8c4e888221bb31df51dc3b2
dynamic-3p-415,Dynamic,3,415,25,25,1,3,perfect,0,0,56,20,25,11,0,0,0,93803f27818c79381be384769edbd899305e5453f1662b6b989d8cae36aa1faf
dynamic-3p-416,Dynamic,3,416,25,25,1,3,perfect,0,0,54,19,25,10,0,8,0,f5d97065749b015f49eaa56225c27c24cf3a8c0df23935fd554c0bfaa655e5df
dynamic-3p-417,Dynamic,3,417,24,24,0,3,tempo,0,1,60,24,24,12,0,11,0,ce2bcb3bc46703556bf80ac55cbc13344206fefe24e2093ee3b22c91369bba6c
dynamic-3p-418,Dynamic,3,418,25,25,1,3,perfect,0,0,56,21,25,10,0,1,0,49b1b98d81c7ff74ff4b00e398d56f16bfe916e869f1de60eda1fb841fbe0da2
dynamic-3p-419,Dynamic,3,419,25,25,1,3,perfect,0,0,57,21,25,11,0,12,0,964f375615875dcc86e8f9413b20c2a4ebc30874ce52d6428f987d25d77bdf72
dynamic-3p-420,Dynamic,3,420,25,25,1,2,perfect,0,0,52,18,26,8,1,14,0,097d6448f2edeb5d5cc8165f37fe5092d9222dac3ea80c9cf5e71890503b1507
dynamic-3p-421,Dynamic,3,421,25,25,1,3,perfect,0,0,55,20,25,10,0,3,0,b98db27f491b09122f0ecb6cacdd35a3c846a9449c4e0d852abd9dccea0abbe9
dynamic-3p-422,Dynamic,3,422,25,25,1,3,perfect,0,0,46,16,25,5,0,2,0,299a61b6a876ddd69f3365f9b10856cd0145fa68b0dcbad0167b4ed62a0b1546
dynamic-3p-423,Dynamic,3,423,25,25,1,3,perfect,0,0,56,21,25,10,0,0,0,afd092edfadf3622cd5d8c0ec7dd511fbca9807c3ef7efc4262c2747fe7d7f1b
dynamic-3p-424,Dynamic,3,424,24,24,0,2,tempo,0,1,60,23,25,12,1,10,0,cc9422104f3c6ccef10d31012a0abcd5fd535e7dd46a29d38ca4f19e5147f157
dynamic-3p-425,Dynamic,3,425,25,25,1,3,perfect,0,0,52,18,25,9,0,7,0,06f5317e0c5cb39c925d7412cc0f8c8ae99cab3e986bef19087d5e73c33889bb
dynamic-3p-426,Dynamic,3,426,25,25,1,1,perfect,0,0,53,19,27,7,2,4,0,e4bcba052b8acabb34662e17f54c33f063e68f8a055cff51168db189505b2c75
dynamic-3p-427,Dynamic,3,427,25,25,1,3,perfect,0,0,57,22,25,10,0,17,0,28cf864b455f9084d307eacb6532f89a38d695957f8a1604beb137ff383a6c4c
dynamic-3p-428,Dynamic,3,428,25,25,1,3,perfect,0,0,56,21,25,10,0,1,0,9ae501d6a34d95fe15fd0a9b9321097ea29f87937516e8498e678db20871ce1a
dynamic-3p-429,Dynamic,3,429,25,25,1,2,perfect,0,0,51,18,26,7,1,11,0,02f489fb1615dca2adf5e1985524aa10546765e93d7a5614599f8f5d5cae503f
dynamic-3p-430,Dynamic,3,430,25,25,1,1,perfect,0,0,53,18,27,8,2,17,0,3f7888c5e07eb3e4bffdd3138437b69b4c45f2346c923d2e322b5edc97136283
dynamic-3p-431,Dynamic,3,431,23,23,0,3,tempo,0,1,62,25,23,14,0,6,0,751b6c6f2b7070d7a8421fb1f7f274deabafb42f8da14cc689ecc9f0f5c7e321
dynamic-3p-432,Dynamic,3,432,25,25,1,3,perfect,0,0,54,20,25,9,0,4,0,9306b596dd05653b9892ec1cded65a19bcffdfb10a7a8223245882bde1b60ce0
dynamic-3p-433,Dynamic,3,433,25,25,1,3,perfect,0,0,48,17,25,6,0,6,0,9f8ed56b9ca0c4e90cfb0368c98efed08e09db6e536556dc57a2b18fe6613230
dynamic-3p-434,Dynamic,3,434,24,24,0,2,tempo,0,1,59,23,25,11,1,0,0,177bebb7d68274a75bd2ff874a08f0ddacfc5d91caa9ada18013a40a7c2e1e03
dynamic-3p-435,Dynamic,3,435,25,25,1,2,perfect,0,0,57,21,26,10,1,2,0,765892c9725e18c3d5e2736579051ba57eaec4efda75106b5466f792db04b013
dynamic-3p-436,Dynamic,3,436,25,25,1,2,perfect,0,0,59,22,26,11,1,1,0,9c1f1e7438e93b7daa95e7e87699feebbdcf675c8382c6dfc4319fddfd63bc59
dynamic-3p-437,Dynamic,3,437,25,25,1,3,perfect,0,0,53,19,25,9,0,2,0,1c7733630a94d5eb3923c1ece91df15fb2866a3d4e69c1fac401752bb7983647
dynamic-3p-438,Dynamic,3,438,25,25,1,2,perfect,0,0,58,22,26,10,1,17,0,c0487822782a30a4c95b690dfacc102eb65bfc87c46429a1ad6fb5438a554159
dynamic-3p-439,Dynamic,3,439,24,24,0,3,tempo,0,1,61,24,24,13,0,5,0,2d2201480497b05cd1d5770a2219f54e22536188c01591ff52ed4927addd65a2
dynamic-3p-440,Dynamic,3,440,25,25,1,3,perfect,0,0,56,20,25,11,0,0,0,c2eea01b337aa56264c78d347e3dab3fbe368dbc6528bfac5ff766ad137b3822
dynamic-3p-441,Dynamic,3,441,25,25,1,3,perfect,0,0,52,18,25,9,0,8,0,159902b883cca968c02960b81cf529914ec7786d91eac504cec6f2e7dfe97a80
dynamic-3p-442,Dynamic,3,442,25,25,1,3,perfect,0,0,55,20,25,10,0,6,0,f92f1503de3f02667659d4339d43ba38362e9360e718417650157ccec17fc0b1
dynamic-3p-443,Dynamic,3,443,24,24,0,3,tempo,0,1,61,24,24,13,0,3,0,63e981c8f44d0f35618f53601f77fdbd33575bd32b886b5a2bbd1d33fcf0ef77
dynamic-3p-444,Dynamic,3,444,25,25,1,3,perfect,0,0,57,21,25,11,0,0,0,c08c4a4b78697e8a2dc40a53925ded55e9e96e65a30f3a4d82d2b7a8ad4db84a
dynamic-3p-445,Dynamic,3,445,25,25,1,3,perfect,0,0,55,20,25,10,0,0,0,f4e6b090c5c5f9e104787eb13c64cbf4aa28aab4aa651ff5745d61c06c38e8dd
dynamic-3p-446,Dynamic,3,446,25,25,1,3,perfect,0,0,50,18,25,7,0,10,0,db45a7e59f865fe20938b1d4d3125e064779af1fb8858c2e0bcc3030cb41355c
dynamic-3p-447,Dynamic,3,447,22,22,0,1,tempo,0,1,60,24,24,12,2,7,0,ffbfec2c6f351515500d9aa5f85f45fba7cdb6fa49b501560d37e14cdb5b71d7
dynamic-3p-448,Dynamic,3,448,23,23,0,3,tempo,0,2,61,25,23,13,0,1,0,409143dd97b778197cd7f4556ffb917bcf557041911d3699eb0492946da0b405
dynamic-3p-449,Dynamic,3,449,25,25,1,3,perfect,0,0,57,21,25,11,0,0,0,963c0b5ebc7e5c8c3e296539f7eb52c5b7a5160b170b26ff086cc077b9421ceb
dynamic-3p-450,Dynamic,3,450,25,25,1,3,perfect,0,0,52,18,25,9,0,0,0,b76eb4f8a09ef13d271ac218a2488089b80c0f55d1a1a16e9f75acb90020a92e
dynamic-3p-451,Dynamic,3,451,25,25,1,2,perfect,0,0,48,16,26,6,1,6,0,433bc623c2ad96a72403e1f6c2edb2984ef8349df49002a6837ff968b7559375
dynamic-3p-452,Dynamic,3,452,25,25,1,3,perfect,0,0,50,17,25,8,0,4,0,48dbe769db36eee6308429cce69b670990f52d3311b9f7abac7e846f9c3ba4f0
dynamic-3p-453,Dynamic,3,453,24,24,0,3,needed_last_copy_lost,1,0,56,21,24,11,0,0,0,794afb2ee3490dc27c1ad51e48bfcc3b32c18508eab37da15ff752fc092e34da
dynamic-3p-454,Dynamic,3,454,25,25,1,2,perfect,0,0,56,20,26,10,1,14,0,fbe757968e40f97afaca1fd2e5c86d9106957afdb35dcb0a52b773a331449d7d
dynamic-3p-455,Dynamic,3,455,25,25,1,3,perfect,0,0,50,18,25,7,0,1,0,355953a86c146a65b73729fb65cfaad25f1e242bda938010741ea30e163ff8f7
dynamic-3p-456,Dynamic,3,456,24,24,0,3,tempo,0,1,58,22,24,12,0,0,0,f44902f07b74aa97fe994930ce99a94365661d8f96fed1532dd17613bd0968b1
dynamic-3p-457,Dynamic,3,457,24,24,0,1,needed_last_copy_lost,1,0,51,17,26,8,2,13,0,07fcd0419164219bc6956757e9839d593190b324c33d5336db726ab0fca30b22
dynamic-3p-458,Dynamic,3,458,25,25,1,2,perfect,0,0,50,17,26,7,1,10,0,8fa55173fb7feaae652e659d022c57086a4058013ccc79e0f0f64d84ec84a7b5
dynamic-3p-459,Dynamic,3,459,25,25,1,2,perfect,0,0,53,19,26,8,1,9,0,6f2e1a49b8bcfbba7309c8d82a86c200584a81416c40ba5318fddfd6c7068fd5
dynamic-3p-460,Dynamic,3,460,25,25,1,2,perfect,0,0,56,20,26,10,1,1,0,b9673275b924aa0359857cd26971683a675e1db783c97a4dbfa1558f78f9b303
dynamic-3p-461,Dynamic,3,461,25,25,1,3,perfect,0,0,53,19,25,9,0,6,0,86fb7a62c764162ec3aa463759cf5ae2341ee86428bffb15087ad246f27b5cfa
dynamic-3p-462,Dynamic,3,462,25,25,1,1,perfect,0,0,58,21,27,10,2,2,0,0e8e67e7b16c95be42615c10163661e5b2823ce1b288028647db6d2acee768e3
dynamic-3p-463,Dynamic,3,463,25,25,1,2,perfect,0,0,49,16,26,7,1,9,0,0f4de7796b9da0aec96e65a589913ce635ed60088c3fadaef854c73d171aef1b
dynamic-3p-464,Dynamic,3,464,25,25,1,2,perfect,0,0,52,18,26,8,1,4,0,d9cbf3d61786b1885ce2503d9d43f6ac256ae7c499886137e6b40ebec1662ed2
dynamic-3p-465,Dynamic,3,465,25,25,1,3,perfect,0,0,50,18,25,7,0,12,0,83e89975f073cbd671d332a6a11456d4efdd394ad6aaa43b46baf84d8b15c554
dynamic-3p-466,Dynamic,3,466,24,24,0,3,needed_last_copy_lost,1,0,54,19,24,11,0,0,0,2aff1c684505a47acd1897dacd2eb46067f6959177360ee6117624371f467c4b
dynamic-3p-467,Dynamic,3,467,25,25,1,3,perfect,0,0,50,18,25,7,0,7,0,e78d327424dbec6667c85a8315211ed6c9dac16538fe3f44ea85bc3cc776ff17
dynamic-3p-468,Dynamic,3,468,25,25,1,1,perfect,0,0,53,18,27,8,2,12,0,bea82fc5fe87f3014ebd50a99c4e072b49fb3a1f406d7360c431e01b8bf2748e
dynamic-3p-469,Dynamic,3,469,25,25,1,3,perfect,0,0,55,20,25,10,0,0,0,bb8595602a711fdc5d573d8c1fc07cd124d0d5d78f223910dcc9ad1f62daa380
dynamic-3p-470,Dynamic,3,470,24,24,0,2,tempo,0,1,60,23,25,12,1,5,0,bc632bf42824dbba2f59e31c7bb582d44df8ec43fea261aba2774cf1a1a80f1f
dynamic-3p-471,Dynamic,3,471,23,23,0,3,needed_last_copy_lost,1,0,59,23,23,13,0,2,0,97b5d44114f4040f88f1307fa69078743266b33061f984dc0a3f9d534e6944b7
dynamic-3p-472,Dynamic,3,472,25,25,1,3,perfect,0,0,56,20,25,11,0,8,0,953b0b57316119440bb36aab6b3dee46d680a0210327cc4c39e66e03b33d7cd6
dynamic-3p-473,Dynamic,3,473,25,25,1,3,perfect,0,0,55,20,25,10,0,11,0,34570cb1afc5e50b5fb7c88e6e795bc3a52704dcb8c437014b019cbeb180fb51
dynamic-3p-474,Dynamic,3,474,19,19,0,1,tempo,0,3,65,27,21,17,2,14,0,c7016715752749317ba8b3e117fd0aac0a718edadb90e32147edd1fba12e2682
dynamic-3p-475,Dynamic,3,475,25,25,1,2,perfect,0,0,52,18,26,8,1,4,0,6dadde1edf19facc9c82307d907aa0d0fbf40dc7805b9ac52c8850bf6d671f03
dynamic-3p-476,Dynamic,3,476,25,25,1,2,perfect,0,0,52,18,26,8,1,4,0,5f99422fb8f429d89f5252a0fcc91fc54790e8b850e3e60401d09356ef0b4773
dynamic-3p-477,Dynamic,3,477,25,25,1,2,perfect,0,0,56,20,26,10,1,8,0,dff7ebea25880bcdb06e12fca7bafb7442ee0540286e4d0ee9f5f7d53eec8774
dynamic-3p-478,Dynamic,3,478,25,25,1,3,perfect,0,0,57,22,25,10,0,1,0,a869ac3e3dbb2ed9184b302904f1360ccbb08bbfc59c57b0b00324a8e82b6898
dynamic-3p-479,Dynamic,3,479,24,24,0,3,tempo,0,1,60,24,24,12,0,1,0,e88919c98e57515d5641fb47475d442e455207f1a7eaf5360621d35920c4210b
dynamic-3p-480,Dynamic,3,480,25,25,1,2,perfect,0,0,55,20,26,9,1,13,0,eb2305200d96188d903b0b0a45970fedc3ec4d26ebf5ad322b3c45099af3af8f
dynamic-3p-481,Dynamic,3,481,0,23,0,0,all_lives_lost,0,2,59,22,26,11,3,5,0,09e2587ea0836c2264be71b29ec5afcd9428271227cf0b9b975dc1268ca77535
dynamic-3p-482,Dynamic,3,482,23,23,0,2,tempo,0,2,60,23,24,13,1,6,0,3fcb7ffc6dcfc31111040bc6e5635c46eaa6df3575fa1b475a6e9a29f027b24a
dynamic-3p-483,Dynamic,3,483,25,25,1,3,perfect,0,0,55,20,25,10,0,0,0,1064eb8e251638128d898300437dc1d61c7796471e29086f4ce65fab38a79f87
dynamic-3p-484,Dynamic,3,484,25,25,1,3,perfect,0,0,53,19,25,9,0,11,0,cbb751898c53af25a9f9bc7563d4e4619d265b4f43437434bdf51ab0b154eba6
dynamic-3p-485,Dynamic,3,485,25,25,1,3,perfect,0,0,55,20,25,10,0,16,0,4ad88a8c5216b548d314d739940d7c26d7d1aae1f5f0e44c0dc6b8f1c9c94f7b
dynamic-3p-486,Dynamic,3,486,25,25,1,3,perfect,0,0,56,21,25,10,0,7,0,fe6ec7b5f5d250f1b8f27d3424f1ad19773b340b98d9e2791c1f6730a5004c4c
dynamic-3p-487,Dynamic,3,487,25,25,1,3,perfect,0,0,49,18,25,6,0,15,0,e514c520861145c13ae827e3c4866849164b54fa63bae77633334c1af844d2b1
dynamic-3p-488,Dynamic,3,488,25,25,1,2,perfect,0,0,59,22,26,11,1,10,0,dc583d83ea188454ac62d2fe65877e21dc910b5538db53557117b901d63e8d20
dynamic-3p-489,Dynamic,3,489,25,25,1,2,perfect,0,0,57,21,26,10,1,12,0,3a090afe7e6c1d55d3c77488e915bf5b83af213c9357e521ed78057169a41e82
dynamic-3p-490,Dynamic,3,490,25,25,1,3,perfect,0,0,56,21,25,10,0,5,0,d9db7f7a2b9f469807f57894e9af5747a7c04fbf6317b6a9eda87daf942d1083
dynamic-3p-491,Dynamic,3,491,25,25,1,3,perfect,0,0,52,18,25,9,0,7,0,f49a20e8bded5c1fd914de03a305f069a0e31ab751c1b735d37dbabad0405ec2
dynamic-3p-492,Dynamic,3,492,25,25,1,2,perfect,0,0,59,22,26,11,1,2,0,65dc41ec2e7e96ddab0947f7746b24c514d383cbb0b8e150a0188885e1653efc
dynamic-3p-493,Dynamic,3,493,25,25,1,1,perfect,0,0,53,18,27,8,2,3,0,0ad5521be8f7dfe555cbda97396dd593f7acc92b72fc96733e7e129fa2cd0d37
dynamic-3p-494,Dynamic,3,494,25,25,1,3,perfect,0,0,53,19,25,9,0,2,0,96a1db9e445d238fd7b703697ee4d6d98fe443db61f98b3dd91d298a809e0447
dynamic-3p-495,Dynamic,3,495,25,25,1,3,perfect,0,0,53,20,25,8,0,3,0,3dc2fa7b9b141781aa5d8d52d9a2105eff1ffd04f25cfe585b5d7b6c676ed19a
dynamic-3p-496,Dynamic,3,496,25,25,1,3,perfect,0,0,51,18,25,8,0,10,0,5117ca6efac2ce9335dc0877ac27bd6223a271999a6b7733715a461bf0b86d06
dynamic-3p-497,Dynamic,3,497,25,25,1,2,perfect,0,0,50,17,26,7,1,4,0,5e811391c196ca3d3ca4203213e8d43fbb297cef82061b9a3dcdf15537dad18e
dynamic-3p-498,Dynamic,3,498,24,24,0,2,tempo,0,1,60,23,25,12,1,0,0,73fa91b2c98c0bd5419e4a2be3f9fb4590eac0338759d960c1f91cf2f3fb7f28
dynamic-3p-499,Dynamic,3,499,24,24,0,1,needed_last_copy_lost,1,0,56,20,26,10,2,3,0,99a136433959bbf221609b4430cb88501a824fed460eb779713b1a4e8214237d
dynamic-3p-500,Dynamic,3,500,24,24,0,3,tempo,0,1,60,23,24,13,0,1,0,c17513ded25c32b0d13134163f62c0fcf38dbad8865363f81c99daf520f0ee95
dynamic-3p-501,Dynamic,3,501,24,24,0,2,tempo,0,1,60,23,25,12,1,11,0,c6ddb182281a8f9d73bd57cdac78f5fba0a301b260e198ae06242baa3cbb25c3
dynamic-3p-502,Dynamic,3,502,25,25,1,2,perfect,0,0,52,18,26,8,1,6,0,731fda9966a45341973031558098695b7b0f12b64ba7f99acb9bf1dbe2c6d094
dynamic-3p-503,Dynamic,3,503,25,25,1,3,perfect,0,0,55,20,25,10,0,10,0,16ff55aa1dc76e284cac0d6b5fa3571722cf9c8d3d879676e780b8cbf867d14c
dynamic-3p-504,Dynamic,3,504,25,25,1,3,perfect,0,0,57,21,25,11,0,3,0,7af96637074455a110a42b7edf35b3f41ec395b6e91afefd807319f5488d79db
dynamic-3p-505,Dynamic,3,505,25,25,1,3,perfect,0,0,57,21,25,11,0,14,0,4584da49300b976def8f1fef743fe6b2f74467bceded78dbe735df1e68d2d2a1
dynamic-3p-506,Dynamic,3,506,25,25,1,2,perfect,0,0,50,17,26,7,1,0,0,90c5056c991d4bd4a76c07eea285c3756277833a31596d8fbec1dda469a34f67
dynamic-3p-507,Dynamic,3,507,25,25,1,3,perfect,0,0,56,21,25,10,0,11,0,b46170410dcd3eeb975d176d37c9592901574bb5b209f95f73b6d26a83af0e6a
dynamic-3p-508,Dynamic,3,508,23,23,0,1,tempo,0,2,59,22,25,12,2,6,0,02b746964bb2aba06bc7c95af5c3e7b1cd8354bf60907c6e91bc3870f51cfe1f
dynamic-3p-509,Dynamic,3,509,25,25,1,2,perfect,0,0,49,17,26,6,1,10,0,5096102efaf55b4e45e14369fb78fdab31e4753b5bc9f48241434d78f675cd4a
dynamic-3p-510,Dynamic,3,510,25,25,1,3,perfect,0,0,50,18,25,7,0,13,0,d8b33df2c9e01540a6a3e744b2660c1c44cfdaf43255069e7783f4a03eb2eb40
dynamic-3p-511,Dynamic,3,511,25,25,1,3,perfect,0,0,55,20,25,10,0,3,0,dba0246e5773f76780a262ab84877025213d00f901d3bf70d7f9ff8d24cc10de
dynamic-3p-512,Dynamic,3,512,25,25,1,3,perfect,0,0,53,18,25,10,0,6,0,b0bd5d90dc6900340efb5939cdb7d71bd7816e094e2a34978cde24d4430777f1
dynamic-3p-513,Dynamic,3,513,25,25,1,3,perfect,0,0,52,18,25,9,0,6,0,82b7247724134ba6a6d4e7c342430b8a6c3117fc1e9540f8b7ed2b11c55b9ca6
dynamic-3p-514,Dynamic,3,514,25,25,1,2,perfect,0,0,56,21,26,9,1,7,0,9350d7e53dbd0e7b259aeff23e164f58f714c154efda021006e27df1aaae721e
dynamic-3p-515,Dynamic,3,515,25,25,1,3,perfect,0,0,60,23,25,12,0,6,0,afa494bb9d0a307f5d5583c3994acd8a9b10bc3231f85f2b5db1420a30b1804b
dynamic-3p-516,Dynamic,3,516,25,25,1,3,perfect,0,0,58,22,25,11,0,0,0,e55878ff66f6ae7ebc1ef4416672c7843fd751ec36d52a29ad24c9ae92c33f6c
dynamic-3p-517,Dynamic,3,517,25,25,1,2,perfect,0,0,49,17,26,6,1,9,0,abd8d2778f90988f1fddc1ccd2598260550432457f0552d02b20d98d57fe4160
dynamic-3p-518,Dynamic,3,518,25,25,1,3,perfect,0,0,51,18,25,8,0,0,0,eace9d9b83742586373cb9822d0e5e80c88f62d3946df80d897739425297e2cb
dynamic-3p-519,Dynamic,3,519,24,24,0,1,tempo,0,1,61,23,26,12,2,4,0,ac9e94e5024b48d8ce7b79c4a17c59af758241154cd2b5b1988b1d459b733ec6
dynamic-3p-520,Dynamic,3,520,25,25,1,3,perfect,0,0,55,20,25,10,0,6,0,9c76f9a6f0f38a2db16c1a45c894b8ca153d8b46fad70a2beeecce986c363d1f
dynamic-3p-521,Dynamic,3,521,25,25,1,3,perfect,0,0,56,21,25,10,0,2,0,0ca780ee7edbf7683d20525af264a83877de1264e65e8037051b8bf6f0c0e411
dynamic-3p-522,Dynamic,3,522,25,25,1,1,perfect,0,0,56,20,27,9,2,14,0,32171f32308ecd8b1930731b6e193accd4e728faf53b8d581543100ae558271f
dynamic-3p-523,Dynamic,3,523,22,22,0,1,tempo,0,3,60,23,24,13,2,7,0,f2aa8310eb01007c149e850953bec34e205a5015499ec21a27a0b4936cef8c6b
dynamic-3p-524,Dynamic,3,524,25,25,1,2,perfect,0,0,56,21,26,9,1,14,0,0bf80c21fd43b5078de34b585b4994722d4efded6e16aee4188e7c17a693cb73
dynamic-3p-525,Dynamic,3,525,25,25,1,2,perfect,0,0,53,18,26,9,1,11,0,839a52c992ddd4d36d239a36be59685c4713c4b15b1c71032881097f36ec3908
dynamic-3p-526,Dynamic,3,526,25,25,1,3,perfect,0,0,55,19,25,11,0,8,0,1d4398ad5a1f3bdcc7bb0cbcb54b9775a45a2beb9dbc887ef4c4fdda91476769
dynamic-3p-527,Dynamic,3,527,25,25,1,3,perfect,0,0,54,20,25,9,0,6,0,1cbb8577de076aa67ef4972d66c73e76ecac11e14bf02f0807bad422b8665abb
dynamic-3p-528,Dynamic,3,528,25,25,1,3,perfect,0,0,57,21,25,11,0,4,0,51383b8912ff4316825f58482d5d6ef0e525f327db415abe0a56108558249a07
dynamic-3p-529,Dynamic,3,529,25,25,1,1,perfect,0,0,58,21,27,10,2,10,0,18a6822a9c591d2ba7a1268c34ad49646b2be663dc5d03c6a52b746a71124ab4
dynamic-3p-530,Dynamic,3,530,25,25,1,3,perfect,0,0,54,20,25,9,0,4,0,3c11b8e365169468689b97541f1d61d6fa6eb597a43dbe99bc293d9e1da0096a
dynamic-3p-531,Dynamic,3,531,25,25,1,3,perfect,0,0,50,17,25,8,0,9,0,e771eb2c6adda8589987b4a579701820dd1ff58643312bdc01d36e40a135b0f2
dynamic-3p-532,Dynamic,3,532,25,25,1,2,perfect,0,0,55,20,26,9,1,8,0,c06d2929ffa5318b8bb6d7c0a381296e50bb199da1f5ead82d6c0edd2a0c9a94
dynamic-3p-533,Dynamic,3,533,24,24,0,3,tempo,0,1,58,22,24,12,0,0,0,95b9e01dac9e2c3dc6c4310caa9a49c789e121316bb2971c3058746427103c7a
dynamic-3p-534,Dynamic,3,534,24,24,0,3,tempo,0,1,56,20,24,12,0,9,0,7845ac8077af1acea2621b4c8c7fcee9952aec70a9725176d9e7dc1ab26cfa69
dynamic-3p-535,Dynamic,3,535,22,22,0,3,tempo,0,3,58,21,22,15,0,0,0,3dc55ecf0d740e24f76a4fb2dcc20fff9037ea59adbff053dfcf4e079ec88d33
dynamic-3p-536,Dynamic,3,536,25,25,1,3,perfect,0,0,58,22,25,11,0,3,0,53d164030a587644370e2d86b17ad7d2a7160be82dbc0793891790bc86a77c17
dynamic-3p-537,Dynamic,3,537,25,25,1,2,perfect,0,0,52,19,26,7,1,3,0,9c484e5ad8f0ab364d6eefbb1c0efd274567f34ae43669f17deb521ea7310a1c
dynamic-3p-538,Dynamic,3,538,25,25,1,3,perfect,0,0,57,21,25,11,0,13,0,b3b62af3154e8a962283e94ed2cb5f7afc3bf03cd7268dcb9e365eddf28a2005
dynamic-3p-539,Dynamic,3,539,25,25,1,2,perfect,0,0,53,19,26,8,1,13,0,ad38f9337f748ac9194f834640ca15db3f755af01acb74a63744bf6270688406
dynamic-3p-540,Dynamic,3,540,25,25,1,3,perfect,0,0,60,23,25,12,0,3,0,a06a219b9b5f87b6936a5187b7f73ae7302e96a114ba8b2b6b3006e24051493b
dynamic-3p-541,Dynamic,3,541,25,25,1,3,perfect,0,0,53,18,25,10,0,10,0,a0c2dd638702dbd788ddc858c2a8b73e2c10fe62b9e1b70dc7aa02709187be65
cheater-3p-42,Cheater,3,42,25,25,1,3,perfect,0,0,44,12,25,7,0,0,0,fedac63db945c37afbbd4cacb47e82bd4a0f404cc9ec1e02c663cafcd7bd4c69
cheater-3p-43,Cheater,3,43,25,25,1,3,perfect,0,0,46,12,25,9,0,0,0,bb0cfdc58bd91db9332854925d503eaca56f7d689bfddb2c8aec82b2e8b93394
cheater-3p-44,Cheater,3,44,24,24,0,3,tempo,0,1,55,18,24,13,0,0,0,c3dc5cfa6132ab8f55a157942cc32deb8212ea927af4ca5439f4be42187ad026
cheater-3p-45,Cheater,3,45,25,25,1,3,perfect,0,0,41,9,25,7,0,0,0,b4d11519d9ac6a6fc5e8681b8da7a57d2bcdec2c2ad7c80d7529b972abdf663c
cheater-3p-46,Cheater,3,46,25,25,1,3,perfect,0,0,44,10,25,9,0,0,0,c3b529f2e39e93c354828b56a836a26dc407db0c227c80f618f29ccb9d365a4b
cheater-3p-47,Cheater,3,47,25,25,1,3,perfect,0,0,49,13,25,11,0,0,0,802501c4243223972cf25502c3e074a5b5c762a6967a2ac7fb397e2edebea2f6
cheater-3p-48,Cheater,3,48,25,25,1,3,perfect,0,0,45,11,25,9,0,0,0,c1449b564576865f68d13821bfff61e589ab5e0c605ab55d4c7d3adf750c257f
cheater-3p-49,Cheater,3,49,25,25,1,3,perfect,0,0,44,11,25,8,0,0,0,96693f3bfcc3c8ed8d8740fc7f14d6b81d224daad236e8a6a22996fd7e7059e3
cheater-3p-50,Cheater,3,50,25,25,1,3,perfect,0,0,36,7,25,4,0,0,0,1aebb4d217774d89d174325d50e9b0c37c9c4bd64e8562a47583cab82a4d4cb9
cheater-3p-51,Cheater,3,51,25,25,1,3,perfect,0,0,44,11,25,8,0,0,0,c84e36b323f8de85a3aa773078c13260e395a8ae73035ede37b6060652c88a86
cheater-3p-52,Cheater,3,52,25,25,1,3,perfect,0,0,33,5,25,3,0,0,0,97d9b4427a073d692362ca7120d7a38223857cc98568f384fbbf6ddd47a835bb
cheater-3p-53,Cheater,3,53,25,25,1,3,perfect,0,0,51,14,25,12,0,0,0,f606376a322bba1a6894557e550a9f426f818ee596621bc1d955c1e561d071b8
cheater-3p-54,Cheater,3,54,25,25,1,3,perfect,0,0,47,12,25,10,0,0,0,9ca3fcc6eebcc53c9ca32e69493cb4d613f5e3544f572f80e6a98065041a8fd9
cheater-3p-55,Cheater,3,55,25,25,1,3,perfect,0,0,47,12,25,10,0,0,0,e03060997851f25d7e9aba760d42b6c7777c5f1d3d044fdef73f223ae6eaa182
cheater-3p-56,Cheater,3,56,25,25,1,3,perfect,0,0,48,12,25,11,0,0,0,b6407b9b73a48db1d9ab996800e88e2e17fbe90d364d014bd7cf06efd351aad5
cheater-3p-57,Cheater,3,57,25,25,1,3,perfect,0,0,47,12,25,10,0,0,0,071422ef582663bd55d3c39226ef45adbb4300e472e2f95c0875a451acf9511f
cheater-3p-58,Cheater,3,58,25,25,1,3,perfect,0,0,33,5,25,3,0,0,0,c6ecb8bb61f0f8128bc721a4550d4b11702458b1c6d9e99dfc5be1c40ac454ab
cheater-3p-59,Cheater,3,59,25,25,1,3,perfect,0,0,44,10,25,9,0,0,0,4f620eec21d771229f077dfba8674db8b19fab3474c8aa1a5d6fbaa5da5cb0b1
cheater-3p-60,Cheater,3,60,25,25,1,3,perfect,0,0,49,12,25,12,0,0,0,8dec70b50a4c44b773ab4a33f06671a407036c1e4fa130b49d367a0845320d1d
cheater-3p-61,Cheater,3,61,25,25,1,3,perfect,0,0,36,7,25,4,0,0,0,97ff11d12c8bef2668af14111c14d34711390e0ee78635840d509ec4ad0549b3
cheater-3p-62,Cheater,3,62,25,25,1,3,perfect,0,0,45,12,25,8,0,0,0,35d633b472752adc3e04de17798d01bd4eace6c07893d345a9dc51cb1b338368
cheater-3p-63,Cheater,3,63,25,25,1,3,perfect,0,0,48,12,25,11,0,0,0,d9d2e1bba10253bb6a9a308998938ee29b5d8ad93ab8297a77ecb7195810385c
cheater-3p-64,Cheater,3,64,25,25,1,3,perfect,0,0,44,10,25,9,0,0,0,84513d846a1ef7cd87a5c4690a341ee6acd9156ac87d8df082c4f09563f30756
cheater-3p-65,Cheater,3,65,25,25,1,3,perfect,0,0,39,8,25,6,0,0,0,9cc4299ec55011446e7c98f6b99e15c3eb87834c073343d40e359a40c3dba3e8
cheater-3p-66,Cheater,3,66,25,25,1,3,perfect,0,0,49,13,25,11,0,0,0,1c3b0fbc2242e9f97993843ee5ff00721eaeccd4db2fc44995e5df87b88e393b
cheater-3p-67,Cheater,3,67,25,25,1,3,perfect,0,0,43,9,25,9,0,0,0,0f5d49ed47b0b51a6cc718aabffd80d7e8d01b0bc90ac9b9a27a292868373ac6
cheater-3p-68,Cheater,3,68,25,25,1,3,perfect,0,0,47,11,25,11,0,0,0,74dcc2b2ffa69a1fe7e3ff41a24366bec9edb775544fca67edda6b8a1256fef8
cheater-3p-69,Cheater,3,69,25,25,1,3,perfect,0,0,35,6,25,4,0,0,0,1ef92a6b8f11da5d01249e4246185f4ec6dd751edebdec62aeda43fa29e6e408
cheater-3p-70,Cheater,3,70,25,25,1,3,perfect,0,0,46,12,25,9,0,0,0,ae123732c024250e5b7c44539e9c3cb9ece185b05c4be6b6be1b38bb4240d9e6
cheater-3p-71,Cheater,3,71,25,25,1,3,perfect,0,0,45,10,25,10,0,0,0,07eb4b5bf79117d2c05b39efcb26b83ca937a2ca084163310c9e600b3fcb2e79
cheater-3p-72,Cheater,3,72,25,25,1,3,perfect,0,0,42,9,25,8,0,0,0,db1cfef41dfbaa95a49bd996b3e05778d57bc5cc2ec613b006f5ce4e201703fb
cheater-3p-73,Cheater,3,73,25,25,1,3,perfect,0,0,46,11,25,10,0,0,0,61205d3b5a71c2cbc337b7d6d0796eb3ae7f9dba9498543a6c8e88020e804154
cheater-3p-74,Cheater,3,74,25,25,1,3,perfect,0,0,49,12,25,12,0,0,0,052f77b58cc9886067f8fd85f87248f487a412d6a0e3071756722fea55083e4d
cheater-3p-75,Cheater,3,75,25,25,1,3,perfect,0,0,47,11,25,11,0,0,0,0c4cc612b70e10dbaf489c4c2eceaf8fba5cc7d6c42768005960eeddd2fe6952
cheater-3p-76,Cheater,3,76,24,24,0,3,tempo,0,1,52,15,24,13,0,0,0,ef7cb135a55965b56f9977b21154751f99d1fd9489500555228c066158de2f9d
cheater-3p-77,Cheater,3,77,25,25,1,3,perfect,0,0,51,14,25,12,0,0,0,828a9c94c3882a4130ad0f0ff37d7b18aaa55c8e330442f3e211f16ef96e5164
cheater-3p-78,Cheater,3,78,25,25,1,3,perfect,0,0,48,13,25,10,0,0,0,4fe7108117e79813c1f64121a8b28d48ecb8090654354f9edc54d4337e0a7be3
cheater-3p-79,Cheater,3,79,25,25,1,3,perfect,0,0,52,15,25,12,0,0,0,d74eee179996053ed9e7b173dcaf727fc67af3b3110a72630ea26767a6eb7957
cheater-3p-80,Cheater,3,80,25,25,1,3,perfect,0,0,49,12,25,12,0,0,0,2d9d2132daa95a86f61aab09546a07c45292efbe5a736025409824088e8b4cb3
cheater-3p-81,Cheater,3,81,25,25,1,3,perfect,0,0,49,13,25,11,0,0,0,e3b1a8914953bcb5dc5a4d3ca116e4d634bad68c701da52f9a6c71a16cb014c9
cheater-3p-82,Cheater,3,82,23,23,0,3,tempo,0,2,52,15,23,14,0,0,0,fb7458682c0866f8b2e4d91888e5deb99d0515b02062d59caf16e35f628880f0
cheater-3p-83,Cheater,3,83,25,25,1,3,perfect,0,0,47,11,25,11,0,0,0,0c1b1be88d29a90661ef97c8cb84dcfba5ead1a52e629e1f9affeba9e91789e6
cheater-3p-84,Cheater,3,84,25,25,1,3,perfect,0,0,37,7,25,5,0,0,0,98d2501225371b7368f26e1f556c337a6edf2cf8321cb9f62e89bdcf2a6733d5
cheater-3p-85,Cheater,3,85,25,25,1,3,perfect,0,0,47,12,25,10,0,0,0,e236f3b885623b623a80c6565ac8fb17af6728eda4898e16afc669d40cbfacb2
cheater-3p-86,Cheater,3,86,25,25,1,3,perfect,0,0,51,14,25,12,0,0,0,66dc79d5a676c20dc03aa5d751a347d7b185e97a69ff8e728dc3a6d9828357c6
cheater-3p-87,Cheater,3,87,25,25,1,3,perfect,0,0,52,15,25,12,0,0,0,d0c806ad48679fc5b496c4d21c09aaccf419f435af4762ed89f9c3331ea6fb4c
cheater-3p-88,Cheater,3,88,25,25,1,3,perfect,0,0,33,5,25,3,0,0,0,d24fd470c0e14d6724aff5a6126f0a912b6f70a61cf358c1c6d7c69ee51a56d1
cheater-3p-89,Cheater,3,89,25,25,1,3,perfect,0,0,37,7,25,5,0,0,0,94e6a4cc67d996272fa6f628bae737c717ae2313ff4fa4491335920ec9162ef3
cheater-3p-90,Cheater,3,90,25,25,1,3,perfect,0,0,36,6,25,5,0,0,0,906418964d98b54da90f89f4fd0491997431561e213e0e59481d7f817f4ac3ea
cheater-3p-91,Cheater,3,91,25,25,1,3,perfect,0,0,40,9,25,6,0,0,0,37a5041ddb2e3e6b2bea3dc2830ea04fe2f2289f394133d06c37880669df2a64
cheater-3p-92,Cheater,3,92,25,25,1,3,perfect,0,0,51,14,25,12,0,0,0,bb66d7740ccb8374bc7bdb90e0891f14c6994b0879a387e908a932fc72ff3a9c
cheater-3p-93,Cheater,3,93,25,25,1,3,perfect,0,0,38,7,25,6,0,0,0,ac81bf6cc7500352e4bd7ae729361d0e16eafe47149c877e8bbf45d7387d330e
cheater-3p-94,Cheater,3,94,25,25,1,3,perfect,0,0,44,11,25,8,0,0,0,aafcacf76b2da2e1dca6146b14fcfaafc2ab29bb26a3085f2c88aa8dc1471380
cheater-3p-95,Cheater,3,95,25,25,1,3,perfect,0,0,44,10,25,9,0,0,0,f0fbbda3e4f9711fc4667b3f763a2c38b94a0d4d7709a45cccc725511b6cf25a
cheater-3p-96,Cheater,3,96,25,25,1,3,perfect,0,0,41,9,25,7,0,0,0,9c3a0cf28c7dc2d04bbca42a7bdd20aa7f83ba3d921662bf519795b63c078ac8
cheater-3p-97,Cheater,3,97,25,25,1,3,perfect,0,0,47,12,25,10,0,0,0,3e8efe994913d0c1fe774495e22670469cef29baf0c7ee786b586f4fc6243eec
cheater-3p-98,Cheater,3,98,25,25,1,3,perfect,0,0,46,11,25,10,0,0,0,ac921b415d5bc3b41431a7fa4285b0fbc62f57b6ad8b560acce50432b1e4553d
cheater-3p-99,Cheater,3,99,25,25,1,3,perfect,0,0,48,12,25,11,0,0,0,c2041dc979a77ca97221ec6a670ece2fa2d4aa837879ccd82204310304690076
cheater-3p-100,Cheater,3,100,25,25,1,3,perfect,0,0,51,14,25,12,0,0,0,07de12da556560cb277e2f40ee430fd53a3b3f0426883b7d161af51e292bbf30
cheater-3p-101,Cheater,3,101,25,25,1,3,perfect,0,0,47,11,25,11,0,0,0,53c0598207060fa0ccba1ac47a62594ccf57dae53d3ffa3e38a46b744e9fd077
cheater-3p-102,Cheater,3,102,25,25,1,3,perfect,0,0,50,13,25,12,0,0,0,32f85fa88b609ec9684f9be09e134c018db285f0c189a03f07127deaf30c4abf
cheater-3p-103,Cheater,3,103,24,24,0,3,tempo,0,1,51,14,24,13,0,0,0,bcfeaa10e49949fe838dc54d4d7da827dde18083df2c5332271fd8686ba9602e
cheater-3p-104,Cheater,3,104,25,25,1,3,perfect,0,0,33,4,25,4,0,0,0,039f7c3e86b0ecaa78ca80319b6730af2591b9366bb878fec7b004da47550308
cheater-3p-105,Cheater,3,105,25,25,1,3,perfect,0,0,46,11,25,10,0,0,0,c99dca0e8359b28621f51634052a139056a63dbd272c191806c2b839f1464dc8
cheater-3p-106,Cheater,3,106,25,25,1,3,perfect,0,0,41,9,25,7,0,0,0,c75ad90dc18271707ae8d31351f5c421e48ffe28bda0382be20e1cbb764f286b
cheater-3p-107,Cheater,3,107,25,25,1,3,perfect,0,0,49,13,25,11,0,0,0,2b6e9dc446ecee4b150d36ba89087f0ed7387da8dd422da261f2ac04ab285bbe
cheater-3p-108,Cheater,3,108,25,25,1,3,perfect,0,0,41,9,25,7,0,0,0,318f8e8d1c3a0e922ded146c493218518cfb2f572cbdb2f24c47fb24261722f4
cheater-3p-109,Cheater,3,109,25,25,1,3,perfect,0,0,46,11,25,10,0,0,0,157f558f9ff536c5846c8c74d2f590eae3b43a46a0e5c23b78b1b1298ef5c94b
cheater-3p-110,Cheater,3,110,25,25,1,3,perfect,0,0,29,3,25,1,0,0,0,982cd5bcb2429013963d24ed83b3d794aaf8ef1cc165b18c31ffdb12781dc941
cheater-3p-111,Cheater,3,111,25,25,1,3,perfect,0,0,51,15,25,11,0,0,0,32ae8cdaea0ee3c6930c20d6d2ed7ffb2dc34b0c28523ab3de5b5f772bb81d7e
cheater-3p-112,Cheater,3,112,25,25,1,3,perfect,0,0,45,11,25,9,0,0,0,9837333d881dff8a3e067c7ab0d704de6d55f1e95049263df312f1d9062aa414
cheater-3p-113,Cheater,3,113,25,25,1,3,perfect,0,0,43,10,25,8,0,0,0,f71c6f807d3c267724bece7b2bc9de19d7cfa4d64599c9cee748141d6231c4e1
cheater-3p-114,Cheater,3,114,25,25,1,3,perfect,0,0,42,10,25,7,0,0,0,e275745cc3f7d4cfce128b77751da088cace9b7315ad31c562679bfacffbeab1
cheater-3p-115,Cheater,3,115,25,25,1,3,perfect,0,0,36,6,25,5,0,0,0,4a83233343361cd8856d5b9db764d017fd9245142789f9c588b6032f6d0cc749
cheater-3p-116,Cheater,3,116,25,25,1,3,perfect,0,0,44,11,25,8,0,0,0,6aba94d64fd22a012435f035aa5de9c98b78ba9946745909d0a8cc8f87d881a2
cheater-3p-117,Cheater,3,117,25,25,1,3,perfect,0,0,45,12,25,8,0,0,0,073502ce23a70d5afc854b065cff450c6da682f8e2a01f674f3e41185ce5b182
cheater-3p-118,Cheater,3,118,25,25,1,3,perfect,0,0,44,10,25,9,0,0,0,51ecb6ae3abed99eb535b0509aa59539bba4068d44db7644944b5e2cacf8c4c0
cheater-3p-119,Cheater,3,119,25,25,1,3,perfect,0,0,44,11,25,8,0,0,0,7ddb81872bbc6ed6d3704d3fcabf5bcf1f6a761bea5880e9d680b48473bc9411
cheater-3p-120,Cheater,3,120,25,25,1,3,perfect,0,0,48,12,25,11,0,0,0,8003ec521b34e4166dc95d6ac79215fd46cf94261b179476774f06c9045abfdf
cheater-3p-121,Cheater,3,121,25,25,1,3,perfect,0,0,39,8,25,6,0,0,0,f79f0a9a2e143ede97863c2c7056de00ea8506a21bd4233cc8c72d2bed90620b
cheater-3p-122,Cheater,3,122,25,25,1,3,perfect,0,0,46,11,25,10,0,0,0,3b9feb6233c1478e693a5fe6c6a8a9e4332f7c7fc57cca54d66136708c695c3c
cheater-3p-123,Cheater,3,123,25,25,1,3,perfect,0,0,45,11,25,9,0,0,0,5fc2d1918b263220f5163726cd39531604cc13f6f7733e69f81eb3f7a8931200
cheater-3p-124,Cheater,3,124,25,25,1,3,perfect,0,0,40,8,25,7,0,0,0,13e0b0fbbb8cee3926a1d6e340a8ed422f1a7a9b8ab3c48423ee8a3d47a0a040
cheater-3p-125,Cheater,3,125,25,25,1,3,perfect,0,0,44,10,25,9,0,0,0,de98a8d95ea23e83f05e85fab4237f3a1e2f52b2e7c0554cbe334caea4b914ba
cheater-3p-126,Cheater,3,126,25,25,1,3,perfect,0,0,46,11,25,10,0,0,0,83b17e0f74000659c8c2b6ce59104bf00746ffe14d1c9a9bcd2c4c2c9e9bb2f3
cheater-3p-127,Cheater,3,127,25,25,1,3,perfect,0,0,50,14,25,11,0,0,0,a59969e8c5fd6e14fd26c15ba03c4d68d7b23fd38512632d4ba0b8fe06498f12
cheater-3p-128,Cheater,3,128,25,25,1,3,perfect,0,0,38,8,25,5,0,0,0,0dbdb9ff06265dd8acf667423f73a120e2f6398e1e0924f187f7a0b57c3a73ae
cheater-3p-129,Cheater,3,129,25,25,1,3,perfect,0,0,36,6,25,5,0,0,0,9612f0eaccdf3d048165810918ba9552894925402ce9d729b9660e7b14d8e9a1
cheater-3p-130,Cheater,3,130,25,25,1,3,perfect,0,0,48,13,25,10,0,0,0,603dd690729bc6919e13e70ac6820c26230a1c308f881098ad7e05eff0a10e28
cheater-3p-131,Cheater,3,131,25,25,1,3,perfect,0,0,45,12,25,8,0,0,0,cf066cdd396ae156dcb73bf721d5417e6288b0482a19f33fac299dce6adcefa7
cheater-3p-132,Cheater,3,132,25,25,1,3,perfect,0,0,49,13,25,11,0,0,0,bd0c9ba80cd91a9209ca6249d637d8e75c1e23d619caa29d0e5eff01e4136e3d
cheater-3p-133,Cheater,3,133,24,24,0,3,tempo,0,1,54,17,24,13,0,0,0,f2ad165b0ba10c708d8f3c2fdcfcc915e39462a935cc445cc6e45ca43a485e4e
cheater-3p-134,Cheater,3,134,25,25,1,3,perfect,0,0,44,10,25,9,0,0,0,c7a71f7f723a0e39faf86e06d390c2d573c5216192ff785fa6aeba8c8dda364e
cheater-3p-135,Cheater,3,135,24,24,0,3,tempo,0,1,54,16,24,14,0,0,0,7fa136b39f5b240958c6b880891567196e5069a09e8a32557d6609efa9ea8936
cheater-3p-136,Cheater,3,136,25,25,1,3,perfect,0,0,35,6,25,4,0,0,0,5bff8aac0914522a37eeed25a23a0022dc8b57458f24e7cee950d0b0ae7a1a78
cheater-3p-137,Cheater,3,137,25,25,1,3,perfect,0,0,39,8,25,6,0,0,0,f0ef9825ddb3f81c4114eb038f2cc6639d84e575a49c32b00f953d67096261f8
cheater-3p-138,Cheater,3,138,25,25,1,3,perfect,0,0,43,10,25,8,0,0,0,64597c12ba0709258b7751081e9609d09498e60ca58ca7c52a1ce12a534b71f1
cheater-3p-139,Cheater,3,139,25,25,1,3,perfect,0,0,46,11,25,10,0,0,0,1edddd49d0d3b1ac29d3c6786d3df96aa79567d6008b1de6f214ef5bb59e8aaa
cheater-3p-140,Cheater,3,140,25,25,1,3,perfect,0,0,49,12,25,12,0,0,0,0f0d5090477513daa7dc5090f2b8b4d8c837584f31b3161f8b57bcc97b7d159d
cheater-3p-141,Cheater,3,141,25,25,1,3,perfect,0,0,40,9,25,6,0,0,0,8235c42eb00a4b06e5c42fccd732463c43cc82bb5a016c4c8da73de726ba0651
cheater-3p-142,Cheater,3,142,24,24,0,3,tempo,0,1,53,16,24,13,0,0,0,decd14c38bfbcc6d0985fc7309c5d362c5523951b40e34b274515f573a06d3bc
cheater-3p-143,Cheater,3,143,25,25,1,3,perfect,0,0,41,8,25,8,0,0,0,052feceed29b4026c2aece1f0b95e03da27c0f4520a4b7dfae7294b6d33316d8
cheater-3p-144,Cheater,3,144,25,25,1,3,perfect,0,0,47,12,25,10,0,0,0,f4072b3dcb4512a16493ebbc30e0ff92f35f7de00cd163e732096a6cdd261c5d
cheater-3p-145,Cheater,3,145,25,25,1,3,perfect,0,0,45,11,25,9,0,0,0,2445c51914f3bd29461c67a6d96855b83e159f0e3f8f942d6343fad7c21c4ba4
cheater-3p-146,Cheater,3,146,25,25,1,3,perfect,0,0,50,14,25,11,0,0,0,d0774eb8aa2eaed5354f2335aaf52bc441821387b26bd999bb055cbb53369dcd
cheater-3p-147,Cheater,3,147,25,25,1,3,perfect,0,0,46,11,25,10,0,0,0,dc8e2b33e0656eba2d5562c1493d566597481299681fc218c3defb8f89836f18
cheater-3p-148,Cheater,3,148,24,24,0,3,tempo,0,1,52,15,24,13,0,0,0,92339c72fcb07164bf17b864e7d8c7fb14e60110c3ea8e1b80fb21ce7963c5aa
cheater-3p-149,Cheater,3,149,25,25,1,3,perfect,0,0,46,12,25,9,0,0,0,dfd375763fd68c564f03be4e4a89e3904de1b3ee26f3586846d5e56a7b563051
cheater-3p-150,Cheater,3,150,25,25,1,3,perfect,0,0,47,12,25,10,0,0,0,8621ab8c45ab79ddef1b298b923a3e8c12ac10386ffb70e40559a894acc61e80
cheater-3p-151,Cheater,3,151,25,25,1,3,perfect,0,0,45,10,25,10,0,0,0,e0d4dfd34b225ebeffab1fee6b5f3fc69a535222ca4764108e5db7901c0fe1ce
cheater-3p-152,Cheater,3,152,25,25,1,3,perfect,0,0,43,9,25,9,0,0,0,19576642d42bcca396014474b03414e11637187c92142a73eb0e4293f593e8df
cheater-3p-153,Cheater,3,153,25,25,1,3,perfect,0,0,39,7,25,7,0,0,0,800a0ff337d622a7d787b5a4c4d43823f1dd9af9b8b6346c1f05fb5795b28786
cheater-3p-154,Cheater,3,154,25,25,1,3,perfect,0,0,44,10,25,9,0,0,0,26963fb23e8610cce0b95b7998c17450be5e161a9335d3ffd26fcf8761594e38
cheater-3p-155,Cheater,3,155,25,25,1,3,perfect,0,0,47,13,25,9,0,0,0,5b8b7397b0788c87a6e988d12048a77c1c65b1c468c956e700bdcda1cb99b169
cheater-3p-156,Cheater,3,156,25,25,1,3,perfect,0,0,41,9,25,7,0,0,0,78c30090aeae45074ca81ebc38744ca251fa14d2a2141df8cc2bf7a09cc18041
cheater-3p-157,Cheater,3,157,25,25,1,3,perfect,0,0,49,12,25,12,0,0,0,384ba1129d7c8a9cb127f413996f3d97a7f7f63192b0877d51b297f2dc9f07d8
cheater-3p-158,Cheater,3,158,25,25,1,3,perfect,0,0,38,7,25,6,0,0,0,265d455fcde84295525aa956dca1940f2f03aa409fe78b5a424593ea6b8beb09
cheater-3p-159,Cheater,3,159,25,25,1,3,perfect,0,0,35,5,25,5,0,0,0,4e011ead4cccdc9a5f00d4fc7428579c29ac739e79decb2117e51b2cb2905a38
cheater-3p-160,Cheater,3,160,25,25,1,3,perfect,0,0,42,11,25,6,0,0,0,b68767bfee00f4498531c3328b88b67331f2eb5bea0eebd2a2a640c8e75936d1
cheater-3p-161,Cheater,3,161,25,25,1,3,perfect,0,0,50,13,25,12,0,0,0,3f790a95907a9a828192d8ddd0e8a2f6415517a009a9dfa73cb014cb049a0c32
cheater-3p-162,Cheater,3,162,25,25,1,3,perfect,0,0,39,8,25,6,0,0,0,0b631784ebd9d2cefa5ca2e92b7b0b41606f2f14c3fe9ba51903063c8893a280
cheater-3p-163,Cheater,3,163,25,25,1,3,perfect,0,0,51,15,25,11,0,0,0,0e7f5fdf3dcdd5e074fcb6f205a18c8bafe57055b8ca20b127309d66d49cfb73
cheater-3p-164,Cheater,3,164,25,25,1,3,perfect,0,0,47,12,25,10,0,0,0,a509611c7cecf606f7782671561b8f96bb62d5f10656d1c7bf186f3ab2216ef2
cheater-3p-165,Cheater,3,165,25,25,1,3,perfect,0,0,50,13,25,12,0,0,0,140d45ffc4b4bbca12607fc21c4c0721829e1bbbab55a1009d749f38d74e8909
cheater-3p-166,Cheater,3,166,25,25,1,3,perfect,0,0,38,7,25,6,0,0,0,98514edc6cd00303bf8442c5c66b9b57265fbd9213b21d5a3de23bb8de93dc57
cheater-3p-167,Cheater,3,167,25,25,1,3,perfect,0,0,32,4,25,3,0,0,0,24ec1a0a1ea3962576c5eb68b9e5bc919b49bc7bc44be0a968f6a849a3c45077
cheater-3p-168,Cheater,3,168,24,24,0,3,tempo,0,1,53,16,24,13,0,0,0,2712aa69440d21e741fa504b17923db82b3a7caf0b04007b76e47772d61a251f
cheater-3p-169,Cheater,3,169,25,25,1,3,perfect,0,0,46,11,25,10,0,0,0,46ec781e3d967599eabe30edbd15f12f8569e2fe0817c02373cd32c11ecde79d
cheater-3p-170,Cheater,3,170,25,25,1,3,perfect,0,0,44,10,25,9,0,0,0,6d0c2e40f055dab507d018695fc157aff58b167afc7b2a23fff6fa40e802ba6a
cheater-3p-171,Cheater,3,171,25,25,1,3,perfect,0,0,41,9,25,7,0,0,0,f01c0832061ca9748fb0865157f1cbce791cafdc875bbe02ebe7e081ce789ff8
cheater-3p-172,Cheater,3,172,25,25,1,3,perfect,0,0,46,12,25,9,0,0,0,f06c6068ba31dd6b0eda70da27c7413aa1ab3eddb61a9c7d79f75395f033097b
cheater-3p-173,Cheater,3,173,25,25,1,3,perfect,0,0,33,6,25,2,0,0,0,a5ad819d82837a0721568f03d560737ca1af4263406330861b6774e8f2554c04
cheater-3p-174,Cheater,3,174,25,25,1,3,perfect,0,0,39,7,25,7,0,0,0,bd4157ef631efd36e3f6a4790593e4620bfb65ac2539ba29e0351cf5a71dacba
cheater-3p-175,Cheater,3,175,25,25,1,3,perfect,0,0,49,12,25,12,0,0,0,f0c9a73a45c3a44a54c31db647ca08c1757446518644dd85507c0aaf1616c0af
cheater-3p-176,Cheater,3,176,25,25,1,3,perfect,0,0,36,7,25,4,0,0,0,c5cebf30baf6bd47e437dd5d80461ae620cdb6683387f7ab703fe65736890f03
cheater-3p-177,Cheater,3,177,25,25,1,3,perfect,0,0,48,13,25,10,0,0,0,d33c10cc9bd349c63fc7efd2cbf367acc342553a21f992af716ad5d353678fd0
cheater-3p-178,Cheater,3,178,25,25,1,3,perfect,0,0,46,11,25,10,0,0,0,bb25b09926861c6105dca574356634db21f5cc56ed7891494c7f233d89f8406e
cheater-3p-179,Cheater,3,179,23,23,0,3,tempo,0,2,51,14,23,14,0,0,0,3326c265b5cf46b01a20b96a5ff46cc62173a28cf000995a6b04e813592c80b2
cheater-3p-180,Cheater,3,180,25,25,1,3,perfect,0,0,50,13,25,12,0,0,0,c68cfd4cb260701f9d963f5db5df918bbfc2ea817d61a69673d7824fb2adaeaa
cheater-3p-181,Cheater,3,181,25,25,1,3,perfect,0,0,37,7,25,5,0,0,0,8e57c8a2fa4a4d626c23c39f20abd691014fb730cf5d232e50cc3b7ec679fc5c
cheater-3p-182,Cheater,3,182,25,25,1,3,perfect,0,0,43,10,25,8,0,0,0,0bf98bf85a38300f52e8ae299ac17c732bab683f901c3d323e2b395c98dd7609
cheater-3p-183,Cheater,3,183,24,24,0,3,tempo,0,1,52,15,24,13,0,0,0,e7f3e2a76498b2a6d8684707489ca4e77e852ab5397501296f0f4593fd323180
cheater-3p-184,Cheater,3,184,25,25,1,3,perfect,0,0,46,11,25,10,0,0,0,6295d44e22f02578c04fb1a179b10cd11d46252a3cd102a011538515857b7997
cheater-3p-185,Cheater,3,185,25,25,1,3,perfect,0,0,48,12,25,11,0,0,0,71d86af2f73faa99644571d06d8bf39715ce81aa4d412170a6dc290be167e1a3
cheater-3p-186,Cheater,3,186,25,25,1,3,perfect,0,0,37,7,25,5,0,0,0,06c9dc4836d55fac193c843e117e4fcdade50b1ac06fe068e1fce7ebbb1180c7
cheater-3p-187,Cheater,3,187,25,25,1,3,perfect,0,0,45,11,25,9,0,0,0,a7f6260826050620db71016e50a9d43c6f1370663c06e915fdad25ddf0928258
cheater-3p-188,Cheater,3,188,25,25,1,3,perfect,0,0,49,13,25,11,0,0,0,39155ecb33d5dc113b453cfe146a502cfb7a3dd30c04cab053b4179d45a65653
cheater-3p-189,Cheater,3,189,25,25,1,3,perfect,0,0,48,13,25,10,0,0,0,8834b7290f2366191a21c0fa9c713af8a3d08b28328ffeb32a0d112b79c4a4db
cheater-3p-190,Cheater,3,190,24,24,0,3,tempo,0,1,52,15,24,13,0,0,0,94292ce46ac4b10ec4181756d9361dae652d043a21ac1c329a15c569d3e04c29
cheater-3p-191,Cheater,3,191,25,25,1,3,perfect,0,0,41,9,25,7,0,0,0,2495e93e4b29f2ee02d749b4b33a45c83dc3a7c9a869e8da2751bc83124a81a2
cheater-3p-192,Cheater,3,192,25,25,1,3,perfect,0,0,49,13,25,11,0,0,0,74728e1d244d2be8ed277790f9f2b7a80d4607f5c84dbc7feeac7c72acfea6fb
cheater-3p-193,Cheater,3,193,25,25,1,3,perfect,0,0,49,13,25,11,0,0,0,25d0987682286bd101bf795932d1725ac116c5c835c44c57da7f8fc8e6fa7506
cheater-3p-194,Cheater,3,194,25,25,1,3,perfect,0,0,52,15,25,12,0,0,0,2265a5e5d3076bbb7f1f8e6c44c200eec014a50f924c730d9f29212acc376f85
cheater-3p-195,Cheater,3,195,25,25,1,3,perfect,0,0,33,5,25,3,0,0,0,5f39670c1acb42c2688f682751a1bc2928dd68a79387fd3f16227570aef13da0
cheater-3p-196,Cheater,3,196,25,25,1,3,perfect,0,0,45,11,25,9,0,0,0,b5cd9025d5d9e28c1ef6e06fb5e1efb1cefd41b7158d3eb34bd672da9450b518
cheater-3p-197,Cheater,3,197,25,25,1,3,perfect,0,0,43,10,25,8,0,0,0,eadbde85938c7e266caf75db8da346fc9682e249222520931f6fdf12907f2c1f
cheater-3p-198,Cheater,3,198,25,25,1,3,perfect,0,0,44,11,25,8,0,0,0,459221c88f6c14963a6874bd02bbf11c5de17a950c60c947a5d6be177e5e9ff4
cheater-3p-199,Cheater,3,199,25,25,1,3,perfect,0,0,42,10,25,7,0,0,0,55cbe9aa431e32f875f144a5d2c698e81dc061f064af4667157204f01ba8f470
cheater-3p-200,Cheater,3,200,25,25,1,3,perfect,0,0,48,13,25,10,0,0,0,567c675328c78cb38d906b650952f5f404a99ec71c33e59c59f57f75905efc3a
cheater-3p-201,Cheater,3,201,25,25,1,3,perfect,0,0,37,7,25,5,0,0,0,63e1e313478991f5be0e3ac433e275ca062c62fb9d5dbe975fbf519ef051d948
cheater-3p-202,Cheater,3,202,25,25,1,3,perfect,0,0,47,11,25,11,0,0,0,47677e9157f70c6be822a92f1b67f3cd0e9b15ee4426a5c0d60632eb0241e36d
cheater-3p-203,Cheater,3,203,25,25,1,3,perfect,0,0,39,8,25,6,0,0,0,02ca4fc649b63dc16538ad2585cd2f65a75d68129015c8b4181079ef4e200fa1
cheater-3p-204,Cheater,3,204,25,25,1,3,perfect,0,0,49,13,25,11,0,0,0,46f547e3f97b25e33ef47d8be3f9ab1d5f39f1f5d6d16a8a53f7d9ed184edfb0
cheater-3p-205,Cheater,3,205,25,25,1,3,perfect,0,0,44,11,25,8,0,0,0,252685d29f72fa6d9abdfafc782d9c27ddeb79a2b58e7f98426b9cf8f2d17fcc
cheater-3p-206,Cheater,3,206,25,25,1,3,perfect,0,0,46,11,25,10,0,0,0,1ef1f280eeb3d460ab15bf73cdd080a0f9e4368027617591b3bcba58b61ef513
cheater-3p-207,Cheater,3,207,25,25,1,3,perfect,0,0,38,7,25,6,0,0,0,90ad671c89be3ac6bb0cbd6f3b837f432c62d0658e080dffab0c6165818b75c4
cheater-3p-208,Cheater,3,208,25,25,1,3,perfect,0,0,42,10,25,7,0,0,0,bd24f3314f8e943c5b0edac1f5f7aa4a084b569b224bb9a26ba4fe2aa1750ffa
cheater-3p-209,Cheater,3,209,25,25,1,3,perfect,0,0,49,13,25,11,0,0,0,3f5db94188475386a9b630d7d85743d113420aadde008b9df5a80c3729f377f9
cheater-3p-210,Cheater,3,210,25,25,1,3,perfect,0,0,46,11,25,10,0,0,0,b7d268addb91f16da8412f915c79f341aa3b5c88301b2164aa00f458eac3cbb3
cheater-3p-211,Cheater,3,211,25,25,1,3,perfect,0,0,49,13,25,11,0,0,0,be28f1596a885de911d6b0faed75094675781ad187db3702cb89f080c61fc3b8
cheater-3p-212,Cheater,3,212,25,25,1,3,perfect,0,0,46,11,25,10,0,0,0,edef5559487f7cd0bce48e67263310d91cebcab023a243c98cf9cbf6bad8a743
cheater-3p-213,Cheater,3,213,25,25,1,3,perfect,0,0,51,14,25,12,0,0,0,6bbf033d191adb5e573834d4e07e398defb488947edf1e5321c822d033af6a43
cheater-3p-214,Cheater,3,214,25,25,1,3,perfect,0,0,52,15,25,12,0,0,0,5102338da62b8bafbf1bbf5680f0dcd684a86219298325f8ecf118e34868a2cc
cheater-3p-215,Cheater,3,215,25,25,1,3,perfect,0,0,47,12,25,10,0,0,0,b92b06e462d270a3687db26a7df7271cf1e76f5f84b70e31c9e8dce9834075ef
cheater-3p-216,Cheater,3,216,25,25,1,3,perfect,0,0,43,9,25,9,0,0,0,45285f4542567af9879c8899a79e32fc6f3f66a0a7b1dc1d654ca37b5158a152
cheater-3p-217,Cheater,3,217,25,25,1,3,perfect,0,0,49,13,25,11,0,0,0,981e81decd5ad13e4d266e3085542e31e2d0e8660bd3c1bdf61e50c494191249
cheater-3p-218,Cheater,3,218,25,25,1,3,perfect,0,0,51,14,25,12,0,0,0,b312c114c413c874ed395b065bc781cf902b5ae84f3d4615d1e5c01fb141e517
cheater-3p-219,Cheater,3,219,25,25,1,3,perfect,0,0,34,6,25,3,0,0,0,3199c1b8b4a7fd9e559a7fb6338211d1b11c2878b70874d889af4bace4fa382d
cheater-3p-220,Cheater,3,220,25,25,1,3,perfect,0,0,52,15,25,12,0,0,0,3dca95904b30c0814b9924c9052f26007575a18e10f86e66c7ab9ed922b4db77
cheater-3p-221,Cheater,3,221,25,25,1,3,perfect,0,0,36,7,25,4,0,0,0,d744c0b5b0493e7bcc5ea4d85271224eea1b80a6c447881b3a8458e8ac6a6118
cheater-3p-222,Cheater,3,222,25,25,1,3,perfect,0,0,51,14,25,12,0,0,0,20c6221b473925053cbc1e3d7bfc11f7ed283de376d8f5740fb38c24b10ddd96
cheater-3p-223,Cheater,3,223,25,25,1,3,perfect,0,0,35,6,25,4,0,0,0,2a1be5ea38e30b005707d45d181c2410180c2302de1ba5fe055f87321ca877ba
cheater-3p-224,Cheater,3,224,25,25,1,3,perfect,0,0,47,12,25,10,0,0,0,2cc5cebe24eede8fefb1cd9d385768c1953dfe26f566df5198a040f505c56d87
cheater-3p-225,Cheater,3,225,25,25,1,3,perfect,0,0,43,10,25,8,0,0,0,f5b0b2cb048957e07c204e18d5aac3e020eea0430617a4fca5150fbe194df1c9
cheater-3p-226,Cheater,3,226,25,25,1,3,perfect,0,0,46,12,25,9,0,0,0,021b655e3803ce9af711fee8c8af041637a5e99594b4dcc084fe2cfbef16ad4d
cheater-3p-227,Cheater,3,227,25,25,1,3,perfect,0,0,49,13,25,11,0,0,0,5aa8ef57999c850804db5c95d2a7e06a4a4f068fe6f6ce3a9288157234565ab6
cheater-3p-228,Cheater,3,228,25,25,1,3,perfect,0,0,44,11,25,8,0,0,0,d58b5155906514f54da727925eb5a5c6b7ef78784354dabea4281aae6ff4fb61
cheater-3p-229,Cheater,3,229,25,25,1,3,perfect,0,0,54,16,25,13,0,0,0,8883c923b5c56d4a27e5e4a0d3cbb2b3172e9b976191b4e469ebaaa5ac690ba1
cheater-3p-230,Cheater,3,230,25,25,1,3,perfect,0,0,51,14,25,12,0,0,0,0de87e1ad6f945758584d78bdc0a623bcc067444c9eeca1225ba75c3baa7882e
cheater-3p-231,Cheater,3,231,25,25,1,3,perfect,0,0,48,12,25,11,0,0,0,8298a17100ed7c836f427a4ae4c10bf35a392fb4dd8a2db1d5669604970dd230
cheater-3p-232,Cheater,3,232,25,25,1,3,perfect,0,0,41,9,25,7,0,0,0,bf04bd92dd73f9fd4003b39c823301d0e92d34cd227f524c7024a288c50394fb
cheater-3p-233,Cheater,3,233,25,25,1,3,perfect,0,0,51,15,25,11,0,0,0,eebab909a0d8c6bbc184082a304d82a7d315ad9be7296b2ba099f49120bc28d5
cheater-3p-234,Cheater,3,234,25,25,1,3,perfect,0,0,50,14,25,11,0,0,0,63ab35f875c3039f595088a9cbdbedcd8887684eefa057a1392ceae50f229116
cheater-3p-235,Cheater,3,235,25,25,1,3,perfect,0,0,47,12,25,10,0,0,0,939ffadf9d01c0ff45d9dbde6229c24c1f8e22e50970ffee447677df4b1a662b
cheater-3p-236,Cheater,3,236,25,25,1,3,perfect,0,0,46,12,25,9,0,0,0,aa35963210720462d918ed44dfdb5a665f099a41f04c0cf5bebbafa532141dec
cheater-3p-237,Cheater,3,237,25,25,1,3,perfect,0,0,50,13,25,12,0,0,0,e470bd9c12ce5b092cb653dec1aa1096f6f117b17b1a33e078e547833ca66c29
cheater-3p-238,Cheater,3,238,25,25,1,3,perfect,0,0,36,6,25,5,0,0,0,f6be29176e1fc5ba557e5ab9ec3f0c7063a6c1718b22b7457ade99aeda9b76a6
cheater-3p-239,Cheater,3,239,25,25,1,3,perfect,0,0,44,10,25,9,0,0,0,3b50d5a65cd7bb2b713006071fa09d779533b7f01d1a6d3e616f7a3dd14d82fe
cheater-3p-240,Cheater,3,240,25,25,1,3,perfect,0,0,51,14,25,12,0,0,0,f713fc3336638b6418350fba8527caabd0939ff16bf42a74f3a0c361d07b4936
cheater-3p-241,Cheater,3,241,25,25,1,3,perfect,0,0,42,9,25,8,0,0,0,6c393b1f3f7b375c07b82b8dc5d44bd2650d8ac0a7bafcfcb7512de51d8d07f9
cheater-3p-242,Cheater,3,242,25,25,1,3,perfect,0,0,47,12,25,10,0,0,0,15b4cb7215c908ff015a9fd416ccd727d5cf5c67dd3fc500ab8b6403f907af91
cheater-3p-243,Cheater,3,243,25,25,1,3,perfect,0,0,48,13,25,10,0,0,0,88a9a8b8e92978f040773b920872ee789f04684c0e6c51ac65f4ea4aaeaef08c
cheater-3p-244,Cheater,3,244,25,25,1,3,perfect,0,0,40,8,25,7,0,0,0,d4f1972d223c0930223aca8bcec3e2b0c9f6ff12e1fe0cb9308fdd3f7453a1b5
cheater-3p-245,Cheater,3,245,25,25,1,3,perfect,0,0,35,6,25,4,0,0,0,cf9499bac809e79d87c022c928325ce316d9e4affcb9b3bcebd04ea1f53e0940
cheater-3p-246,Cheater,3,246,25,25,1,3,perfect,0,0,48,12,25,11,0,0,0,08bb56f42fb768e939475f63526fd72c54b6a9c3434d28ab1184c6fb73d3b2da
cheater-3p-247,Cheater,3,247,25,25,1,3,perfect,0,0,51,14,25,12,0,0,0,68f985fae4f7110046a18b172c25312445180f2492ee416e26102d25e4d4e7f8
cheater-3p-248,Cheater,3,248,25,25,1,3,perfect,0,0,52,15,25,12,0,0,0,06af237a7363bc6028455d039da809db630495542532227ac97fd17990b80174
cheater-3p-249,Cheater,3,249,25,25,1,3,perfect,0,0,49,13,25,11,0,0,0,6b4537f1cb1b13756b50a0a32ef2303e857c85b0c1b05533a8bbfaf7f03e9106
cheater-3p-250,Cheater,3,250,25,25,1,3,perfect,0,0,39,7,25,7,0,0,0,328b0a38411708e40ed689f938f4659b0a2b161c8f6cfa50a9d2be2548238662
cheater-3p-251,Cheater,3,251,25,25,1,3,perfect,0,0,40,9,25,6,0,0,0,20362daf0663b389091f97cfd1075553a3982ae1dc76ad827b13873f0bb9eac5
cheater-3p-252,Cheater,3,252,25,25,1,3,perfect,0,0,51,14,25,12,0,0,0,e5efa59b6a46d4ff5ad6185a987829e643b9d2add646160c776fb5890b63edd0
cheater-3p-253,Cheater,3,253,25,25,1,3,perfect,0,0,49,13,25,11,0,0,0,bb8e77d27863f5ab7b765a8579c0eb1f179ed4481db7d4a9d30f9efa904925d2
cheater-3p-254,Cheater,3,254,25,25,1,3,perfect,0,0,34,5,25,4,0,0,0,b49f657b726303ead4b7edd5f0de50502439620e5dbbcb2c3494273e86e16f23
cheater-3p-255,Cheater,3,255,25,25,1,3,perfect,0,0,40,8,25,7,0,0,0,5267a58ec704f71011e1d9d35ed020ca4e627d2db16f875c37dccdad9ec59159
cheater-3p-256,Cheater,3,256,24,24,0,3,tempo,0,1,53,16,24,13,0,0,0,813d6984cb93908656333e896fd79d4a6b3c336bab8b1e4204416a84c651289e
cheater-3p-257,Cheater,3,257,25,25,1,3,perfect,0,0,47,12,25,10,0,0,0,afb88d4c39a7f92801b93a2ddf38eedfe5bae4c25c0c6c8d3259956df57cc6f2
cheater-3p-258,Cheater,3,258,25,25,1,3,perfect,0,0,48,13,25,10,0,0,0,7388c9aeaffd99412946e760927a178343577052b4bbc829545ffb9306a5b2d2
cheater-3p-259,Cheater,3,259,25,25,1,3,perfect,0,0,33,6,25,2,0,0,0,ee3791de6dee166ce48ff8d098d3c996988fd977a90cd73b4c717bb74e2d4d54
cheater-3p-260,Cheater,3,260,25,25,1,3,perfect,0,0,50,13,25,12,0,0,0,60b02034febe3edb03c9feb702d7f508c7466aebc339f5d01acf102d0baa93eb
cheater-3p-261,Cheater,3,261,25,25,1,3,perfect,0,0,43,11,25,7,0,0,0,ee01a19fe673fbc4a4d7f08950977934d183704cb4275ec462c7c029716a5a59
cheater-3p-262,Cheater,3,262,25,25,1,3,perfect,0,0,41,8,25,8,0,0,0,3b73d71c4e155de16e2665ac28b0cd906697bdcf78b1788db20f9bbf36ded5bb
cheater-3p-263,Cheater,3,263,25,25,1,3,perfect,0,0,54,17,25,12,0,0,0,cb946d507f5e32f5d32c922fc39f84763e937e8328ec10df329f7af60a202375
cheater-3p-264,Cheater,3,264,25,25,1,3,perfect,0,0,51,14,25,12,0,0,0,a5e21e154309b1ac9beacf026a84f751df7041453bf3a240eccf954f88a6ca8a
cheater-3p-265,Cheater,3,265,25,25,1,3,perfect,0,0,49,12,25,12,0,0,0,9c0f7e3cad28fcb9aa727f57439b7d5231fbf6346fb72862017f96ff0cd7224d
cheater-3p-266,Cheater,3,266,25,25,1,3,perfect,0,0,38,7,25,6,0,0,0,ac2d4aadc635a362a2c64de40ab5eab0cff4e3fa69eb45944ad052191a9cca38
cheater-3p-267,Cheater,3,267,25,25,1,3,perfect,0,0,43,9,25,9,0,0,0,e20dbefa6e20015e738ecc4f70a27190029329100a0ee2df3410b996212a2a20
cheater-3p-268,Cheater,3,268,25,25,1,3,perfect,0,0,41,9,25,7,0,0,0,4821239ff4d616704b557f189344b198da31232f9f8d241074a0823903a90750
cheater-3p-269,Cheater,3,269,25,25,1,3,perfect,0,0,46,12,25,9,0,0,0,6823241c4d8d9eafb834dbeb04bc2fd436538f2935d63d5d57c8f7fb284d6fb3
cheater-3p-270,Cheater,3,270,25,25,1,3,perfect,0,0,41,9,25,7,0,0,0,b89b2a18344ebb56e9aa81d8e8f79541906eee78fe698b77db3f382ac7b1eae2
cheater-3p-271,Cheater,3,271,25,25,1,3,perfect,0,0,31,3,25,3,0,0,0,4f9e62c97f7aad3ca055efff7525aa290878a9e3f4be893a8eadbb21efc839f4
cheater-3p-272,Cheater,3,272,25,25,1,3,perfect,0,0,42,9,25,8,0,0,0,261da201b171d34181438cdf0d2eebdb434798ad3d25c2339485fbc2ace1bef7
cheater-3p-273,Cheater,3,273,25,25,1,3,perfect,0,0,43,10,25,8,0,0,0,db184b7e2154ff46210bda918fc93a020fb57eb1924fd81bbec7c8870c708231
cheater-3p-274,Cheater,3,274,25,25,1,3,perfect,0,0,52,15,25,12,0,0,0,3015fcd8710c1bff8593e695ae302e515357078ecefa8c846e3e96318000d8af
cheater-3p-275,Cheater,3,275,25,25,1,3,perfect,0,0,52,15,25,12,0,0,0,1488c551b0523d0c7363493d80a4a751619085b086da36118a847a4301d719b5
cheater-3p-276,Cheater,3,276,25,25,1,3,perfect,0,0,44,11,25,8,0,0,0,a7e173c0aec1830d06c82d178aec0bdef61200d1b21d51b3d6f96c617ce2b043
cheater-3p-277,Cheater,3,277,25,25,1,3,perfect,0,0,33,5,25,3,0,0,0,0415843e972a5e8cdbe85bd1c38aa208a2b8f885b97641c3732a449b7d8d936d
cheater-3p-278,Cheater,3,278,25,25,1,3,perfect,0,0,51,14,25,12,0,0,0,bbe45e86140dc98253ad4126b1585355e22d251b8bc3f1baeb5ca590137ce2e4
cheater-3p-279,Cheater,3,279,25,25,1,3,perfect,0,0,47,13,25,9,0,0,0,30e961668405166a80228b89b16557c58cd2a30791224c8b99373597d1a7b49a
cheater-3p-280,Cheater,3,280,25,25,1,3,perfect,0,0,51,14,25,12,0,0,0,180d200f75455c1940ade9ad8efa472e84b4c79ed986ac7489f5000a04e33a82
cheater-3p-281,Cheater,3,281,25,25,1,3,perfect,0,0,49,13,25,11,0,0,0,c6d5a07179c9403a653f9ac4a9a477a616f4f1067dbd17be988b213f23318493
cheater-3p-282,Cheater,3,282,25,25,1,3,perfect,0,0,47,12,25,10,0,0,0,2a492debd21928f812a7675a3b07816c51da929dd17f5a545b016b743f7dc2fd
cheater-3p-283,Cheater,3,283,25,25,1,3,perfect,0,0,41,9,25,7,0,0,0,cb3e076a702b6456a4a52d3a6515a1f91a12fc467b48d71ca65d15ad5a906fc0
cheater-3p-284,Cheater,3,284,25,25,1,3,perfect,0,0,42,9,25,8,0,0,0,18310aecd435c80a3f0f836559c039157d30558be680fbfa7d878faa405c77da
cheater-3p-285,Cheater,3,285,25,25,1,3,perfect,0,0,44,11,25,8,0,0,0,708b881a4e08adeba425de51703dd85636c45322de1636fdefbf32f7e24a6326
cheater-3p-286,Cheater,3,286,25,25,1,3,perfect,0,0,46,11,25,10,0,0,0,00654649038d3556eef432535ae115294eb0c8ce70005fef69f782ba5532df19
cheater-3p-287,Cheater,3,287,25,25,1,3,perfect,0,0,43,11,25,7,0,0,0,e3daf244be1a20c841208ae4a3316eb14ae5cd01a35bb83df2d6a4ba255c88bf
cheater-3p-288,Cheater,3,288,25,25,1,3,perfect,0,0,52,15,25,12,0,0,0,a558c4eef6568d63d4d5dc5008251b0de6c5a42c9976dec598c4d4829c123ef1
cheater-3p-289,Cheater,3,289,25,25,1,3,perfect,0,0,36,6,25,5,0,0,0,7a215d4726cc8954954998ece82a82505783a22f1099d55aea31ff263b475913
cheater-3p-290,Cheater,3,290,25,25,1,3,perfect,0,0,34,6,25,3,0,0,0,5bd9a45a950c0825a44a1f4c156f0a3fef82ddd6c827c7cb7d4b8ded88919465
cheater-3p-291,Cheater,3,291,25,25,1,3,perfect,0,0,35,6,25,4,0,0,0,62e2fa891e5afec8d048c9998164ce77c2da1671aac853d638bb716d30ebbb5f
cheater-3p-292,Cheater,3,292,25,25,1,3,perfect,0,0,52,15,25,12,0,0,0,eebf52906f9c265f3737453bd7595fdd2a39f3b4133b45a49b7332771cccd92e
cheater-3p-293,Cheater,3,293,25,25,1,3,perfect,0,0,50,14,25,11,0,0,0,d87e414b2586f0a6d720ec93efeaa0b6a46e4d6146e17e2238d8587c02847b0c
cheater-3p-294,Cheater,3,294,25,25,1,3,perfect,0,0,36,7,25,4,0,0,0,686e7244c07df7754b4fda4a613a22e712fb2f436643e4cc04f2d38e54e80fc4
cheater-3p-295,Cheater,3,295,25,25,1,3,perfect,0,0,45,11,25,9,0,0,0,7619118782082a50d51e157357a86caa76f30b7a6f42b151962158bc2da46d41
cheater-3p-296,Cheater,3,296,25,25,1,3,perfect,0,0,39,8,25,6,0,0,0,cc8724ec128f295d49ec7e4c40472c6a95c2f5c790f9cdd5025640ae2983f526
cheater-3p-297,Cheater,3,297,25,25,1,3,perfect,0,0,37,7,25,5,0,0,0,b48a9a215fb2686a2b6e31236aa30b698980840e7ca27fd1e513537a9ff68493
cheater-3p-298,Cheater,3,298,25,25,1,3,perfect,0,0,41,9,25,7,0,0,0,dffcdfb1bf435db8a42d69f1ca2a8a99aebe0f13b337c628d70b10e6ec7ca508
cheater-3p-299,Cheater,3,299,25,25,1,3,perfect,0,0,42,10,25,7,0,0,0,beb48d406a0dfcce9fc700f43b6f998b4944f6386961d871a987cac646b45bfb
cheater-3p-300,Cheater,3,300,25,25,1,3,perfect,0,0,43,10,25,8,0,0,0,3b570a809445369b9d9310d09b48b1ff1f650927d2a84ce478f57fbc4bd4c3b8
cheater-3p-301,Cheater,3,301,24,24,0,3,tempo,0,1,52,15,24,13,0,0,0,679b4b4c602ff027ba93a45f7f5fedf1e660deb489a7e0fd8770fc2facf43537
cheater-3p-302,Cheater,3,302,25,25,1,3,perfect,0,0,47,12,25,10,0,0,0,d6c5f2f62f79668531e9177beddad267f85657bb55e2538cbe268518c2519576
cheater-3p-303,Cheater,3,303,25,25,1,3,perfect,0,0,42,9,25,8,0,0,0,97c87cdaf01947677207119e82fce6e034363a7fc380d4e133c14f46d8157e98
cheater-3p-304,Cheater,3,304,24,24,0,3,tempo,0,1,52,15,24,13,0,0,0,4a4ea86b67bb22902971be5ed42f45652f433e3068fbb54d3f7924f8b528691d
cheater-3p-305,Cheater,3,305,25,25,1,3,perfect,0,0,47,12,25,10,0,0,0,c4598bef1bc5f060157af038eb0bd1f534470728ccdd61ac8c63af0970e24fa1
cheater-3p-306,Cheater,3,306,25,25,1,3,perfect,0,0,43,10,25,8,0,0,0,e7ff006adaa28b1dab1df21b536023536926b187e9fc8090256c22e150c123da
cheater-3p-307,Cheater,3,307,25,25,1,3,perfect,0,0,48,13,25,10,0,0,0,409badc4f900827e485ac471061ad3233808c385b8b54c43c9c9621096f4ed04
cheater-3p-308,Cheater,3,308,25,25,1,3,perfect,0,0,49,13,25,11,0,0,0,444c6e50c6cdee4351bb1584ff226ba81831497dcf60c72597fa483e9b30669d
cheater-3p-309,Cheater,3,309,25,25,1,3,perfect,0,0,50,14,25,11,0,0,0,87c207f9f3b01690823e314708cd5a6f4e8808932442ba3f16ca9f6b25ccd4f9
cheater-3p-310,Cheater,3,310,25,25,1,3,perfect,0,0,35,5,25,5,0,0,0,485c01ce8113761652407903855f308ab024a89d0c7e8d4cb9aeb6612c839b9b
cheater-3p-311,Cheater,3,311,25,25,1,3,perfect,0,0,48,12,25,11,0,0,0,def85d74db5092b0f8a7cf59abdca587765a69e55bc5ee98dce0fdab448fec12
cheater-3p-312,Cheater,3,312,25,25,1,3,perfect,0,0,48,12,25,11,0,0,0,97ca6eb1475a42812ff4808010e3dc2b62478fbfb5c0f0477ba3c097c9888a8f
cheater-3p-313,Cheater,3,313,25,25,1,3,perfect,0,0,34,6,25,3,0,0,0,1405986489a7c28726f3ae43f220ac40407e10a6940646aab497fe499fa956af
cheater-3p-314,Cheater,3,314,25,25,1,3,perfect,0,0,48,12,25,11,0,0,0,41bb858e9b8adf6fb27e378c1236c4913da9cbb9caca3bedfe488ef3cc3c8d2e
cheater-3p-315,Cheater,3,315,25,25,1,3,perfect,0,0,46,11,25,10,0,0,0,abfe33856ee2e5c7d39849ca27509ba40f37f62584bc07047232f7d4335a8545
cheater-3p-316,Cheater,3,316,25,25,1,3,perfect,0,0,50,13,25,12,0,0,0,1f76241f42597bfa5792f8ac3be8f14ed988641eeb3404e8cc0fe3a19cffccbe
cheater-3p-317,Cheater,3,317,25,25,1,3,perfect,0,0,51,14,25,12,0,0,0,2ac395c52146c46917ccb81c9500eb7704616a321a86f6055114252147a7e4c9
cheater-3p-318,Cheater,3,318,25,25,1,3,perfect,0,0,45,11,25,9,0,0,0,2ef1762710c262d40adb86df010eb4323fecc57331f1b99e59a872d468c1d9ca
cheater-3p-319,Cheater,3,319,25,25,1,3,perfect,0,0,46,11,25,10,0,0,0,de06db24053f30466f9b06a7642e20a049ecd89e4ccba384da9863e7f7289a37
cheater-3p-320,Cheater,3,320,25,25,1,3,perfect,0,0,45,10,25,10,0,0,0,988b8b207734e441d4fd04c49c3a188aab4fdea368e13969c66b216ca3808504
cheater-3p-321,Cheater,3,321,25,25,1,3,perfect,0,0,35,7,25,3,0,0,0,9d94dda8d38697fc6583e75a7957ad88730cec5c9f34c493fd83877623bc02e9
cheater-3p-322,Cheater,3,322,25,25,1,3,perfect,0,0,47,12,25,10,0,0,0,9922dbc928f68d06aa10cd54cc5e5d46cef978d99b6dc71001c3dfaf9f87ba44
cheater-3p-323,Cheater,3,323,25,25,1,3,perfect,0,0,50,14,25,11,0,0,0,a00ce05139524693798d5ffb82ecf6277595b2dbb219015db898d8ef40c91da0
cheater-3p-324,Cheater,3,324,25,25,1,3,perfect,0,0,28,2,25,1,0,0,0,510f054f412e700a82143c48e915f824eef45576bfa9943504d3acce328e033f
cheater-3p-325,Cheater,3,325,24,24,0,3,tempo,0,1,55,18,24,13,0,0,0,64b0c2b8fc56dc397405b603088db16cd731a6e519840ef7fe318872b2ec7084
cheater-3p-326,Cheater,3,326,25,25,1,3,perfect,0,0,45,10,25,10,0,0,0,e422155604d93192edecfe0b122c6032b9191a66fb7ca11c1823a47cd83aa2e1
cheater-3p-327,Cheater,3,327,25,25,1,3,perfect,0,0,41,9,25,7,0,0,0,ecf428af25ad7024f384c0e8e772c98e4fbd5dbd629d4fc1cc49d6129a59d34f
cheater-3p-328,Cheater,3,328,25,25,1,3,perfect,0,0,51,14,25,12,0,0,0,c215c022cc3305a7a95e68a9881df38a1c3bea96b88bba3577abc69856bbda25
cheater-3p-329,Cheater,3,329,25,25,1,3,perfect,0,0,49,13,25,11,0,0,0,bac1cae9359f8a1b5522153c769f6f89d47e3bd20e5846793f2fff209e421dcb
cheater-3p-330,Cheater,3,330,23,23,0,3,tempo,0,2,52,15,23,14,0,0,0,483374d0a6a543d809b117c98afbfc6c9c7918a317f55476ad909c93c1fb5ff6
cheater-3p-331,Cheater,3,331,25,25,1,3,perfect,0,0,36,7,25,4,0,0,0,b40be64fea30e1c16ff9d402f528b7ee9a799b1e2394d27778ca581998fa8a50
cheater-3p-332,Cheater,3,332,25,25,1,3,perfect,0,0,44,11,25,8,0,0,0,a657822d4c6b1ad0c7aea2d169c8c5c60b67461593e7629d7f3c28d7a86c8cdd
cheater-3p-333,Cheater,3,333,25,25,1,3,perfect,0,0,38,7,25,6,0,0,0,b765053aabf85611914e3c3852b218ef888308edaa23f3f2dca9ffff947057bb
cheater-3p-334,Cheater,3,334,25,25,1,3,perfect,0,0,50,14,25,11,0,0,0,87b1de18f086b9f8a2f5745ed87f4c008788806b73cd71305056b3820eb5d774
cheater-3p-335,Cheater,3,335,25,25,1,3,perfect,0,0,50,13,25,12,0,0,0,50545448a7908cebe0f8c4e99db9ef1b6ceaa9e0627e7ca4a96ca4f415449e5b
cheater-3p-336,Cheater,3,336,25,25,1,3,perfect,0,0,47,12,25,10,0,0,0,9debf34fe27e2f4d76fc001b0e52b397f9556a8ac876b13b69bc22ef7a2c5c85
cheater-3p-337,Cheater,3,337,25,25,1,3,perfect,0,0,35,7,25,3,0,0,0,dad36dc22df867651799380dc53145d912fa52a171e5cc4abd691d936c60dc56
cheater-3p-338,Cheater,3,338,25,25,1,3,perfect,0,0,45,11,25,9,0,0,0,d0fc0f60bcc4b3fe9e646b0b551843b377e43d33c2e8c2ff77e94d5c515d1dc6
cheater-3p-339,Cheater,3,339,25,25,1,3,perfect,0,0,51,14,25,12,0,0,0,4348c4b5257e45149af4496edc37934a9e91641dbed8c7e75708bfc638a205eb
cheater-3p-340,Cheater,3,340,25,25,1,3,perfect,0,0,52,15,25,12,0,0,0,5039d2d76ed68cfec6da3b479cdd32eb7ce8f540dfe0edf550bb9e9c229ebef4
cheater-3p-341,Cheater,3,341,25,25,1,3,perfect,0,0,50,14,25,11,0,0,0,54264c11a6da766c619a07cdc5b2a1cbac5e0a4803b2810ccbdba3150a7581ed
cheater-3p-342,Cheater,3,342,25,25,1,3,perfect,0,0,46,11,25,10,0,0,0,a20c6d7e34b98b6f925d0cd0c6c13f669e706d8023b00ec2f672315de6790411
cheater-3p-343,Cheater,3,343,25,25,1,3,perfect,0,0,44,10,25,9,0,0,0,d62d21e768ede709cab873e21e0cac83460a03bf35993b4f5a67dbe1b0f008a1
cheater-3p-344,Cheater,3,344,25,25,1,3,perfect,0,0,50,14,25,11,0,0,0,e077ce20f2a1899532477301e8d1cfd6f96e82f81c9a5820d54443b15d7b0911
cheater-3p-345,Cheater,3,345,25,25,1,3,perfect,0,0,50,13,25,12,0,0,0,b10231be610603e1d57cf153ac97387f387ce82a019d2f57adec6e5fdbdb5900
cheater-3p-346,Cheater,3,346,25,25,1,3,perfect,0,0,44,10,25,9,0,0,0,58e78c027ecf7fb1a08ca6c1e12c8bc1af11b4512e85ba19bef8f4a00a6995d6
cheater-3p-347,Cheater,3,347,25,25,1,3,perfect,0,0,45,12,25,8,0,0,0,51b6fd0511a0848c7a2b778496c4a099c082096192b21e4effb4dcb3f9426e0f
cheater-3p-348,Cheater,3,348,25,25,1,3,perfect,0,0,45,12,25,8,0,0,0,330e8f0214dd04cfbf8caa0f6756c5de195dd71e8b618d70b32cff03ed186c7f
cheater-3p-349,Cheater,3,349,25,25,1,3,perfect,0,0,47,11,25,11,0,0,0,f86e57dabff44c2d8da951209ecfc4b4d5c2c3b9a478baeadb4473b7a0290af8
cheater-3p-350,Cheater,3,350,25,25,1,3,perfect,0,0,36,7,25,4,0,0,0,156d7c6d6d531fd78727c607f0e7dd3246c909d8a71caff4f878e6e6597a9cbb
cheater-3p-351,Cheater,3,351,25,25,1,3,perfect,0,0,50,13,25,12,0,0,0,3ff1adf0d726e4791676c10ab9fc3ef5035355e99bd5c63acf0429d14c80371a
cheater-3p-352,Cheater,3,352,25,25,1,3,perfect,0,0,50,14,25,11,0,0,0,a9bcc75a202b59763dd1022d63f693f166ddb7d96e8684afb27108832255089c
cheater-3p-353,Cheater,3,353,24,24,0,3,tempo,0,1,53,16,24,13,0,0,0,d07e643d567fd6b37d66675305303300b37d2a5c294c1aa1ff3738f0a00875b4
cheater-3p-354,Cheater,3,354,25,25,1,3,perfect,0,0,47,11,25,11,0,0,0,e53d2d50a7a5ec863b2c3d63622a3c988eeaa9dde2b78078af854014e91a4992
cheater-3p-355,Cheater,3,355,25,25,1,3,perfect,0,0,46,11,25,10,0,0,0,e4c4048682b34efc8fca2e6274f2ebc4c558d922ab18912529849d5870fbf9e8
cheater-3p-356,Cheater,3,356,25,25,1,3,perfect,0,0,41,9,25,7,0,0,0,a26685819d5b201071d415bb7488094eb4da12d9bef1ad54dd153e103aa855c2
cheater-3p-357,Cheater,3,357,25,25,1,3,perfect,0,0,40,8,25,7,0,0,0,78d7582a2aab62811479bf07b7795453c49fe90d7bd6dfc169bc5b16e88e6b68
cheater-3p-358,Cheater,3,358,25,25,1,3,perfect,0,0,45,12,25,8,0,0,0,1414115d1299845b6594c37ee2739a3568691910d44ab6d17027a50e83753ec5
cheater-3p-359,Cheater,3,359,25,25,1,3,perfect,0,0,46,12,25,9,0,0,0,52e97931d3d21e81aa8314298ac307ded953134fdc1d3e245ba141e01d4f9446
cheater-3p-360,Cheater,3,360,25,25,1,3,perfect,0,0,48,12,25,11,0,0,0,bab6614c5e6472a43119eac7c425be6e54c41bc07488434d6c858939aa55424c
cheater-3p-361,Cheater,3,361,25,25,1,3,perfect,0,0,51,14,25,12,0,0,0,78447ccf870f22d7732495fd72f02aae99b3b57d02144d3b9b483ee86ba57ddf
cheater-3p-362,Cheater,3,362,25,25,1,3,perfect,0,0,51,14,25,12,0,0,0,038a1425badfbbde13c22c402bbea7a1795a769052321a63d8423d685e65251d
cheater-3p-363,Cheater,3,363,25,25,1,3,perfect,0,0,52,15,25,12,0,0,0,32535a9c0846873ed919e7968d77b8411fe21e1fab56dc5c9ad406ed47f6efdb
cheater-3p-364,Cheater,3,364,25,25,1,3,perfect,0,0,44,10,25,9,0,0,0,eb640dd973320aae26fc789d6432fc34604d70f10683c8d88817f0006cd3ee04
cheater-3p-365,Cheater,3,365,25,25,1,3,perfect,0,0,43,9,25,9,0,0,0,748aac55bdc56a8109073fe0c534b224eb8610d0dbea182eeb7f1e82f3f59ba7
cheater-3p-366,Cheater,3,366,25,25,1,3,perfect,0,0,44,11,25,8,0,0,0,661a3ba83e0e16f37ef0fdfcdf2edfb1135afcd3d6fc3137466e8d631a34822d
cheater-3p-367,Cheater,3,367,25,25,1,3,perfect,0,0,46,12,25,9,0,0,0,851adaab0a31caed40d8dec5240a72a3794f5113a59e907d0a161ea9e5f06382
cheater-3p-368,Cheater,3,368,25,25,1,3,perfect,0,0,40,9,25,6,0,0,0,ad8932d16de34a66f2eaaae9b079a9b3a10749de5c4490fa9b60375bd45140e7
cheater-3p-369,Cheater,3,369,25,25,1,3,perfect,0,0,50,13,25,12,0,0,0,600009b8139800c84173fa769c33fd9b6bbf974e60b29235aac37e02ecb88247
cheater-3p-370,Cheater,3,370,25,25,1,3,perfect,0,0,46,12,25,9,0,0,0,52d60dcc35ba7044408866dc7d0a55b12a95e16ec6b685e6eb3b1e2faed184f4
cheater-3p-371,Cheater,3,371,25,25,1,3,perfect,0,0,50,13,25,12,0,0,0,7c1eb9c42382f0c4d139c91f8b97e3119ba63f1848ddf81ce4d9976d658d8274
cheater-3p-372,Cheater,3,372,25,25,1,3,perfect,0,0,34,5,25,4,0,0,0,16fc962839b4d14e85a30fc3d1d8d4e10bca4a980ff6d1a45c656fdb11b5449b
cheater-3p-373,Cheater,3,373,25,25,1,3,perfect,0,0,38,8,25,5,0,0,0,47474412e7b8db8cfa4d6dbc6c9944837982a57257b780055a9722704d4a5f7a
cheater-3p-374,Cheater,3,374,25,25,1,3,perfect,0,0,47,11,25,11,0,0,0,f53bd6dbf85b761f77ebb9cab3750e56084733e6b5e10227fff6920ff2c10151
cheater-3p-375,Cheater,3,375,25,25,1,3,perfect,0,0,47,12,25,10,0,0,0,c7f80c16436b49a9fc05ae7ea846b4cc6100f08f370eaaba26ae24ef4b344c57
cheater-3p-376,Cheater,3,376,25,25,1,3,perfect,0,0,28,2,25,1,0,0,0,25f6a8fbc4e1a94fee71f2a0593223689cbbbde9000ce63d28849992eb86828c
cheater-3p-377,Cheater,3,377,25,25,1,3,perfect,0,0,53,15,25,13,0,0,0,6305a9e3053a2e90814e988f30ce4219e68e924a505185704b513da4b5cd8114
cheater-3p-378,Cheater,3,378,25,25,1,3,perfect,0,0,46,11,25,10,0,0,0,6e2ff5a06315dc309d3955e4fa66b33317f8a3cc9cffaca7b07513341182de19
cheater-3p-379,Cheater,3,379,25,25,1,3,perfect,0,0,34,5,25,4,0,0,0,e27083bcde59d55c9074d68b26bd2afd828368e302280dde0a0fdbd6ea946a52
cheater-3p-380,Cheater,3,380,25,25,1,3,perfect,0,0,49,13,25,11,0,0,0,8216472df23d98c00b9f2e445b4021200496ed72a252343267e45870c140a794
cheater-3p-381,Cheater,3,381,25,25,1,3,perfect,0,0,47,11,25,11,0,0,0,41ae195cc1ffd021a7e3d07deac2e0585a95add91d219159051ca8237593675f
cheater-3p-382,Cheater,3,382,25,25,1,3,perfect,0,0,37,7,25,5,0,0,0,03f8f3a92d9a9a5d96ca281f7ba9cd90254b474eac5bc19ec94bdb232a972cfc
cheater-3p-383,Cheater,3,383,25,25,1,3,perfect,0,0,47,11,25,11,0,0,0,0ac7abfc3763d19fc01c8ae6776604f00d6a06e03f3eda2e301b64526fcf9586
cheater-3p-384,Cheater,3,384,25,25,1,3,perfect,0,0,51,14,25,12,0,0,0,9bccc57753951c6a5ab7b26bd4cf03045c3afbbe661c767a6553b78cdd6de42d
cheater-3p-385,Cheater,3,385,25,25,1,3,perfect,0,0,42,9,25,8,0,0,0,b041ec7011a37b045e18d2765d10cc72e50679af32e6310e375e824207384815
cheater-3p-386,Cheater,3,386,25,25,1,3,perfect,0,0,52,15,25,12,0,0,0,6afffc77085dafc3975105555556aee34beb8cb824ef00d8473db156fa72e273
cheater-3p-387,Cheater,3,387,25,25,1,3,perfect,0,0,39,7,25,7,0,0,0,c5b43f7e003c6b8db19fd8ccf1fcf6415951485853e12879317097243602c649
cheater-3p-388,Cheater,3,388,25,25,1,3,perfect,0,0,46,11,25,10,0,0,0,a32f81c1eedf398b761286f580c90dd33ea3e8c3aadf30692f975be9e812b016
cheater-3p-389,Cheater,3,389,25,25,1,3,perfect,0,0,39,8,25,6,0,0,0,113d8a17a5201721560b10bd44e5aaf0e3c958ded368f8ebe452c7c1250838a4
cheater-3p-390,Cheater,3,390,25,25,1,3,perfect,0,0,41,9,25,7,0,0,0,3d2537136300c53d65d420e91909bf8af566bd544278a0fc2237cbf81af2ddac
cheater-3p-391,Cheater,3,391,25,25,1,3,perfect,0,0,44,11,25,8,0,0,0,fdf9eaddbc6a4868f599f0c5c016632fc1f7916186eb4c15bdd1e49034c21d23
cheater-3p-392,Cheater,3,392,25,25,1,3,perfect,0,0,52,15,25,12,0,0,0,cf39847304859f4638cc07285d302daf90b9987f98472b2a76ad42fee6994c00
cheater-3p-393,Cheater,3,393,25,25,1,3,perfect,0,0,40,8,25,7,0,0,0,c63cdd607eff1f70738ffef56ca66729d666b626a3dd64306e2d3edfe24bdd01
cheater-3p-394,Cheater,3,394,25,25,1,3,perfect,0,0,50,14,25,11,0,0,0,f43ccb70490f124868e2cf7eadd01c69abf84ea4dc808448a7585b0d2379a8fc
cheater-3p-395,Cheater,3,395,25,25,1,3,perfect,0,0,41,9,25,7,0,0,0,14d6450ac9d167e789ad30389fc71cff986a1a4a8b9f4c701be2a8dddc79aa34
cheater-3p-396,Cheater,3,396,25,25,1,3,perfect,0,0,44,10,25,9,0,0,0,3862fa5c58f2ddb5ddbb4079c0e08f4b977d899707f174ff4b2c96d02cdc9f52
cheater-3p-397,Cheater,3,397,25,25,1,3,perfect,0,0,45,11,25,9,0,0,0,2761144bae4425cfb5ce83ef403577c775b07f97132eca8ed255a814d7a83d82
cheater-3p-398,Cheater,3,398,25,25,1,3,perfect,0,0,45,11,25,9,0,0,0,b0562d285533fbf5bf6c7b7539a59a98f8a979251e43072f0c3a5e56f62c9c66
cheater-3p-399,Cheater,3,399,25,25,1,3,perfect,0,0,50,13,25,12,0,0,0,80dd9c8bfb8592c406de846f74275d8b0673b3f91f605050d8f6bed464278e45
cheater-3p-400,Cheater,3,400,25,25,1,3,perfect,0,0,51,14,25,12,0,0,0,e080374fedb15d43cadecaf72e384b237c4f6d4788b81620af65115933702e2f
cheater-3p-401,Cheater,3,401,25,25,1,3,perfect,0,0,38,8,25,5,0,0,0,62acd9eda5b7f525dce6542bbc8ad442a92a2a909c49d5a65da5ca24b97e64f4
cheater-3p-402,Cheater,3,402,25,25,1,3,perfect,0,0,50,14,25,11,0,0,0,3cb8ec518e571b05838025668ca0fc3363949a71c0e316ca49ce98e3e0e1fd5e
cheater-3p-403,Cheater,3,403,25,25,1,3,perfect,0,0,49,13,25,11,0,0,0,8e81ec886ef8b740e413d649c66da98e03f5bae14f943f2be05585c3833f7faf
cheater-3p-404,Cheater,3,404,25,25,1,3,perfect,0,0,47,12,25,10,0,0,0,d061674ba8c9996999d176d33573cd3378389dfc2e5b8bdde2fb79b02cb95e7a
cheater-3p-405,Cheater,3,405,25,25,1,3,perfect,0,0,52,15,25,12,0,0,0,aab8b7bcdcc429e42048289e1351071be71934112ed664ac530b99e3ecad3471
cheater-3p-406,Cheater,3,406,25,25,1,3,perfect,0,0,51,13,25,13,0,0,0,67cf280c1820a42c5e24c99ce8eb9d8dd4e6c7911f19f917ede280a26ae761a0
cheater-3p-407,Cheater,3,407,25,25,1,3,perfect,0,0,45,11,25,9,0,0,0,9c8dea94ef0683fc22e6a54f103ecc29307b02469bb1cf4fa4c3f3ca11f2514f
cheater-3p-408,Cheater,3,408,24,24,0,3,tempo,0,1,52,15,24,13,0,0,0,5c09da9a5793baeab9b167659e8be9fdd93801d11b5b425c37e11dfb30cc4b45
cheater-3p-409,Cheater,3,409,25,25,1,3,perfect,0,0,44,10,25,9,0,0,0,213212cbb45861d60fc4e5e7fb845b86db983f7103d58a73ffb3aae7ca7e3265
cheater-3p-410,Cheater,3,410,25,25,1,3,perfect,0,0,51,14,25,12,0,0,0,20b3390d3aebb148e6ffc1aaa09cd095fa46a08ad3cd6c9827b9a060931e1f6f
cheater-3p-411,Cheater,3,411,25,25,1,3,perfect,0,0,46,12,25,9,0,0,0,6c1208f676d95eeefec38de4b9e34e858e52959d8ac9fd16d71ba629222a56cb
cheater-3p-412,Cheater,3,412,25,25,1,3,perfect,0,0,40,9,25,6,0,0,0,f7ac10ff26d11f6a7b3c3edf739bb0fbd7032771dd3eccfd01b416a9c6ebbe9f
cheater-3p-413,Cheater,3,413,25,25,1,3,perfect,0,0,48,13,25,10,0,0,0,c0cda80cf8a7420175b1b99eedd7ded1953d6b3bf55bb91707d6373ab1e65e06
cheater-3p-414,Cheater,3,414,25,25,1,3,perfect,0,0,43,10,25,8,0,0,0,6a681fe20955c763458e5248c9d065826b3cdb5bd8c4e888221bb31df51dc3b2
cheater-3p-415,Cheater,3,415,25,25,1,3,perfect,0,0,51,14,25,12,0,0,0,93803f27818c79381be384769edbd899305e5453f1662b6b989d8cae36aa1faf
cheater-3p-416,Cheater,3,416,25,25,1,3,perfect,0,0,45,11,25,9,0,0,0,f5d97065749b015f49eaa56225c27c24cf3a8c0df23935fd554c0bfaa655e5df
cheater-3p-417,Cheater,3,417,25,25,1,3,perfect,0,0,41,10,25,6,0,0,0,ce2bcb3bc46703556bf80ac55cbc13344206fefe24e2093ee3b22c91369bba6c
cheater-3p-418,Cheater,3,418,25,25,1,3,perfect,0,0,44,10,25,9,0,0,0,49b1b98d81c7ff74ff4b00e398d56f16bfe916e869f1de60eda1fb841fbe0da2
cheater-3p-419,Cheater,3,419,25,25,1,3,perfect,0,0,52,15,25,12,0,0,0,964f375615875dcc86e8f9413b20c2a4ebc30874ce52d6428f987d25d77bdf72
cheater-3p-420,Cheater,3,420,25,25,1,3,perfect,0,0,32,4,25,3,0,0,0,097d6448f2edeb5d5cc8165f37fe5092d9222dac3ea80c9cf5e71890503b1507
cheater-3p-421,Cheater,3,421,25,25,1,3,perfect,0,0,49,13,25,11,0,0,0,b98db27f491b09122f0ecb6cacdd35a3c846a9449c4e0d852abd9dccea0abbe9
cheater-3p-422,Cheater,3,422,25,25,1,3,perfect,0,0,36,6,25,5,0,0,0,299a61b6a876ddd69f3365f9b10856cd0145fa68b0dcbad0167b4ed62a0b1546
cheater-3p-423,Cheater,3,423,25,25,1,3,perfect,0,0,45,11,25,9,0,0,0,afd092edfadf3622cd5d8c0ec7dd511fbca9807c3ef7efc4262c2747fe7d7f1b
cheater-3p-424,Cheater,3,424,25,25,1,3,perfect,0,0,50,14,25,11,0,0,0,cc9422104f3c6ccef10d31012a0abcd5fd535e7dd46a29d38ca4f19e5147f157
cheater-3p-425,Cheater,3,425,25,25,1,3,perfect,0,0,42,10,25,7,0,0,0,06f5317e0c5cb39c925d7412cc0f8c8ae99cab3e986bef19087d5e73c33889bb
cheater-3p-426,Cheater,3,426,25,25,1,3,perfect,0,0,36,6,25,5,0,0,0,e4bcba052b8acabb34662e17f54c33f063e68f8a055cff51168db189505b2c75
cheater-3p-427,Cheater,3,427,25,25,1,3,perfect,0,0,48,12,25,11,0,0,0,28cf864b455f9084d307eacb6532f89a38d695957f8a1604beb137ff383a6c4c
cheater-3p-428,Cheater,3,428,25,25,1,3,perfect,0,0,46,12,25,9,0,0,0,9ae501d6a34d95fe15fd0a9b9321097ea29f87937516e8498e678db20871ce1a
cheater-3p-429,Cheater,3,429,25,25,1,3,perfect,0,0,38,8,25,5,0,0,0,02f489fb1615dca2adf5e1985524aa10546765e93d7a5614599f8f5d5cae503f
cheater-3p-430,Cheater,3,430,25,25,1,3,perfect,0,0,41,8,25,8,0,0,0,3f7888c5e07eb3e4bffdd3138437b69b4c45f2346c923d2e322b5edc97136283
cheater-3p-431,Cheater,3,431,24,24,0,3,tempo,0,1,52,15,24,13,0,0,0,751b6c6f2b7070d7a8421fb1f7f274deabafb42f8da14cc689ecc9f0f5c7e321
cheater-3p-432,Cheater,3,432,25,25,1,3,perfect,0,0,45,11,25,9,0,0,0,9306b596dd05653b9892ec1cded65a19bcffdfb10a7a8223245882bde1b60ce0
cheater-3p-433,Cheater,3,433,25,25,1,3,perfect,0,0,37,6,25,6,0,0,0,9f8ed56b9ca0c4e90cfb0368c98efed08e09db6e536556dc57a2b18fe6613230
cheater-3p-434,Cheater,3,434,25,25,1,3,perfect,0,0,52,15,25,12,0,0,0,177bebb7d68274a75bd2ff874a08f0ddacfc5d91caa9ada18013a40a7c2e1e03
cheater-3p-435,Cheater,3,435,25,25,1,3,perfect,0,0,45,11,25,9,0,0,0,765892c9725e18c3d5e2736579051ba57eaec4efda75106b5466f792db04b013
cheater-3p-436,Cheater,3,436,25,25,1,3,perfect,0,0,50,15,25,10,0,0,0,9c1f1e7438e93b7daa95e7e87699feebbdcf675c8382c6dfc4319fddfd63bc59
cheater-3p-437,Cheater,3,437,25,25,1,3,perfect,0,0,37,8,25,4,0,0,0,1c7733630a94d5eb3923c1ece91df15fb2866a3d4e69c1fac401752bb7983647
cheater-3p-438,Cheater,3,438,25,25,1,3,perfect,0,0,52,15,25,12,0,0,0,c0487822782a30a4c95b690dfacc102eb65bfc87c46429a1ad6fb5438a554159
cheater-3p-439,Cheater,3,439,25,25,1,3,perfect,0,0,53,16,25,12,0,0,0,2d2201480497b05cd1d5770a2219f54e22536188c01591ff52ed4927addd65a2
cheater-3p-440,Cheater,3,440,25,25,1,3,perfect,0,0,45,11,25,9,0,0,0,c2eea01b337aa56264c78d347e3dab3fbe368dbc6528bfac5ff766ad137b3822
cheater-3p-441,Cheater,3,441,25,25,1,3,perfect,0,0,46,12,25,9,0,0,0,159902b883cca968c02960b81cf529914ec7786d91eac504cec6f2e7dfe97a80
cheater-3p-442,Cheater,3,442,25,25,1,3,perfect,0,0,51,14,25,12,0,0,0,f92f1503de3f02667659d4339d43ba38362e9360e718417650157ccec17fc0b1
cheater-3p-443,Cheater,3,443,25,25,1,3,perfect,0,0,45,10,25,10,0,0,0,63e981c8f44d0f35618f53601f77fdbd33575bd32b886b5a2bbd1d33fcf0ef77
cheater-3p-444,Cheater,3,444,25,25,1,3,perfect,0,0,51,14,25,12,0,0,0,c08c4a4b78697e8a2dc40a53925ded55e9e96e65a30f3a4d82d2b7a8ad4db84a
cheater-3p-445,Cheater,3,445,25,25,1,3,perfect,0,0,45,11,25,9,0,0,0,f4e6b090c5c5f9e104787eb13c64cbf4aa28aab4aa651ff5745d61c06c38e8dd
cheater-3p-446,Cheater,3,446,25,25,1,3,perfect,0,0,41,9,25,7,0,0,0,db45a7e59f865fe20938b1d4d3125e064779af1fb8858c2e0bcc3030cb41355c
cheater-3p-447,Cheater,3,447,25,25,1,3,perfect,0,0,45,11,25,9,0,0,0,ffbfec2c6f351515500d9aa5f85f45fba7cdb6fa49b501560d37e14cdb5b71d7
cheater-3p-448,Cheater,3,448,25,25,1,3,perfect,0,0,46,11,25,10,0,0,0,409143dd97b778197cd7f4556ffb917bcf557041911d3699eb0492946da0b405
cheater-3p-449,Cheater,3,449,25,25,1,3,perfect,0,0,45,10,25,10,0,0,0,963c0b5ebc7e5c8c3e296539f7eb52c5b7a5160b170b26ff086cc077b9421ceb
cheater-3p-450,Cheater,3,450,25,25,1,3,perfect,0,0,46,12,25,9,0,0,0,b76eb4f8a09ef13d271ac218a2488089b80c0f55d1a1a16e9f75acb90020a92e
cheater-3p-451,Cheater,3,451,25,25,1,3,perfect,0,0,42,10,25,7,0,0,0,433bc623c2ad96a72403e1f6c2edb2984ef8349df49002a6837ff968b7559375
cheater-3p-452,Cheater,3,452,25,25,1,3,perfect,0,0,43,10,25,8,0,0,0,48dbe769db36eee6308429cce69b670990f52d3311b9f7abac7e846f9c3ba4f0
cheater-3p-453,Cheater,3,453,25,25,1,3,perfect,0,0,47,12,25,10,0,0,0,794afb2ee3490dc27c1ad51e48bfcc3b32c18508eab37da15ff752fc092e34da
cheater-3p-454,Cheater,3,454,25,25,1,3,perfect,0,0,50,13,25,12,0,0,0,fbe757968e40f97afaca1fd2e5c86d9106957afdb35dcb0a52b773a331449d7d
cheater-3p-455,Cheater,3,455,25,25,1,3,perfect,0,0,38,8,25,5,0,0,0,355953a86c146a65b73729fb65cfaad25f1e242bda938010741ea30e163ff8f7
cheater-3p-456,Cheater,3,456,25,25,1,3,perfect,0,0,47,12,25,10,0,0,0,f44902f07b74aa97fe994930ce99a94365661d8f96fed1532dd17613bd0968b1
cheater-3p-457,Cheater,3,457,25,25,1,3,perfect,0,0,41,9,25,7,0,0,0,07fcd0419164219bc6956757e9839d593190b324c33d5336db726ab0fca30b22
cheater-3p-458,Cheater,3,458,25,25,1,3,perfect,0,0,41,8,25,8,0,0,0,8fa55173fb7feaae652e659d022c57086a4058013ccc79e0f0f64d84ec84a7b5
cheater-3p-459,Cheater,3,459,25,25,1,3,perfect,0,0,47,12,25,10,0,0,0,6f2e1a49b8bcfbba7309c8d82a86c200584a81416c40ba5318fddfd6c7068fd5
cheater-3p-460,Cheater,3,460,25,25,1,3,perfect,0,0,52,15,25,12,0,0,0,b9673275b924aa0359857cd26971683a675e1db783c97a4dbfa1558f78f9b303
cheater-3p-461,Cheater,3,461,25,25,1,3,perfect,0,0,44,11,25,8,0,0,0,86fb7a62c764162ec3aa463759cf5ae2341ee86428bffb15087ad246f27b5cfa
cheater-3p-462,Cheater,3,462,25,25,1,3,perfect,0,0,44,10,25,9,0,0,0,0e8e67e7b16c95be42615c10163661e5b2823ce1b288028647db6d2acee768e3
cheater-3p-463,Cheater,3,463,25,25,1,3,perfect,0,0,42,9,25,8,0,0,0,0f4de7796b9da0aec96e65a589913ce635ed60088c3fadaef854c73d171aef1b
cheater-3p-464,Cheater,3,464,25,25,1,3,perfect,0,0,45,11,25,9,0,0,0,d9cbf3d61786b1885ce2503d9d43f6ac256ae7c499886137e6b40ebec1662ed2
cheater-3p-465,Cheater,3,465,25,25,1,3,perfect,0,0,30,4,25,1,0,0,0,83e89975f073cbd671d332a6a11456d4efdd394ad6aaa43b46baf84d8b15c554
cheater-3p-466,Cheater,3,466,25,25,1,3,perfect,0,0,45,12,25,8,0,0,0,2aff1c684505a47acd1897dacd2eb46067f6959177360ee6117624371f467c4b
cheater-3p-467,Cheater,3,467,25,25,1,3,perfect,0,0,38,7,25,6,0,0,0,e78d327424dbec6667c85a8315211ed6c9dac16538fe3f44ea85bc3cc776ff17
cheater-3p-468,Cheater,3,468,25,25,1,3,perfect,0,0,34,5,25,4,0,0,0,bea82fc5fe87f3014ebd50a99c4e072b49fb3a1f406d7360c431e01b8bf2748e
cheater-3p-469,Cheater,3,469,25,25,1,3,perfect,0,0,49,13,25,11,0,0,0,bb8595602a711fdc5d573d8c1fc07cd124d0d5d78f223910dcc9ad1f62daa380
cheater-3p-470,Cheater,3,470,25,25,1,3,perfect,0,0,41,9,25,7,0,0,0,bc632bf42824dbba2f59e31c7bb582d44df8ec43fea261aba2774cf1a1a80f1f
cheater-3p-471,Cheater,3,471,25,25,1,3,perfect,0,0,48,13,25,10,0,0,0,97b5d44114f4040f88f1307fa69078743266b33061f984dc0a3f9d534e6944b7
cheater-3p-472,Cheater,3,472,25,25,1,3,perfect,0,0,51,14,25,12,0,0,0,953b0b57316119440bb36aab6b3dee46d680a0210327cc4c39e66e03b33d7cd6
cheater-3p-473,Cheater,3,473,25,25,1,3,perfect,0,0,47,11,25,11,0,0,0,34570cb1afc5e50b5fb7c88e6e795bc3a52704dcb8c437014b019cbeb180fb51
cheater-3p-474,Cheater,3,474,23,23,0,3,tempo,0,2,53,16,23,14,0,0,0,c7016715752749317ba8b3e117fd0aac0a718edadb90e32147edd1fba12e2682
cheater-3p-475,Cheater,3,475,25,25,1,3,perfect,0,0,36,7,25,4,0,0,0,6dadde1edf19facc9c82307d907aa0d0fbf40dc7805b9ac52c8850bf6d671f03
cheater-3p-476,Cheater,3,476,25,25,1,3,perfect,0,0,44,11,25,8,0,0,0,5f99422fb8f429d89f5252a0fcc91fc54790e8b850e3e60401d09356ef0b4773
cheater-3p-477,Cheater,3,477,25,25,1,3,perfect,0,0,50,13,25,12,0,0,0,dff7ebea25880bcdb06e12fca7bafb7442ee0540286e4d0ee9f5f7d53eec8774
cheater-3p-478,Cheater,3,478,25,25,1,3,perfect,0,0,48,12,25,11,0,0,0,a869ac3e3dbb2ed9184b302904f1360ccbb08bbfc59c57b0b00324a8e82b6898
cheater-3p-479,Cheater,3,479,25,25,1,3,perfect,0,0,53,15,25,13,0,0,0,e88919c98e57515d5641fb47475d442e455207f1a7eaf5360621d35920c4210b
cheater-3p-480,Cheater,3,480,25,25,1,3,perfect,0,0,43,10,25,8,0,0,0,eb2305200d96188d903b0b0a45970fedc3ec4d26ebf5ad322b3c45099af3af8f
cheater-3p-481,Cheater,3,481,23,23,0,3,tempo,0,2,52,15,23,14,0,0,0,09e2587ea0836c2264be71b29ec5afcd9428271227cf0b9b975dc1268ca77535
cheater-3p-482,Cheater,3,482,25,25,1,3,perfect,0,0,48,13,25,10,0,0,0,3fcb7ffc6dcfc31111040bc6e5635c46eaa6df3575fa1b475a6e9a29f027b24a
cheater-3p-483,Cheater,3,483,25,25,1,3,perfect,0,0,35,7,25,3,0,0,0,1064eb8e251638128d898300437dc1d61c7796471e29086f4ce65fab38a79f87
cheater-3p-484,Cheater,3,484,25,25,1,3,perfect,0,0,40,9,25,6,0,0,0,cbb751898c53af25a9f9bc7563d4e4619d265b4f43437434bdf51ab0b154eba6
cheater-3p-485,Cheater,3,485,25,25,1,3,perfect,0,0,48,12,25,11,0,0,0,4ad88a8c5216b548d314d739940d7c26d7d1aae1f5f0e44c0dc6b8f1c9c94f7b
cheater-3p-486,Cheater,3,486,25,25,1,3,perfect,0,0,48,12,25,11,0,0,0,fe6ec7b5f5d250f1b8f27d3424f1ad19773b340b98d9e2791c1f6730a5004c4c
cheater-3p-487,Cheater,3,487,25,25,1,3,perfect,0,0,30,3,25,2,0,0,0,e514c520861145c13ae827e3c4866849164b54fa63bae77633334c1af844d2b1
cheater-3p-488,Cheater,3,488,25,25,1,3,perfect,0,0,46,12,25,9,0,0,0,dc583d83ea188454ac62d2fe65877e21dc910b5538db53557117b901d63e8d20
cheater-3p-489,Cheater,3,489,25,25,1,3,perfect,0,0,50,14,25,11,0,0,0,3a090afe7e6c1d55d3c77488e915bf5b83af213c9357e521ed78057169a41e82
cheater-3p-490,Cheater,3,490,25,25,1,3,perfect,0,0,50,15,25,10,0,0,0,d9db7f7a2b9f469807f57894e9af5747a7c04fbf6317b6a9eda87daf942d1083
cheater-3p-491,Cheater,3,491,25,25,1,3,perfect,0,0,46,12,25,9,0,0,0,f49a20e8bded5c1fd914de03a305f069a0e31ab751c1b735d37dbabad0405ec2
cheater-3p-492,Cheater,3,492,24,24,0,3,tempo,0,1,52,15,24,13,0,0,0,65dc41ec2e7e96ddab0947f7746b24c514d383cbb0b8e150a0188885e1653efc
cheater-3p-493,Cheater,3,493,25,25,1,3,perfect,0,0,47,12,25,10,0,0,0,0ad5521be8f7dfe555cbda97396dd593f7acc92b72fc96733e7e129fa2cd0d37
cheater-3p-494,Cheater,3,494,25,25,1,3,perfect,0,0,47,13,25,9,0,0,0,96a1db9e445d238fd7b703697ee4d6d98fe443db61f98b3dd91d298a809e0447
cheater-3p-495,Cheater,3,495,25,25,1,3,perfect,0,0,39,8,25,6,0,0,0,3dc2fa7b9b141781aa5d8d52d9a2105eff1ffd04f25cfe585b5d7b6c676ed19a
cheater-3p-496,Cheater,3,496,25,25,1,3,perfect,0,0,36,7,25,4,0,0,0,5117ca6efac2ce9335dc0877ac27bd6223a271999a6b7733715a461bf0b86d06
cheater-3p-497,Cheater,3,497,25,25,1,3,perfect,0,0,43,10,25,8,0,0,0,5e811391c196ca3d3ca4203213e8d43fbb297cef82061b9a3dcdf15537dad18e
cheater-3p-498,Cheater,3,498,25,25,1,3,perfect,0,0,51,14,25,12,0,0,0,73fa91b2c98c0bd5419e4a2be3f9fb4590eac0338759d960c1f91cf2f3fb7f28
cheater-3p-499,Cheater,3,499,25,25,1,3,perfect,0,0,44,10,25,9,0,0,0,99a136433959bbf221609b4430cb88501a824fed460eb779713b1a4e8214237d
cheater-3p-500,Cheater,3,500,25,25,1,3,perfect,0,0,51,14,25,12,0,0,0,c17513ded25c32b0d13134163f62c0fcf38dbad8865363f81c99daf520f0ee95
cheater-3p-501,Cheater,3,501,25,25,1,3,perfect,0,0,47,12,25,10,0,0,0,c6ddb182281a8f9d73bd57cdac78f5fba0a301b260e198ae06242baa3cbb25c3
cheater-3p-502,Cheater,3,502,25,25,1,3,perfect,0,0,40,8,25,7,0,0,0,731fda9966a45341973031558098695b7b0f12b64ba7f99acb9bf1dbe2c6d094
cheater-3p-503,Cheater,3,503,25,25,1,3,perfect,0,0,48,12,25,11,0,0,0,16ff55aa1dc76e284cac0d6b5fa3571722cf9c8d3d879676e780b8cbf867d14c
cheater-3p-504,Cheater,3,504,25,25,1,3,perfect,0,0,50,13,25,12,0,0,0,7af96637074455a110a42b7edf35b3f41ec395b6e91afefd807319f5488d79db
cheater-3p-505,Cheater,3,505,25,25,1,3,perfect,0,0,49,12,25,12,0,0,0,4584da49300b976def8f1fef743fe6b2f74467bceded78dbe735df1e68d2d2a1
cheater-3p-506,Cheater,3,506,25,25,1,3,perfect,0,0,41,9,25,7,0,0,0,90c5056c991d4bd4a76c07eea285c3756277833a31596d8fbec1dda469a34f67
cheater-3p-507,Cheater,3,507,25,25,1,3,perfect,0,0,47,11,25,11,0,0,0,b46170410dcd3eeb975d176d37c9592901574bb5b209f95f73b6d26a83af0e6a
cheater-3p-508,Cheater,3,508,25,25,1,3,perfect,0,0,50,13,25,12,0,0,0,02b746964bb2aba06bc7c95af5c3e7b1cd8354bf60907c6e91bc3870f51cfe1f
cheater-3p-509,Cheater,3,509,25,25,1,3,perfect,0,0,40,8,25,7,0,0,0,5096102efaf55b4e45e14369fb78fdab31e4753b5bc9f48241434d78f675cd4a
cheater-3p-510,Cheater,3,510,25,25,1,3,perfect,0,0,36,6,25,5,0,0,0,d8b33df2c9e01540a6a3e744b2660c1c44cfdaf43255069e7783f4a03eb2eb40
cheater-3p-511,Cheater,3,511,25,25,1,3,perfect,0,0,48,12,25,11,0,0,0,dba0246e5773f76780a262ab84877025213d00f901d3bf70d7f9ff8d24cc10de
cheater-3p-512,Cheater,3,512,25,25,1,3,perfect,0,0,46,11,25,10,0,0,0,b0bd5d90dc6900340efb5939cdb7d71bd7816e094e2a34978cde24d4430777f1
cheater-3p-513,Cheater,3,513,25,25,1,3,perfect,0,0,44,10,25,9,0,0,0,82b7247724134ba6a6d4e7c342430b8a6c3117fc1e9540f8b7ed2b11c55b9ca6
cheater-3p-514,Cheater,3,514,25,25,1,3,perfect,0,0,40,8,25,7,0,0,0,9350d7e53dbd0e7b259aeff23e164f58f714c154efda021006e27df1aaae721e
cheater-3p-515,Cheater,3,515,25,25,1,3,perfect,0,0,51,14,25,12,0,0,0,afa494bb9d0a307f5d5583c3994acd8a9b10bc3231f85f2b5db1420a30b1804b
cheater-3p-516,Cheater,3,516,25,25,1,3,perfect,0,0,49,13,25,11,0,0,0,e55878ff66f6ae7ebc1ef4416672c7843fd751ec36d52a29ad24c9ae92c33f6c
cheater-3p-517,Cheater,3,517,25,25,1,3,perfect,0,0,41,9,25,7,0,0,0,abd8d2778f90988f1fddc1ccd2598260550432457f0552d02b20d98d57fe4160
cheater-3p-518,Cheater,3,518,25,25,1,3,perfect,0,0,45,11,25,9,0,0,0,eace9d9b83742586373cb9822d0e5e80c88f62d3946df80d897739425297e2cb
cheater-3p-519,Cheater,3,519,25,25,1,3,perfect,0,0,45,12,25,8,0,0,0,ac9e94e5024b48d8ce7b79c4a17c59af758241154cd2b5b1988b1d459b733ec6
cheater-3p-520,Cheater,3,520,25,25,1,3,perfect,0,0,43,10,25,8,0,0,0,9c76f9a6f0f38a2db16c1a45c894b8ca153d8b46fad70a2beeecce986c363d1f
cheater-3p-521,Cheater,3,521,25,25,1,3,perfect,0,0,48,13,25,10,0,0,0,0ca780ee7edbf7683d20525af264a83877de1264e65e8037051b8bf6f0c0e411
cheater-3p-522,Cheater,3,522,25,25,1,3,perfect,0,0,43,9,25,9,0,0,0,32171f32308ecd8b1930731b6e193accd4e728faf53b8d581543100ae558271f
cheater-3p-523,Cheater,3,523,25,25,1,3,perfect,0,0,49,13,25,11,0,0,0,f2aa8310eb01007c149e850953bec34e205a5015499ec21a27a0b4936cef8c6b
cheater-3p-524,Cheater,3,524,25,25,1,3,perfect,0,0,35,5,25,5,0,0,0,0bf80c21fd43b5078de34b585b4994722d4efded6e16aee4188e7c17a693cb73
cheater-3p-525,Cheater,3,525,25,25,1,3,perfect,0,0,37,7,25,5,0,0,0,839a52c992ddd4d36d239a36be59685c4713c4b15b1c71032881097f36ec3908
cheater-3p-526,Cheater,3,526,25,25,1,3,perfect,0,0,49,12,25,12,0,0,0,1d4398ad5a1f3bdcc7bb0cbcb54b9775a45a2beb9dbc887ef4c4fdda91476769
cheater-3p-527,Cheater,3,527,25,25,1,3,perfect,0,0,38,8,25,5,0,0,0,1cbb8577de076aa67ef4972d66c73e76ecac11e14bf02f0807bad422b8665abb
cheater-3p-528,Cheater,3,528,25,25,1,3,perfect,0,0,48,13,25,10,0,0,0,51383b8912ff4316825f58482d5d6ef0e525f327db415abe0a56108558249a07
cheater-3p-529,Cheater,3,529,25,25,1,3,perfect,0,0,51,15,25,11,0,0,0,18a6822a9c591d2ba7a1268c34ad49646b2be663dc5d03c6a52b746a71124ab4
cheater-3p-530,Cheater,3,530,25,25,1,3,perfect,0,0,42,9,25,8,0,0,0,3c11b8e365169468689b97541f1d61d6fa6eb597a43dbe99bc293d9e1da0096a
cheater-3p-531,Cheater,3,531,25,25,1,3,perfect,0,0,43,10,25,8,0,0,0,e771eb2c6adda8589987b4a579701820dd1ff58643312bdc01d36e40a135b0f2
cheater-3p-532,Cheater,3,532,25,25,1,3,perfect,0,0,47,12,25,10,0,0,0,c06d2929ffa5318b8bb6d7c0a381296e50bb199da1f5ead82d6c0edd2a0c9a94
cheater-3p-533,Cheater,3,533,24,24,0,3,tempo,0,1,53,16,24,13,0,0,0,95b9e01dac9e2c3dc6c4310caa9a49c789e121316bb2971c3058746427103c7a
cheater-3p-534,Cheater,3,534,25,25,1,3,perfect,0,0,43,9,25,9,0,0,0,7845ac8077af1acea2621b4c8c7fcee9952aec70a9725176d9e7dc1ab26cfa69
cheater-3p-535,Cheater,3,535,24,24,0,3,tempo,0,1,53,15,24,14,0,0,0,3dc55ecf0d740e24f76a4fb2dcc20fff9037ea59adbff053dfcf4e079ec88d33
cheater-3p-536,Cheater,3,536,25,25,1,3,perfect,0,0,37,7,25,5,0,0,0,53d164030a587644370e2d86b17ad7d2a7160be82dbc0793891790bc86a77c17
cheater-3p-537,Cheater,3,537,25,25,1,3,perfect,0,0,43,10,25,8,0,0,0,9c484e5ad8f0ab364d6eefbb1c0efd274567f34ae43669f17deb521ea7310a1c
cheater-3p-538,Cheater,3,538,25,25,1,3,perfect,0,0,51,14,25,12,0,0,0,b3b62af3154e8a962283e94ed2cb5f7afc3bf03cd7268dcb9e365eddf28a2005
cheater-3p-539,Cheater,3,539,25,25,1,3,perfect,0,0,42,10,25,7,0,0,0,ad38f9337f748ac9194f834640ca15db3f755af01acb74a63744bf6270688406
cheater-3p-540,Cheater,3,540,25,25,1,3,perfect,0,0,52,15,25,12,0,0,0,a06a219b9b5f87b6936a5187b7f73ae7302e96a114ba8b2b6b3006e24051493b
cheater-3p-541,Cheater,3,541,25,25,1,3,perfect,0,0,45,10,25,10,0,0,0,a0c2dd638702dbd788ddc858c2a8b73e2c10fe62b9e1b70dc7aa02709187be65
cheater-4p-42,Cheater,4,42,25,25,1,3,perfect,0,0,42,9,25,8,0,0,0,fedac63db945c37afbbd4cacb47e82bd4a0f404cc9ec1e02c663cafcd7bd4c69
cheater-4p-43,Cheater,4,43,25,25,1,3,perfect,0,0,43,10,25,8,0,0,0,bb0cfdc58bd91db9332854925d503eaca56f7d689bfddb2c8aec82b2e8b93394
cheater-4p-44,Cheater,4,44,23,23,0,3,tempo,0,1,52,15,23,14,0,0,0,c3dc5cfa6132ab8f55a157942cc32deb8212ea927af4ca5439f4be42187ad026
cheater-4p-45,Cheater,4,45,25,25,1,3,perfect,0,0,40,9,25,6,0,0,0,b4d11519d9ac6a6fc5e8681b8da7a57d2bcdec2c2ad7c80d7529b972abdf663c
cheater-4p-46,Cheater,4,46,25,25,1,3,perfect,0,0,46,11,25,10,0,0,0,c3b529f2e39e93c354828b56a836a26dc407db0c227c80f618f29ccb9d365a4b
cheater-4p-47,Cheater,4,47,25,25,1,3,perfect,0,0,49,13,25,11,0,0,0,802501c4243223972cf25502c3e074a5b5c762a6967a2ac7fb397e2edebea2f6
cheater-4p-48,Cheater,4,48,25,25,1,3,perfect,0,0,44,11,25,8,0,0,0,c1449b564576865f68d13821bfff61e589ab5e0c605ab55d4c7d3adf750c257f
cheater-4p-49,Cheater,4,49,25,25,1,3,perfect,0,0,49,13,25,11,0,0,0,96693f3bfcc3c8ed8d8740fc7f14d6b81d224daad236e8a6a22996fd7e7059e3
cheater-4p-50,Cheater,4,50,25,25,1,3,perfect,0,0,42,10,25,7,0,0,0,1aebb4d217774d89d174325d50e9b0c37c9c4bd64e8562a47583cab82a4d4cb9
cheater-4p-51,Cheater,4,51,25,25,1,3,perfect,0,0,44,11,25,8,0,0,0,c84e36b323f8de85a3aa773078c13260e395a8ae73035ede37b6060652c88a86
cheater-4p-52,Cheater,4,52,25,25,1,3,perfect,0,0,34,6,25,3,0,0,0,97d9b4427a073d692362ca7120d7a38223857cc98568f384fbbf6ddd47a835bb
cheater-4p-53,Cheater,4,53,25,25,1,3,perfect,0,0,50,14,25,11,0,0,0,f606376a322bba1a6894557e550a9f426f818ee596621bc1d955c1e561d071b8
cheater-4p-54,Cheater,4,54,25,25,1,3,perfect,0,0,44,10,25,9,0,0,0,9ca3fcc6eebcc53c9ca32e69493cb4d613f5e3544f572f80e6a98065041a8fd9
cheater-4p-55,Cheater,4,55,25,25,1,3,perfect,0,0,48,13,25,10,0,0,0,e03060997851f25d7e9aba760d42b6c7777c5f1d3d044fdef73f223ae6eaa182
cheater-4p-56,Cheater,4,56,25,25,1,3,perfect,0,0,51,14,25,12,0,0,0,b6407b9b73a48db1d9ab996800e88e2e17fbe90d364d014bd7cf06efd351aad5
cheater-4p-57,Cheater,4,57,25,25,1,3,perfect,0,0,45,10,25,10,0,0,0,071422ef582663bd55d3c39226ef45adbb4300e472e2f95c0875a451acf9511f
cheater-4p-58,Cheater,4,58,25,25,1,3,perfect,0,0,35,7,25,3,0,0,0,c6ecb8bb61f0f8128bc721a4550d4b11702458b1c6d9e99dfc5be1c40ac454ab
cheater-4p-59,Cheater,4,59,25,25,1,3,perfect,0,0,45,12,25,8,0,0,0,4f620eec21d771229f077dfba8674db8b19fab3474c8aa1a5d6fbaa5da5cb0b1
cheater-4p-60,Cheater,4,60,25,25,1,3,perfect,0,0,50,14,25,11,0,0,0,8dec70b50a4c44b773ab4a33f06671a407036c1e4fa130b49d367a0845320d1d
cheater-4p-61,Cheater,4,61,25,25,1,3,perfect,0,0,36,7,25,4,0,0,0,97ff11d12c8bef2668af14111c14d34711390e0ee78635840d509ec4ad0549b3
cheater-4p-62,Cheater,4,62,25,25,1,3,perfect,0,0,43,11,25,7,0,0,0,35d633b472752adc3e04de17798d01bd4eace6c07893d345a9dc51cb1b338368
cheater-4p-63,Cheater,4,63,25,25,1,3,perfect,0,0,49,14,25,10,0,0,0,d9d2e1bba10253bb6a9a308998938ee29b5d8ad93ab8297a77ecb7195810385c
cheater-4p-64,Cheater,4,64,25,25,1,3,perfect,0,0,45,12,25,8,0,0,0,84513d846a1ef7cd87a5c4690a341ee6acd9156ac87d8df082c4f09563f30756
cheater-4p-65,Cheater,4,65,25,25,1,3,perfect,0,0,37,6,25,6,0,0,0,9cc4299ec55011446e7c98f6b99e15c3eb87834c073343d40e359a40c3dba3e8
cheater-4p-66,Cheater,4,66,25,25,1,3,perfect,0,0,50,14,25,11,0,0,0,1c3b0fbc2242e9f97993843ee5ff00721eaeccd4db2fc44995e5df87b88e393b
cheater-4p-67,Cheater,4,67,25,25,1,3,perfect,0,0,45,12,25,8,0,0,0,0f5d49ed47b0b51a6cc718aabffd80d7e8d01b0bc90ac9b9a27a292868373ac6
cheater-4p-68,Cheater,4,68,25,25,1,3,perfect,0,0,48,12,25,11,0,0,0,74dcc2b2ffa69a1fe7e3ff41a24366bec9edb775544fca67edda6b8a1256fef8
cheater-4p-69,Cheater,4,69,25,25,1,3,perfect,0,0,40,9,25,6,0,0,0,1ef92a6b8f11da5d01249e4246185f4ec6dd751edebdec62aeda43fa29e6e408
cheater-4p-70,Cheater,4,70,25,25,1,3,perfect,0,0,48,12,25,11,0,0,0,ae123732c024250e5b7c44539e9c3cb9ece185b05c4be6b6be1b38bb4240d9e6
cheater-4p-71,Cheater,4,71,25,25,1,3,perfect,0,0,46,12,25,9,0,0,0,07eb4b5bf79117d2c05b39efcb26b83ca937a2ca084163310c9e600b3fcb2e79
cheater-4p-72,Cheater,4,72,25,25,1,3,perfect,0,0,42,10,25,7,0,0,0,db1cfef41dfbaa95a49bd996b3e05778d57bc5cc2ec613b006f5ce4e201703fb
cheater-4p-73,Cheater,4,73,25,25,1,3,perfect,0,0,45,12,25,8,0,0,0,61205d3b5a71c2cbc337b7d6d0796eb3ae7f9dba9498543a6c8e88020e804154
cheater-4p-74,Cheater,4,74,25,25,1,3,perfect,0,0,51,15,25,11,0,0,0,052f77b58cc9886067f8fd85f87248f487a412d6a0e3071756722fea55083e4d
cheater-4p-75,Cheater,4,75,25,25,1,3,perfect,0,0,49,13,25,11,0,0,0,0c4cc612b70e10dbaf489c4c2eceaf8fba5cc7d6c42768005960eeddd2fe6952
cheater-4p-76,Cheater,4,76,23,23,0,3,tempo,0,2,52,15,23,14,0,0,0,ef7cb135a55965b56f9977b21154751f99d1fd9489500555228c066158de2f9d
cheater-4p-77,Cheater,4,77,25,25,1,3,perfect,0,0,50,13,25,12,0,0,0,828a9c94c3882a4130ad0f0ff37d7b18aaa55c8e330442f3e211f16ef96e5164
cheater-4p-78,Cheater,4,78,25,25,1,3,perfect,0,0,46,12,25,9,0,0,0,4fe7108117e79813c1f64121a8b28d48ecb8090654354f9edc54d4337e0a7be3
cheater-4p-79,Cheater,4,79,25,25,1,3,perfect,0,0,50,14,25,11,0,0,0,d74eee179996053ed9e7b173dcaf727fc67af3b3110a72630ea26767a6eb7957
cheater-4p-80,Cheater,4,80,25,25,1,3,perfect,0,0,53,16,25,12,0,0,0,2d9d2132daa95a86f61aab09546a07c45292efbe5a736025409824088e8b4cb3
cheater-4p-81,Cheater,4,81,25,25,1,3,perfect,0,0,48,13,25,10,0,0,0,e3b1a8914953bcb5dc5a4d3ca116e4d634bad68c701da52f9a6c71a16cb014c9
cheater-4p-82,Cheater,4,82,22,22,0,3,tempo,0,3,54,17,22,15,0,0,0,fb7458682c0866f8b2e4d91888e5deb99d0515b02062d59caf16e35f628880f0
cheater-4p-83,Cheater,4,83,25,25,1,3,perfect,0,0,48,13,25,10,0,0,0,0c1b1be88d29a90661ef97c8cb84dcfba5ead1a52e629e1f9affeba9e91789e6
cheater-4p-84,Cheater,4,84,25,25,1,3,perfect,0,0,41,9,25,7,0,0,0,98d2501225371b7368f26e1f556c337a6edf2cf8321cb9f62e89bdcf2a6733d5
cheater-4p-85,Cheater,4,85,25,25,1,3,perfect,0,0,45,11,25,9,0,0,0,e236f3b885623b623a80c6565ac8fb17af6728eda4898e16afc669d40cbfacb2
cheater-4p-86,Cheater,4,86,25,25,1,3,perfect,0,0,50,14,25,11,0,0,0,66dc79d5a676c20dc03aa5d751a347d7b185e97a69ff8e728dc3a6d9828357c6
cheater-4p-87,Cheater,4,87,25,25,1,3,perfect,0,0,50,14,25,11,0,0,0,d0c806ad48679fc5b496c4d21c09aaccf419f435af4762ed89f9c3331ea6fb4c
cheater-4p-88,Cheater,4,88,25,25,1,3,perfect,0,0,39,8,25,6,0,0,0,d24fd470c0e14d6724aff5a6126f0a912b6f70a61cf358c1c6d7c69ee51a56d1
cheater-4p-89,Cheater,4,89,25,25,1,3,perfect,0,0,38,8,25,5,0,0,0,94e6a4cc67d996272fa6f628bae737c717ae2313ff4fa4491335920ec9162ef3
cheater-4p-90,Cheater,4,90,25,25,1,3,perfect,0,0,37,7,25,5,0,0,0,906418964d98b54da90f89f4fd0491997431561e213e0e59481d7f817f4ac3ea
cheater-4p-91,Cheater,4,91,25,25,1,3,perfect,0,0,41,9,25,7,0,0,0,37a5041ddb2e3e6b2bea3dc2830ea04fe2f2289f394133d06c37880669df2a64
cheater-4p-92,Cheater,4,92,25,25,1,3,perfect,0,0,52,15,25,12,0,0,0,bb66d7740ccb8374bc7bdb90e0891f14c6994b0879a387e908a932fc72ff3a9c
cheater-4p-93,Cheater,4,93,25,25,1,3,perfect,0,0,42,10,25,7,0,0,0,ac81bf6cc7500352e4bd7ae729361d0e16eafe47149c877e8bbf45d7387d330e
cheater-4p-94,Cheater,4,94,25,25,1,3,perfect,0,0,43,11,25,7,0,0,0,aafcacf76b2da2e1dca6146b14fcfaafc2ab29bb26a3085f2c88aa8dc1471380
cheater-4p-95,Cheater,4,95,25,25,1,3,perfect,0,0,45,11,25,9,0,0,0,f0fbbda3e4f9711fc4667b3f763a2c38b94a0d4d7709a45cccc725511b6cf25a
cheater-4p-96,Cheater,4,96,25,25,1,3,perfect,0,0,45,11,25,9,0,0,0,9c3a0cf28c7dc2d04bbca42a7bdd20aa7f83ba3d921662bf519795b63c078ac8
cheater-4p-97,Cheater,4,97,25,25,1,3,perfect,0,0,45,12,25,8,0,0,0,3e8efe994913d0c1fe774495e22670469cef29baf0c7ee786b586f4fc6243eec
cheater-4p-98,Cheater,4,98,24,24,0,3,tempo,0,1,50,13,24,13,0,0,0,ac921b415d5bc3b41431a7fa4285b0fbc62f57b6ad8b560acce50432b1e4553d
cheater-4p-99,Cheater,4,99,25,25,1,3,perfect,0,0,43,10,25,8,0,0,0,c2041dc979a77ca97221ec6a670ece2fa2d4aa837879ccd82204310304690076
cheater-4p-100,Cheater,4,100,25,25,1,3,perfect,0,0,52,16,25,11,0,0,0,07de12da556560cb277e2f40ee430fd53a3b3f0426883b7d161af51e292bbf30
cheater-4p-101,Cheater,4,101,25,25,1,3,perfect,0,0,43,10,25,8,0,0,0,53c0598207060fa0ccba1ac47a62594ccf57dae53d3ffa3e38a46b744e9fd077
cheater-4p-102,Cheater,4,102,25,25,1,3,perfect,0,0,49,13,25,11,0,0,0,32f85fa88b609ec9684f9be09e134c018db285f0c189a03f07127deaf30c4abf
cheater-4p-103,Cheater,4,103,25,25,1,3,perfect,0,0,51,13,25,13,0,0,0,bcfeaa10e49949fe838dc54d4d7da827dde18083df2c5332271fd8686ba9602e
cheater-4p-104,Cheater,4,104,25,25,1,3,perfect,0,0,33,5,25,3,0,0,0,039f7c3e86b0ecaa78ca80319b6730af2591b9366bb878fec7b004da47550308
cheater-4p-105,Cheater,4,105,25,25,1,3,perfect,0,0,45,11,25,9,0,0,0,c99dca0e8359b28621f51634052a139056a63dbd272c191806c2b839f1464dc8
cheater-4p-106,Cheater,4,106,25,25,1,3,perfect,0,0,45,11,25,9,0,0,0,c75ad90dc18271707ae8d31351f5c421e48ffe28bda0382be20e1cbb764f286b
cheater-4p-107,Cheater,4,107,25,25,1,3,perfect,0,0,48,13,25,10,0,0,0,2b6e9dc446ecee4b150d36ba89087f0ed7387da8dd422da261f2ac04ab285bbe
cheater-4p-108,Cheater,4,108,25,25,1,3,perfect,0,0,39,7,25,7,0,0,0,318f8e8d1c3a0e922ded146c493218518cfb2f572cbdb2f24c47fb24261722f4
cheater-4p-109,Cheater,4,109,25,25,1,3,perfect,0,0,46,12,25,9,0,0,0,157f558f9ff536c5846c8c74d2f590eae3b43a46a0e5c23b78b1b1298ef5c94b
cheater-4p-110,Cheater,4,110,25,25,1,3,perfect,0,0,33,5,25,3,0,0,0,982cd5bcb2429013963d24ed83b3d794aaf8ef1cc165b18c31ffdb12781dc941
cheater-4p-111,Cheater,4,111,24,24,0,3,tempo,0,1,52,15,24,13,0,0,0,32ae8cdaea0ee3c6930c20d6d2ed7ffb2dc34b0c28523ab3de5b5f772bb81d7e
cheater-4p-112,Cheater,4,112,25,25,1,3,perfect,0,0,44,11,25,8,0,0,0,9837333d881dff8a3e067c7ab0d704de6d55f1e95049263df312f1d9062aa414
cheater-4p-113,Cheater,4,113,25,25,1,3,perfect,0,0,42,10,25,7,0,0,0,f71c6f807d3c267724bece7b2bc9de19d7cfa4d64599c9cee748141d6231c4e1
cheater-4p-114,Cheater,4,114,25,25,1,3,perfect,0,0,40,8,25,7,0,0,0,e275745cc3f7d4cfce128b77751da088cace9b7315ad31c562679bfacffbeab1
cheater-4p-115,Cheater,4,115,25,25,1,3,perfect,0,0,37,7,25,5,0,0,0,4a83233343361cd8856d5b9db764d017fd9245142789f9c588b6032f6d0cc749
cheater-4p-116,Cheater,4,116,25,25,1,3,perfect,0,0,42,9,25,8,0,0,0,6aba94d64fd22a012435f035aa5de9c98b78ba9946745909d0a8cc8f87d881a2
cheater-4p-117,Cheater,4,117,25,25,1,3,perfect,0,0,44,10,25,9,0,0,0,073502ce23a70d5afc854b065cff450c6da682f8e2a01f674f3e41185ce5b182
cheater-4p-118,Cheater,4,118,25,25,1,3,perfect,0,0,44,11,25,8,0,0,0,51ecb6ae3abed99eb535b0509aa59539bba4068d44db7644944b5e2cacf8c4c0
cheater-4p-119,Cheater,4,119,25,25,1,3,perfect,0,0,46,12,25,9,0,0,0,7ddb81872bbc6ed6d3704d3fcabf5bcf1f6a761bea5880e9d680b48473bc9411
cheater-4p-120,Cheater,4,120,25,25,1,3,perfect,0,0,48,13,25,10,0,0,0,8003ec521b34e4166dc95d6ac79215fd46cf94261b179476774f06c9045abfdf
cheater-4p-121,Cheater,4,121,25,25,1,3,perfect,0,0,37,7,25,5,0,0,0,f79f0a9a2e143ede97863c2c7056de00ea8506a21bd4233cc8c72d2bed90620b
cheater-4p-122,Cheater,4,122,25,25,1,3,perfect,0,0,51,14,25,12,0,0,0,3b9feb6233c1478e693a5fe6c6a8a9e4332f7c7fc57cca54d66136708c695c3c
cheater-4p-123,Cheater,4,123,25,25,1,3,perfect,0,0,43,9,25,9,0,0,0,5fc2d1918b263220f5163726cd39531604cc13f6f7733e69f81eb3f7a8931200
cheater-4p-124,Cheater,4,124,25,25,1,3,perfect,0,0,48,13,25,10,0,0,0,13e0b0fbbb8cee3926a1d6e340a8ed422f1a7a9b8ab3c48423ee8a3d47a0a040
cheater-4p-125,Cheater,4,125,25,25,1,3,perfect,0,0,44,11,25,8,0,0,0,de98a8d95ea23e83f05e85fab4237f3a1e2f52b2e7c0554cbe334caea4b914ba
cheater-4p-126,Cheater,4,126,25,25,1,3,perfect,0,0,47,13,25,9,0,0,0,83b17e0f74000659c8c2b6ce59104bf00746ffe14d1c9a9bcd2c4c2c9e9bb2f3
cheater-4p-127,Cheater,4,127,25,25,1,3,perfect,0,0,48,13,25,10,0,0,0,a59969e8c5fd6e14fd26c15ba03c4d68d7b23fd38512632d4ba0b8fe06498f12
cheater-4p-128,Cheater,4,128,25,25,1,3,perfect,0,0,46,11,25,10,0,0,0,0dbdb9ff06265dd8acf667423f73a120e2f6398e1e0924f187f7a0b57c3a73ae
cheater-4p-129,Cheater,4,129,25,25,1,3,perfect,0,0,39,8,25,6,0,0,0,9612f0eaccdf3d048165810918ba9552894925402ce9d729b9660e7b14d8e9a1
cheater-4p-130,Cheater,4,130,25,25,1,3,perfect,0,0,44,11,25,8,0,0,0,603dd690729bc6919e13e70ac6820c26230a1c308f881098ad7e05eff0a10e28
cheater-4p-131,Cheater,4,131,25,25,1,3,perfect,0,0,44,11,25,8,0,0,0,cf066cdd396ae156dcb73bf721d5417e6288b0482a19f33fac299dce6adcefa7
cheater-4p-132,Cheater,4,132,25,25,1,3,perfect,0,0,49,14,25,10,0,0,0,bd0c9ba80cd91a9209ca6249d637d8e75c1e23d619caa29d0e5eff01e4136e3d
cheater-4p-133,Cheater,4,133,24,24,0,3,tempo,0,1,52,15,24,13,0,0,0,f2ad165b0ba10c708d8f3c2fdcfcc915e39462a935cc445cc6e45ca43a485e4e
cheater-4p-134,Cheater,4,134,25,25,1,3,perfect,0,0,49,13,25,11,0,0,0,c7a71f7f723a0e39faf86e06d390c2d573c5216192ff785fa6aeba8c8dda364e
cheater-4p-135,Cheater,4,135,23,23,0,3,tempo,0,2,54,17,23,14,0,0,0,7fa136b39f5b240958c6b880891567196e5069a09e8a32557d6609efa9ea8936
cheater-4p-136,Cheater,4,136,25,25,1,3,perfect,0,0,36,7,25,4,0,0,0,5bff8aac0914522a37eeed25a23a0022dc8b57458f24e7cee950d0b0ae7a1a78
cheater-4p-137,Cheater,4,137,25,25,1,3,perfect,0,0,46,11,25,10,0,0,0,f0ef9825ddb3f81c4114eb038f2cc6639d84e575a49c32b00f953d67096261f8
cheater-4p-138,Cheater,4,138,25,25,1,3,perfect,0,0,42,9,25,8,0,0,0,64597c12ba0709258b7751081e9609d09498e60ca58ca7c52a1ce12a534b71f1
cheater-4p-139,Cheater,4,139,25,25,1,3,perfect,0,0,45,11,25,9,0,0,0,1edddd49d0d3b1ac29d3c6786d3df96aa79567d6008b1de6f214ef5bb59e8aaa
cheater-4p-140,Cheater,4,140,25,25,1,3,perfect,0,0,49,13,25,11,0,0,0,0f0d5090477513daa7dc5090f2b8b4d8c837584f31b3161f8b57bcc97b7d159d
cheater-4p-141,Cheater,4,141,25,25,1,3,perfect,0,0,43,10,25,8,0,0,0,8235c42eb00a4b06e5c42fccd732463c43cc82bb5a016c4c8da73de726ba0651
cheater-4p-142,Cheater,4,142,24,24,0,3,tempo,0,1,53,16,24,13,0,0,0,decd14c38bfbcc6d0985fc7309c5d362c5523951b40e34b274515f573a06d3bc
cheater-4p-143,Cheater,4,143,25,25,1,3,perfect,0,0,41,9,25,7,0,0,0,052feceed29b4026c2aece1f0b95e03da27c0f4520a4b7dfae7294b6d33316d8
cheater-4p-144,Cheater,4,144,25,25,1,3,perfect,0,0,45,11,25,9,0,0,0,f4072b3dcb4512a16493ebbc30e0ff92f35f7de00cd163e732096a6cdd261c5d
cheater-4p-145,Cheater,4,145,25,25,1,3,perfect,0,0,43,10,25,8,0,0,0,2445c51914f3bd29461c67a6d96855b83e159f0e3f8f942d6343fad7c21c4ba4
cheater-4p-146,Cheater,4,146,25,25,1,3,perfect,0,0,49,14,25,10,0,0,0,d0774eb8aa2eaed5354f2335aaf52bc441821387b26bd999bb055cbb53369dcd
cheater-4p-147,Cheater,4,147,25,25,1,3,perfect,0,0,48,14,25,9,0,0,0,dc8e2b33e0656eba2d5562c1493d566597481299681fc218c3defb8f89836f18
cheater-4p-148,Cheater,4,148,25,25,1,3,perfect,0,0,53,16,25,12,0,0,0,92339c72fcb07164bf17b864e7d8c7fb14e60110c3ea8e1b80fb21ce7963c5aa
cheater-4p-149,Cheater,4,149,25,25,1,3,perfect,0,0,48,13,25,10,0,0,0,dfd375763fd68c564f03be4e4a89e3904de1b3ee26f3586846d5e56a7b563051
cheater-4p-150,Cheater,4,150,25,25,1,3,perfect,0,0,45,11,25,9,0,0,0,8621ab8c45ab79ddef1b298b923a3e8c12ac10386ffb70e40559a894acc61e80
cheater-4p-151,Cheater,4,151,25,25,1,3,perfect,0,0,46,12,25,9,0,0,0,e0d4dfd34b225ebeffab1fee6b5f3fc69a535222ca4764108e5db7901c0fe1ce
cheater-4p-152,Cheater,4,152,25,25,1,3,perfect,0,0,44,11,25,8,0,0,0,19576642d42bcca396014474b03414e11637187c92142a73eb0e4293f593e8df
cheater-4p-153,Cheater,4,153,25,25,1,3,perfect,0,0,38,8,25,5,0,0,0,800a0ff337d622a7d787b5a4c4d43823f1dd9af9b8b6346c1f05fb5795b28786
cheater-4p-154,Cheater,4,154,25,25,1,3,perfect,0,0,45,12,25,8,0,0,0,26963fb23e8610cce0b95b7998c17450be5e161a9335d3ffd26fcf8761594e38
cheater-4p-155,Cheater,4,155,25,25,1,3,perfect,0,0,44,10,25,9,0,0,0,5b8b7397b0788c87a6e988d12048a77c1c65b1c468c956e700bdcda1cb99b169
cheater-4p-156,Cheater,4,156,25,25,1,3,perfect,0,0,39,8,25,6,0,0,0,78c30090aeae45074ca81ebc38744ca251fa14d2a2141df8cc2bf7a09cc18041
cheater-4p-157,Cheater,4,157,25,25,1,3,perfect,0,0,48,12,25,11,0,0,0,384ba1129d7c8a9cb127f413996f3d97a7f7f63192b0877d51b297f2dc9f07d8
cheater-4p-158,Cheater,4,158,25,25,1,3,perfect,0,0,42,10,25,7,0,0,0,265d455fcde84295525aa956dca1940f2f03aa409fe78b5a424593ea6b8beb09
cheater-4p-159,Cheater,4,159,25,25,1,3,perfect,0,0,35,6,25,4,0,0,0,4e011ead4cccdc9a5f00d4fc7428579c29ac739e79decb2117e51b2cb2905a38
cheater-4p-160,Cheater,4,160,25,25,1,3,perfect,0,0,45,12,25,8,0,0,0,b68767bfee00f4498531c3328b88b67331f2eb5bea0eebd2a2a640c8e75936d1
cheater-4p-161,Cheater,4,161,24,24,0,3,tempo,0,1,52,16,24,12,0,0,0,3f790a95907a9a828192d8ddd0e8a2f6415517a009a9dfa73cb014cb049a0c32
cheater-4p-162,Cheater,4,162,25,25,1,3,perfect,0,0,40,8,25,7,0,0,0,0b631784ebd9d2cefa5ca2e92b7b0b41606f2f14c3fe9ba51903063c8893a280
cheater-4p-163,Cheater,4,163,25,25,1,3,perfect,0,0,49,14,25,10,0,0,0,0e7f5fdf3dcdd5e074fcb6f205a18c8bafe57055b8ca20b127309d66d49cfb73
cheater-4p-164,Cheater,4,164,25,25,1,3,perfect,0,0,46,12,25,9,0,0,0,a509611c7cecf606f7782671561b8f96bb62d5f10656d1c7bf186f3ab2216ef2
cheater-4p-165,Cheater,4,165,24,24,0,3,tempo,0,1,53,16,24,13,0,0,0,140d45ffc4b4bbca12607fc21c4c0721829e1bbbab55a1009d749f38d74e8909
cheater-4p-166,Cheater,4,166,25,25,1,3,perfect,0,0,40,9,25,6,0,0,0,98514edc6cd00303bf8442c5c66b9b57265fbd9213b21d5a3de23bb8de93dc57
cheater-4p-167,Cheater,4,167,25,25,1,3,perfect,0,0,32,4,25,3,0,0,0,24ec1a0a1ea3962576c5eb68b9e5bc919b49bc7bc44be0a968f6a849a3c45077
cheater-4p-168,Cheater,4,168,23,23,0,3,tempo,0,1,54,18,23,13,0,0,0,2712aa69440d21e741fa504b17923db82b3a7caf0b04007b76e47772d61a251f
cheater-4p-169,Cheater,4,169,25,25,1,3,perfect,0,0,48,14,25,9,0,0,0,46ec781e3d967599eabe30edbd15f12f8569e2fe0817c02373cd32c11ecde79d
cheater-4p-170,Cheater,4,170,25,25,1,3,perfect,0,0,48,13,25,10,0,0,0,6d0c2e40f055dab507d018695fc157aff58b167afc7b2a23fff6fa40e802ba6a
cheater-4p-171,Cheater,4,171,25,25,1,3,perfect,0,0,40,9,25,6,0,0,0,f01c0832061ca9748fb0865157f1cbce791cafdc875bbe02ebe7e081ce789ff8
cheater-4p-172,Cheater,4,172,25,25,1,3,perfect,0,0,45,12,25,8,0,0,0,f06c6068ba31dd6b0eda70da27c7413aa1ab3eddb61a9c7d79f75395f033097b
cheater-4p-173,Cheater,4,173,25,25,1,3,perfect,0,0,33,6,25,2,0,0,0,a5ad819d82837a0721568f03d560737ca1af4263406330861b6774e8f2554c04
cheater-4p-174,Cheater,4,174,25,25,1,3,perfect,0,0,40,9,25,6,0,0,0,bd4157ef631efd36e3f6a4790593e4620bfb65ac2539ba29e0351cf5a71dacba
cheater-4p-175,Cheater,4,175,25,25,1,3,perfect,0,0,50,13,25,12,0,0,0,f0c9a73a45c3a44a54c31db647ca08c1757446518644dd85507c0aaf1616c0af
cheater-4p-176,Cheater,4,176,25,25,1,3,perfect,0,0,36,6,25,5,0,0,0,c5cebf30baf6bd47e437dd5d80461ae620cdb6683387f7ab703fe65736890f03
cheater-4p-177,Cheater,4,177,25,25,1,3,perfect,0,0,47,12,25,10,0,0,0,d33c10cc9bd349c63fc7efd2cbf367acc342553a21f992af716ad5d353678fd0
cheater-4p-178,Cheater,4,178,25,25,1,3,perfect,0,0,45,11,25,9,0,0,0,bb25b09926861c6105dca574356634db21f5cc56ed7891494c7f233d89f8406e
cheater-4p-179,Cheater,4,179,24,24,0,3,tempo,0,1,53,16,24,13,0,0,0,3326c265b5cf46b01a20b96a5ff46cc62173a28cf000995a6b04e813592c80b2
cheater-4p-180,Cheater,4,180,25,25,1,3,perfect,0,0,51,15,25,11,0,0,0,c68cfd4cb260701f9d963f5db5df918bbfc2ea817d61a69673d7824fb2adaeaa
cheater-4p-181,Cheater,4,181,25,25,1,3,perfect,0,0,39,8,25,6,0,0,0,8e57c8a2fa4a4d626c23c39f20abd691014fb730cf5d232e50cc3b7ec679fc5c
cheater-4p-182,Cheater,4,182,25,25,1,3,perfect,0,0,43,10,25,8,0,0,0,0bf98bf85a38300f52e8ae299ac17c732bab683f901c3d323e2b395c98dd7609
cheater-4p-183,Cheater,4,183,25,25,1,3,perfect,0,0,52,15,25,12,0,0,0,e7f3e2a76498b2a6d8684707489ca4e77e852ab5397501296f0f4593fd323180
cheater-4p-184,Cheater,4,184,25,25,1,3,perfect,0,0,48,13,25,10,0,0,0,6295d44e22f02578c04fb1a179b10cd11d46252a3cd102a011538515857b7997
cheater-4p-185,Cheater,4,185,25,25,1,3,perfect,0,0,49,14,25,10,0,0,0,71d86af2f73faa99644571d06d8bf39715ce81aa4d412170a6dc290be167e1a3
cheater-4p-186,Cheater,4,186,25,25,1,3,perfect,0,0,37,7,25,5,0,0,0,06c9dc4836d55fac193c843e117e4fcdade50b1ac06fe068e1fce7ebbb1180c7
cheater-4p-187,Cheater,4,187,25,25,1,3,perfect,0,0,43,10,25,8,0,0,0,a7f6260826050620db71016e50a9d43c6f1370663c06e915fdad25ddf0928258
cheater-4p-188,Cheater,4,188,25,25,1,3,perfect,0,0,53,16,25,12,0,0,0,39155ecb33d5dc113b453cfe146a502cfb7a3dd30c04cab053b4179d45a65653
cheater-4p-189,Cheater,4,189,25,25,1,3,perfect,0,0,47,12,25,10,0,0,0,8834b7290f2366191a21c0fa9c713af8a3d08b28328ffeb32a0d112b79c4a4db
cheater-4p-190,Cheater,4,190,24,24,0,3,tempo,0,1,51,14,24,13,0,0,0,94292ce46ac4b10ec4181756d9361dae652d043a21ac1c329a15c569d3e04c29
cheater-4p-191,Cheater,4,191,25,25,1,3,perfect,0,0,45,11,25,9,0,0,0,2495e93e4b29f2ee02d749b4b33a45c83dc3a7c9a869e8da2751bc83124a81a2
cheater-4p-192,Cheater,4,192,25,25,1,3,perfect,0,0,49,14,25,10,0,0,0,74728e1d244d2be8ed277790f9f2b7a80d4607f5c84dbc7feeac7c72acfea6fb
cheater-4p-193,Cheater,4,193,25,25,1,3,perfect,0,0,49,13,25,11,0,0,0,25d0987682286bd101bf795932d1725ac116c5c835c44c57da7f8fc8e6fa7506
cheater-4p-194,Cheater,4,194,25,25,1,3,perfect,0,0,52,15,25,12,0,0,0,2265a5e5d3076bbb7f1f8e6c44c200eec014a50f924c730d9f29212acc376f85
cheater-4p-195,Cheater,4,195,25,25,1,3,perfect,0,0,32,4,25,3,0,0,0,5f39670c1acb42c2688f682751a1bc2928dd68a79387fd3f16227570aef13da0
cheater-4p-196,Cheater,4,196,25,25,1,3,perfect,0,0,43,10,25,8,0,0,0,b5cd9025d5d9e28c1ef6e06fb5e1efb1cefd41b7158d3eb34bd672da9450b518
cheater-4p-197,Cheater,4,197,25,25,1,3,perfect,0,0,47,12,25,10,0,0,0,eadbde85938c7e266caf75db8da346fc9682e249222520931f6fdf12907f2c1f
cheater-4p-198,Cheater,4,198,25,25,1,3,perfect,0,0,45,12,25,8,0,0,0,459221c88f6c14963a6874bd02bbf11c5de17a950c60c947a5d6be177e5e9ff4
cheater-4p-199,Cheater,4,199,25,25,1,3,perfect,0,0,42,11,25,6,0,0,0,55cbe9aa431e32f875f144a5d2c698e81dc061f064af4667157204f01ba8f470
cheater-4p-200,Cheater,4,200,23,23,0,3,tempo,0,2,51,15,23,13,0,0,0,567c675328c78cb38d906b650952f5f404a99ec71c33e59c59f57f75905efc3a
cheater-4p-201,Cheater,4,201,25,25,1,3,perfect,0,0,39,8,25,6,0,0,0,63e1e313478991f5be0e3ac433e275ca062c62fb9d5dbe975fbf519ef051d948
cheater-4p-202,Cheater,4,202,24,24,0,3,tempo,0,1,50,14,24,12,0,0,0,47677e9157f70c6be822a92f1b67f3cd0e9b15ee4426a5c0d60632eb0241e36d
cheater-4p-203,Cheater,4,203,25,25,1,3,perfect,0,0,41,9,25,7,0,0,0,02ca4fc649b63dc16538ad2585cd2f65a75d68129015c8b4181079ef4e200fa1
cheater-4p-204,Cheater,4,204,25,25,1,3,perfect,0,0,48,13,25,10,0,0,0,46f547e3f97b25e33ef47d8be3f9ab1d5f39f1f5d6d16a8a53f7d9ed184edfb0
cheater-4p-205,Cheater,4,205,25,25,1,3,perfect,0,0,46,12,25,9,0,0,0,252685d29f72fa6d9abdfafc782d9c27ddeb79a2b58e7f98426b9cf8f2d17fcc
cheater-4p-206,Cheater,4,206,25,25,1,3,perfect,0,0,46,12,25,9,0,0,0,1ef1f280eeb3d460ab15bf73cdd080a0f9e4368027617591b3bcba58b61ef513
cheater-4p-207,Cheater,4,207,25,25,1,3,perfect,0,0,40,8,25,7,0,0,0,90ad671c89be3ac6bb0cbd6f3b837f432c62d0658e080dffab0c6165818b75c4
cheater-4p-208,Cheater,4,208,25,25,1,3,perfect,0,0,42,9,25,8,0,0,0,bd24f3314f8e943c5b0edac1f5f7aa4a084b569b224bb9a26ba4fe2aa1750ffa
cheater-4p-209,Cheater,4,209,24,24,0,3,tempo,0,1,52,16,24,12,0,0,0,3f5db94188475386a9b630d7d85743d113420aadde008b9df5a80c3729f377f9
cheater-4p-210,Cheater,4,210,25,25,1,3,perfect,0,0,44,11,25,8,0,0,0,b7d268addb91f16da8412f915c79f341aa3b5c88301b2164aa00f458eac3cbb3
cheater-4p-211,Cheater,4,211,25,25,1,3,perfect,0,0,49,14,25,10,0,0,0,be28f1596a885de911d6b0faed75094675781ad187db3702cb89f080c61fc3b8
cheater-4p-212,Cheater,4,212,25,25,1,3,perfect,0,0,45,11,25,9,0,0,0,edef5559487f7cd0bce48e67263310d91cebcab023a243c98cf9cbf6bad8a743
cheater-4p-213,Cheater,4,213,25,25,1,3,perfect,0,0,51,15,25,11,0,0,0,6bbf033d191adb5e573834d4e07e398defb488947edf1e5321c822d033af6a43
cheater-4p-214,Cheater,4,214,25,25,1,3,perfect,0,0,49,13,25,11,0,0,0,5102338da62b8bafbf1bbf5680f0dcd684a86219298325f8ecf118e34868a2cc
cheater-4p-215,Cheater,4,215,25,25,1,3,perfect,0,0,43,10,25,8,0,0,0,b92b06e462d270a3687db26a7df7271cf1e76f5f84b70e31c9e8dce9834075ef
cheater-4p-216,Cheater,4,216,25,25,1,3,perfect,0,0,45,11,25,9,0,0,0,45285f4542567af9879c8899a79e32fc6f3f66a0a7b1dc1d654ca37b5158a152
cheater-4p-217,Cheater,4,217,24,24,0,3,tempo,0,1,51,15,24,12,0,0,0,981e81decd5ad13e4d266e3085542e31e2d0e8660bd3c1bdf61e50c494191249
cheater-4p-218,Cheater,4,218,25,25,1,3,perfect,0,0,50,14,25,11,0,0,0,b312c114c413c874ed395b065bc781cf902b5ae84f3d4615d1e5c01fb141e517
cheater-4p-219,Cheater,4,219,25,25,1,3,perfect,0,0,35,7,25,3,0,0,0,3199c1b8b4a7fd9e559a7fb6338211d1b11c2878b70874d889af4bace4fa382d
cheater-4p-220,Cheater,4,220,24,24,0,3,tempo,0,1,50,14,24,12,0,0,0,3dca95904b30c0814b9924c9052f26007575a18e10f86e66c7ab9ed922b4db77
cheater-4p-221,Cheater,4,221,25,25,1,3,perfect,0,0,38,8,25,5,0,0,0,d744c0b5b0493e7bcc5ea4d85271224eea1b80a6c447881b3a8458e8ac6a6118
cheater-4p-222,Cheater,4,222,25,25,1,3,perfect,0,0,52,16,25,11,0,0,0,20c6221b473925053cbc1e3d7bfc11f7ed283de376d8f5740fb38c24b10ddd96
cheater-4p-223,Cheater,4,223,25,25,1,3,perfect,0,0,39,8,25,6,0,0,0,2a1be5ea38e30b005707d45d181c2410180c2302de1ba5fe055f87321ca877ba
cheater-4p-224,Cheater,4,224,25,25,1,3,perfect,0,0,50,13,25,12,0,0,0,2cc5cebe24eede8fefb1cd9d385768c1953dfe26f566df5198a040f505c56d87
cheater-4p-225,Cheater,4,225,25,25,1,3,perfect,0,0,43,11,25,7,0,0,0,f5b0b2cb048957e07c204e18d5aac3e020eea0430617a4fca5150fbe194df1c9
cheater-4p-226,Cheater,4,226,25,25,1,3,perfect,0,0,45,11,25,9,0,0,0,021b655e3803ce9af711fee8c8af041637a5e99594b4dcc084fe2cfbef16ad4d
cheater-4p-227,Cheater,4,227,25,25,1,3,perfect,0,0,51,15,25,11,0,0,0,5aa8ef57999c850804db5c95d2a7e06a4a4f068fe6f6ce3a9288157234565ab6
cheater-4p-228,Cheater,4,228,25,25,1,3,perfect,0,0,40,9,25,6,0,0,0,d58b5155906514f54da727925eb5a5c6b7ef78784354dabea4281aae6ff4fb61
cheater-4p-229,Cheater,4,229,23,23,0,3,tempo,0,2,53,16,23,14,0,0,0,8883c923b5c56d4a27e5e4a0d3cbb2b3172e9b976191b4e469ebaaa5ac690ba1
cheater-4p-230,Cheater,4,230,24,24,0,3,tempo,0,1,51,14,24,13,0,0,0,0de87e1ad6f945758584d78bdc0a623bcc067444c9eeca1225ba75c3baa7882e
cheater-4p-231,Cheater,4,231,25,25,1,3,perfect,0,0,50,13,25,12,0,0,0,8298a17100ed7c836f427a4ae4c10bf35a392fb4dd8a2db1d5669604970dd230
cheater-4p-232,Cheater,4,232,25,25,1,3,perfect,0,0,39,8,25,6,0,0,0,bf04bd92dd73f9fd4003b39c823301d0e92d34cd227f524c7024a288c50394fb
cheater-4p-233,Cheater,4,233,25,25,1,3,perfect,0,0,47,12,25,10,0,0,0,eebab909a0d8c6bbc184082a304d82a7d315ad9be7296b2ba099f49120bc28d5
cheater-4p-234,Cheater,4,234,24,24,0,3,tempo,0,1,51,15,24,12,0,0,0,63ab35f875c3039f595088a9cbdbedcd8887684eefa057a1392ceae50f229116
cheater-4p-235,Cheater,4,235,25,25,1,3,perfect,0,0,45,12,25,8,0,0,0,939ffadf9d01c0ff45d9dbde6229c24c1f8e22e50970ffee447677df4b1a662b
cheater-4p-236,Cheater,4,236,25,25,1,3,perfect,0,0,50,15,25,10,0,0,0,aa35963210720462d918ed44dfdb5a665f099a41f04c0cf5bebbafa532141dec
cheater-4p-237,Cheater,4,237,25,25,1,3,perfect,0,0,50,14,25,11,0,0,0,e470bd9c12ce5b092cb653dec1aa1096f6f117b17b1a33e078e547833ca66c29
cheater-4p-238,Cheater,4,238,25,25,1,3,perfect,0,0,38,8,25,5,0,0,0,f6be29176e1fc5ba557e5ab9ec3f0c7063a6c1718b22b7457ade99aeda9b76a6
cheater-4p-239,Cheater,4,239,25,25,1,3,perfect,0,0,43,10,25,8,0,0,0,3b50d5a65cd7bb2b713006071fa09d779533b7f01d1a6d3e616f7a3dd14d82fe
cheater-4p-240,Cheater,4,240,25,25,1,3,perfect,0,0,51,15,25,11,0,0,0,f713fc3336638b6418350fba8527caabd0939ff16bf42a74f3a0c361d07b4936
cheater-4p-241,Cheater,4,241,25,25,1,3,perfect,0,0,40,8,25,7,0,0,0,6c393b1f3f7b375c07b82b8dc5d44bd2650d8ac0a7bafcfcb7512de51d8d07f9
cheater-4p-242,Cheater,4,242,25,25,1,3,perfect,0,0,45,12,25,8,0,0,0,15b4cb7215c908ff015a9fd416ccd727d5cf5c67dd3fc500ab8b6403f907af91
cheater-4p-243,Cheater,4,243,25,25,1,3,perfect,0,0,47,12,25,10,0,0,0,88a9a8b8e92978f040773b920872ee789f04684c0e6c51ac65f4ea4aaeaef08c
cheater-4p-244,Cheater,4,244,25,25,1,3,perfect,0,0,41,10,25,6,0,0,0,d4f1972d223c0930223aca8bcec3e2b0c9f6ff12e1fe0cb9308fdd3f7453a1b5
cheater-4p-245,Cheater,4,245,25,25,1,3,perfect,0,0,36,7,25,4,0,0,0,cf9499bac809e79d87c022c928325ce316d9e4affcb9b3bcebd04ea1f53e0940
cheater-4p-246,Cheater,4,246,25,25,1,3,perfect,0,0,48,12,25,11,0,0,0,08bb56f42fb768e939475f63526fd72c54b6a9c3434d28ab1184c6fb73d3b2da
cheater-4p-247,Cheater,4,247,25,25,1,3,perfect,0,0,51,15,25,11,0,0,0,68f985fae4f7110046a18b172c25312445180f2492ee416e26102d25e4d4e7f8
cheater-4p-248,Cheater,4,248,25,25,1,3,perfect,0,0,51,15,25,11,0,0,0,06af237a7363bc6028455d039da809db630495542532227ac97fd17990b80174
cheater-4p-249,Cheater,4,249,25,25,1,3,perfect,0,0,51,14,25,12,0,0,0,6b4537f1cb1b13756b50a0a32ef2303e857c85b0c1b05533a8bbfaf7f03e9106
cheater-4p-250,Cheater,4,250,25,25,1,3,perfect,0,0,43,9,25,9,0,0,0,328b0a38411708e40ed689f938f4659b0a2b161c8f6cfa50a9d2be2548238662
cheater-4p-251,Cheater,4,251,25,25,1,3,perfect,0,0,40,9,25,6,0,0,0,20362daf0663b389091f97cfd1075553a3982ae1dc76ad827b13873f0bb9eac5
cheater-4p-252,Cheater,4,252,25,25,1,3,perfect,0,0,52,16,25,11,0,0,0,e5efa59b6a46d4ff5ad6185a987829e643b9d2add646160c776fb5890b63edd0
cheater-4p-253,Cheater,4,253,25,25,1,3,perfect,0,0,49,14,25,10,0,0,0,bb8e77d27863f5ab7b765a8579c0eb1f179ed4481db7d4a9d30f9efa904925d2
cheater-4p-254,Cheater,4,254,25,25,1,3,perfect,0,0,40,9,25,6,0,0,0,b49f657b726303ead4b7edd5f0de50502439620e5dbbcb2c3494273e86e16f23
cheater-4p-255,Cheater,4,255,25,25,1,3,perfect,0,0,48,13,25,10,0,0,0,5267a58ec704f71011e1d9d35ed020ca4e627d2db16f875c37dccdad9ec59159
cheater-4p-256,Cheater,4,256,25,25,1,3,perfect,0,0,51,14,25,12,0,0,0,813d6984cb93908656333e896fd79d4a6b3c336bab8b1e4204416a84c651289e
cheater-4p-257,Cheater,4,257,25,25,1,3,perfect,0,0,48,13,25,10,0,0,0,afb88d4c39a7f92801b93a2ddf38eedfe5bae4c25c0c6c8d3259956df57cc6f2
cheater-4p-258,Cheater,4,258,25,25,1,3,perfect,0,0,47,13,25,9,0,0,0,7388c9aeaffd99412946e760927a178343577052b4bbc829545ffb9306a5b2d2
cheater-4p-259,Cheater,4,259,25,25,1,3,perfect,0,0,34,6,25,3,0,0,0,ee3791de6dee166ce48ff8d098d3c996988fd977a90cd73b4c717bb74e2d4d54
cheater-4p-260,Cheater,4,260,24,24,0,3,tempo,0,1,52,16,24,12,0,0,0,60b02034febe3edb03c9feb702d7f508c7466aebc339f5d01acf102d0baa93eb
cheater-4p-261,Cheater,4,261,25,25,1,3,perfect,0,0,40,8,25,7,0,0,0,ee01a19fe673fbc4a4d7f08950977934d183704cb4275ec462c7c029716a5a59
cheater-4p-262,Cheater,4,262,25,25,1,3,perfect,0,0,42,9,25,8,0,0,0,3b73d71c4e155de16e2665ac28b0cd906697bdcf78b1788db20f9bbf36ded5bb
cheater-4p-263,Cheater,4,263,24,24,0,3,tempo,0,1,51,15,24,12,0,0,0,cb946d507f5e32f5d32c922fc39f84763e937e8328ec10df329f7af60a202375
cheater-4p-264,Cheater,4,264,25,25,1,3,perfect,0,0,52,15,25,12,0,0,0,a5e21e154309b1ac9beacf026a84f751df7041453bf3a240eccf954f88a6ca8a
cheater-4p-265,Cheater,4,265,25,25,1,3,perfect,0,0,49,13,25,11,0,0,0,9c0f7e3cad28fcb9aa727f57439b7d5231fbf6346fb72862017f96ff0cd7224d
cheater-4p-266,Cheater,4,266,25,25,1,3,perfect,0,0,39,8,25,6,0,0,0,ac2d4aadc635a362a2c64de40ab5eab0cff4e3fa69eb45944ad052191a9cca38
cheater-4p-267,Cheater,4,267,25,25,1,3,perfect,0,0,50,14,25,11,0,0,0,e20dbefa6e20015e738ecc4f70a27190029329100a0ee2df3410b996212a2a20
cheater-4p-268,Cheater,4,268,25,25,1,3,perfect,0,0,40,8,25,7,0,0,0,4821239ff4d616704b557f189344b198da31232f9f8d241074a0823903a90750
cheater-4p-269,Cheater,4,269,25,25,1,3,perfect,0,0,43,9,25,9,0,0,0,6823241c4d8d9eafb834dbeb04bc2fd436538f2935d63d5d57c8f7fb284d6fb3
cheater-4p-270,Cheater,4,270,25,25,1,3,perfect,0,0,42,10,25,7,0,0,0,b89b2a18344ebb56e9aa81d8e8f79541906eee78fe698b77db3f382ac7b1eae2
cheater-4p-271,Cheater,4,271,25,25,1,3,perfect,0,0,34,7,25,2,0,0,0,4f9e62c97f7aad3ca055efff7525aa290878a9e3f4be893a8eadbb21efc839f4
cheater-4p-272,Cheater,4,272,25,25,1,3,perfect,0,0,49,13,25,11,0,0,0,261da201b171d34181438cdf0d2eebdb434798ad3d25c2339485fbc2ace1bef7
cheater-4p-273,Cheater,4,273,25,25,1,3,perfect,0,0,45,11,25,9,0,0,0,db184b7e2154ff46210bda918fc93a020fb57eb1924fd81bbec7c8870c708231
cheater-4p-274,Cheater,4,274,25,25,1,3,perfect,0,0,50,14,25,11,0,0,0,3015fcd8710c1bff8593e695ae302e515357078ecefa8c846e3e96318000d8af
cheater-4p-275,Cheater,4,275,25,25,1,3,perfect,0,0,50,14,25,11,0,0,0,1488c551b0523d0c7363493d80a4a751619085b086da36118a847a4301d719b5
cheater-4p-276,Cheater,4,276,25,25,1,3,perfect,0,0,47,13,25,9,0,0,0,a7e173c0aec1830d06c82d178aec0bdef61200d1b21d51b3d6f96c617ce2b043
cheater-4p-277,Cheater,4,277,25,25,1,3,perfect,0,0,35,6,25,4,0,0,0,0415843e972a5e8cdbe85bd1c38aa208a2b8f885b97641c3732a449b7d8d936d
cheater-4p-278,Cheater,4,278,25,25,1,3,perfect,0,0,48,13,25,10,0,0,0,bbe45e86140dc98253ad4126b1585355e22d251b8bc3f1baeb5ca590137ce2e4
cheater-4p-279,Cheater,4,279,25,25,1,3,perfect,0,0,43,10,25,8,0,0,0,30e961668405166a80228b89b16557c58cd2a30791224c8b99373597d1a7b49a
cheater-4p-280,Cheater,4,280,25,25,1,3,perfect,0,0,49,13,25,11,0,0,0,180d200f75455c1940ade9ad8efa472e84b4c79ed986ac7489f5000a04e33a82
cheater-4p-281,Cheater,4,281,25,25,1,3,perfect,0,0,47,12,25,10,0,0,0,c6d5a07179c9403a653f9ac4a9a477a616f4f1067dbd17be988b213f23318493
cheater-4p-282,Cheater,4,282,25,25,1,3,perfect,0,0,46,12,25,9,0,0,0,2a492debd21928f812a7675a3b07816c51da929dd17f5a545b016b743f7dc2fd
cheater-4p-283,Cheater,4,283,25,25,1,3,perfect,0,0,40,9,25,6,0,0,0,cb3e076a702b6456a4a52d3a6515a1f91a12fc467b48d71ca65d15ad5a906fc0
cheater-4p-284,Cheater,4,284,25,25,1,3,perfect,0,0,42,9,25,8,0,0,0,18310aecd435c80a3f0f836559c039157d30558be680fbfa7d878faa405c77da
cheater-4p-285,Cheater,4,285,25,25,1,3,perfect,0,0,43,11,25,7,0,0,0,708b881a4e08adeba425de51703dd85636c45322de1636fdefbf32f7e24a6326
cheater-4p-286,Cheater,4,286,25,25,1,3,perfect,0,0,46,12,25,9,0,0,0,00654649038d3556eef432535ae115294eb0c8ce70005fef69f782ba5532df19
cheater-4p-287,Cheater,4,287,25,25,1,3,perfect,0,0,42,10,25,7,0,0,0,e3daf244be1a20c841208ae4a3316eb14ae5cd01a35bb83df2d6a4ba255c88bf
cheater-4p-288,Cheater,4,288,24,24,0,3,tempo,0,1,51,15,24,12,0,0,0,a558c4eef6568d63d4d5dc5008251b0de6c5a42c9976dec598c4d4829c123ef1
cheater-4p-289,Cheater,4,289,25,25,1,3,perfect,0,0,40,9,25,6,0,0,0,7a215d4726cc8954954998ece82a82505783a22f1099d55aea31ff263b475913
cheater-4p-290,Cheater,4,290,25,25,1,3,perfect,0,0,37,8,25,4,0,0,0,5bd9a45a950c0825a44a1f4c156f0a3fef82ddd6c827c7cb7d4b8ded88919465
cheater-4p-291,Cheater,4,291,25,25,1,3,perfect,0,0,37,7,25,5,0,0,0,62e2fa891e5afec8d048c9998164ce77c2da1671aac853d638bb716d30ebbb5f
cheater-4p-292,Cheater,4,292,25,25,1,3,perfect,0,0,51,15,25,11,0,0,0,eebf52906f9c265f3737453bd7595fdd2a39f3b4133b45a49b7332771cccd92e
cheater-4p-293,Cheater,4,293,24,24,0,3,tempo,0,1,50,14,24,12,0,0,0,d87e414b2586f0a6d720ec93efeaa0b6a46e4d6146e17e2238d8587c02847b0c
cheater-4p-294,Cheater,4,294,25,25,1,3,perfect,0,0,32,5,25,2,0,0,0,686e7244c07df7754b4fda4a613a22e712fb2f436643e4cc04f2d38e54e80fc4
cheater-4p-295,Cheater,4,295,25,25,1,3,perfect,0,0,46,12,25,9,0,0,0,7619118782082a50d51e157357a86caa76f30b7a6f42b151962158bc2da46d41
cheater-4p-296,Cheater,4,296,25,25,1,3,perfect,0,0,40,9,25,6,0,0,0,cc8724ec128f295d49ec7e4c40472c6a95c2f5c790f9cdd5025640ae2983f526
cheater-4p-297,Cheater,4,297,25,25,1,3,perfect,0,0,36,7,25,4,0,0,0,b48a9a215fb2686a2b6e31236aa30b698980840e7ca27fd1e513537a9ff68493
cheater-4p-298,Cheater,4,298,25,25,1,3,perfect,0,0,44,11,25,8,0,0,0,dffcdfb1bf435db8a42d69f1ca2a8a99aebe0f13b337c628d70b10e6ec7ca508
cheater-4p-299,Cheater,4,299,25,25,1,3,perfect,0,0,40,9,25,6,0,0,0,beb48d406a0dfcce9fc700f43b6f998b4944f6386961d871a987cac646b45bfb
cheater-4p-300,Cheater,4,300,25,25,1,3,perfect,0,0,41,8,25,8,0,0,0,3b570a809445369b9d9310d09b48b1ff1f650927d2a84ce478f57fbc4bd4c3b8
cheater-4p-301,Cheater,4,301,21,21,0,3,tempo,0,1,54,17,21,16,0,0,0,679b4b4c602ff027ba93a45f7f5fedf1e660deb489a7e0fd8770fc2facf43537
cheater-4p-302,Cheater,4,302,25,25,1,3,perfect,0,0,46,12,25,9,0,0,0,d6c5f2f62f79668531e9177beddad267f85657bb55e2538cbe268518c2519576
cheater-4p-303,Cheater,4,303,25,25,1,3,perfect,0,0,43,9,25,9,0,0,0,97c87cdaf01947677207119e82fce6e034363a7fc380d4e133c14f46d8157e98
cheater-4p-304,Cheater,4,304,24,24,0,3,tempo,0,1,51,14,24,13,0,0,0,4a4ea86b67bb22902971be5ed42f45652f433e3068fbb54d3f7924f8b528691d
cheater-4p-305,Cheater,4,305,25,25,1,3,perfect,0,0,48,13,25,10,0,0,0,c4598bef1bc5f060157af038eb0bd1f534470728ccdd61ac8c63af0970e24fa1
cheater-4p-306,Cheater,4,306,25,25,1,3,perfect,0,0,42,10,25,7,0,0,0,e7ff006adaa28b1dab1df21b536023536926b187e9fc8090256c22e150c123da
cheater-4p-307,Cheater,4,307,25,25,1,3,perfect,0,0,45,11,25,9,0,0,0,409badc4f900827e485ac471061ad3233808c385b8b54c43c9c9621096f4ed04
cheater-4p-308,Cheater,4,308,25,25,1,3,perfect,0,0,49,14,25,10,0,0,0,444c6e50c6cdee4351bb1584ff226ba81831497dcf60c72597fa483e9b30669d
cheater-4p-309,Cheater,4,309,25,25,1,3,perfect,0,0,48,12,25,11,0,0,0,87c207f9f3b01690823e314708cd5a6f4e8808932442ba3f16ca9f6b25ccd4f9
cheater-4p-310,Cheater,4,310,25,25,1,3,perfect,0,0,43,11,25,7,0,0,0,485c01ce8113761652407903855f308ab024a89d0c7e8d4cb9aeb6612c839b9b
cheater-4p-311,Cheater,4,311,25,25,1,3,perfect,0,0,47,12,25,10,0,0,0,def85d74db5092b0f8a7cf59abdca587765a69e55bc5ee98dce0fdab448fec12
cheater-4p-312,Cheater,4,312,25,25,1,3,perfect,0,0,47,12,25,10,0,0,0,97ca6eb1475a42812ff4808010e3dc2b62478fbfb5c0f0477ba3c097c9888a8f
cheater-4p-313,Cheater,4,313,25,25,1,3,perfect,0,0,35,7,25,3,0,0,0,1405986489a7c28726f3ae43f220ac40407e10a6940646aab497fe499fa956af
cheater-4p-314,Cheater,4,314,24,24,0,3,tempo,0,1,50,14,24,12,0,0,0,41bb858e9b8adf6fb27e378c1236c4913da9cbb9caca3bedfe488ef3cc3c8d2e
cheater-4p-315,Cheater,4,315,25,25,1,3,perfect,0,0,45,11,25,9,0,0,0,abfe33856ee2e5c7d39849ca27509ba40f37f62584bc07047232f7d4335a8545
cheater-4p-316,Cheater,4,316,23,23,0,3,tempo,0,1,52,15,23,14,0,0,0,1f76241f42597bfa5792f8ac3be8f14ed988641eeb3404e8cc0fe3a19cffccbe
cheater-4p-317,Cheater,4,317,25,25,1,3,perfect,0,0,52,16,25,11,0,0,0,2ac395c52146c46917ccb81c9500eb7704616a321a86f6055114252147a7e4c9
cheater-4p-318,Cheater,4,318,25,25,1,3,perfect,0,0,46,12,25,9,0,0,0,2ef1762710c262d40adb86df010eb4323fecc57331f1b99e59a872d468c1d9ca
cheater-4p-319,Cheater,4,319,25,25,1,3,perfect,0,0,47,12,25,10,0,0,0,de06db24053f30466f9b06a7642e20a049ecd89e4ccba384da9863e7f7289a37
cheater-4p-320,Cheater,4,320,25,25,1,3,perfect,0,0,45,12,25,8,0,0,0,988b8b207734e441d4fd04c49c3a188aab4fdea368e13969c66b216ca3808504
cheater-4p-321,Cheater,4,321,25,25,1,3,perfect,0,0,38,8,25,5,0,0,0,9d94dda8d38697fc6583e75a7957ad88730cec5c9f34c493fd83877623bc02e9
cheater-4p-322,Cheater,4,322,25,25,1,3,perfect,0,0,47,13,25,9,0,0,0,9922dbc928f68d06aa10cd54cc5e5d46cef978d99b6dc71001c3dfaf9f87ba44
cheater-4p-323,Cheater,4,323,25,25,1,3,perfect,0,0,50,14,25,11,0,0,0,a00ce05139524693798d5ffb82ecf6277595b2dbb219015db898d8ef40c91da0
cheater-4p-324,Cheater,4,324,25,25,1,3,perfect,0,0,30,4,25,1,0,0,0,510f054f412e700a82143c48e915f824eef45576bfa9943504d3acce328e033f
cheater-4p-325,Cheater,4,325,23,23,0,3,tempo,0,2,53,16,23,14,0,0,0,64b0c2b8fc56dc397405b603088db16cd731a6e519840ef7fe318872b2ec7084
cheater-4p-326,Cheater,4,326,25,25,1,3,perfect,0,0,48,14,25,9,0,0,0,e422155604d93192edecfe0b122c6032b9191a66fb7ca11c1823a47cd83aa2e1
cheater-4p-327,Cheater,4,327,25,25,1,3,perfect,0,0,43,10,25,8,0,0,0,ecf428af25ad7024f384c0e8e772c98e4fbd5dbd629d4fc1cc49d6129a59d34f
cheater-4p-328,Cheater,4,328,24,24,0,3,tempo,0,1,53,16,24,13,0,0,0,c215c022cc3305a7a95e68a9881df38a1c3bea96b88bba3577abc69856bbda25
cheater-4p-329,Cheater,4,329,25,25,1,3,perfect,0,0,49,13,25,11,0,0,0,bac1cae9359f8a1b5522153c769f6f89d47e3bd20e5846793f2fff209e421dcb
cheater-4p-330,Cheater,4,330,23,23,0,3,tempo,0,2,54,17,23,14,0,0,0,483374d0a6a543d809b117c98afbfc6c9c7918a317f55476ad909c93c1fb5ff6
cheater-4p-331,Cheater,4,331,25,25,1,3,perfect,0,0,34,6,25,3,0,0,0,b40be64fea30e1c16ff9d402f528b7ee9a799b1e2394d27778ca581998fa8a50
cheater-4p-332,Cheater,4,332,25,25,1,3,perfect,0,0,46,12,25,9,0,0,0,a657822d4c6b1ad0c7aea2d169c8c5c60b67461593e7629d7f3c28d7a86c8cdd
cheater-4p-333,Cheater,4,333,25,25,1,3,perfect,0,0,43,10,25,8,0,0,0,b765053aabf85611914e3c3852b218ef888308edaa23f3f2dca9ffff947057bb
cheater-4p-334,Cheater,4,334,25,25,1,3,perfect,0,0,51,15,25,11,0,0,0,87b1de18f086b9f8a2f5745ed87f4c008788806b73cd71305056b3820eb5d774
cheater-4p-335,Cheater,4,335,25,25,1,3,perfect,0,0,50,14,25,11,0,0,0,50545448a7908cebe0f8c4e99db9ef1b6ceaa9e0627e7ca4a96ca4f415449e5b
cheater-4p-336,Cheater,4,336,25,25,1,3,perfect,0,0,44,11,25,8,0,0,0,9debf34fe27e2f4d76fc001b0e52b397f9556a8ac876b13b69bc22ef7a2c5c85
cheater-4p-337,Cheater,4,337,25,25,1,3,perfect,0,0,34,5,25,4,0,0,0,dad36dc22df867651799380dc53145d912fa52a171e5cc4abd691d936c60dc56
cheater-4p-338,Cheater,4,338,25,25,1,3,perfect,0,0,45,11,25,9,0,0,0,d0fc0f60bcc4b3fe9e646b0b551843b377e43d33c2e8c2ff77e94d5c515d1dc6
cheater-4p-339,Cheater,4,339,24,24,0,3,tempo,0,1,53,16,24,13,0,0,0,4348c4b5257e45149af4496edc37934a9e91641dbed8c7e75708bfc638a205eb
cheater-4p-340,Cheater,4,340,25,25,1,3,perfect,0,0,49,13,25,11,0,0,0,5039d2d76ed68cfec6da3b479cdd32eb7ce8f540dfe0edf550bb9e9c229ebef4
cheater-4p-341,Cheater,4,341,25,25,1,3,perfect,0,0,51,15,25,11,0,0,0,54264c11a6da766c619a07cdc5b2a1cbac5e0a4803b2810ccbdba3150a7581ed
cheater-4p-342,Cheater,4,342,25,25,1,3,perfect,0,0,49,13,25,11,0,0,0,a20c6d7e34b98b6f925d0cd0c6c13f669e706d8023b00ec2f672315de6790411
cheater-4p-343,Cheater,4,343,25,25,1,3,perfect,0,0,46,13,25,8,0,0,0,d62d21e768ede709cab873e21e0cac83460a03bf35993b4f5a67dbe1b0f008a1
cheater-4p-344,Cheater,4,344,25,25,1,3,perfect,0,0,48,13,25,10,0,0,0,e077ce20f2a1899532477301e8d1cfd6f96e82f81c9a5820d54443b15d7b0911
cheater-4p-345,Cheater,4,345,25,25,1,3,perfect,0,0,51,15,25,11,0,0,0,b10231be610603e1d57cf153ac97387f387ce82a019d2f57adec6e5fdbdb5900
cheater-4p-346,Cheater,4,346,25,25,1,3,perfect,0,0,48,13,25,10,0,0,0,58e78c027ecf7fb1a08ca6c1e12c8bc1af11b4512e85ba19bef8f4a00a6995d6
cheater-4p-347,Cheater,4,347,25,25,1,3,perfect,0,0,47,13,25,9,0,0,0,51b6fd0511a0848c7a2b778496c4a099c082096192b21e4effb4dcb3f9426e0f
cheater-4p-348,Cheater,4,348,25,25,1,3,perfect,0,0,44,11,25,8,0,0,0,330e8f0214dd04cfbf8caa0f6756c5de195dd71e8b618d70b32cff03ed186c7f
cheater-4p-349,Cheater,4,349,25,25,1,3,perfect,0,0,50,15,25,10,0,0,0,f86e57dabff44c2d8da951209ecfc4b4d5c2c3b9a478baeadb4473b7a0290af8
cheater-4p-350,Cheater,4,350,25,25,1,3,perfect,0,0,35,6,25,4,0,0,0,156d7c6d6d531fd78727c607f0e7dd3246c909d8a71caff4f878e6e6597a9cbb
cheater-4p-351,Cheater,4,351,25,25,1,3,perfect,0,0,51,15,25,11,0,0,0,3ff1adf0d726e4791676c10ab9fc3ef5035355e99bd5c63acf0429d14c80371a
cheater-4p-352,Cheater,4,352,25,25,1,3,perfect,0,0,47,12,25,10,0,0,0,a9bcc75a202b59763dd1022d63f693f166ddb7d96e8684afb27108832255089c
cheater-4p-353,Cheater,4,353,23,23,0,3,tempo,0,1,53,17,23,13,0,0,0,d07e643d567fd6b37d66675305303300b37d2a5c294c1aa1ff3738f0a00875b4
cheater-4p-354,Cheater,4,354,25,25,1,3,perfect,0,0,50,14,25,11,0,0,0,e53d2d50a7a5ec863b2c3d63622a3c988eeaa9dde2b78078af854014e91a4992
cheater-4p-355,Cheater,4,355,25,25,1,3,perfect,0,0,46,12,25,9,0,0,0,e4c4048682b34efc8fca2e6274f2ebc4c558d922ab18912529849d5870fbf9e8
cheater-4p-356,Cheater,4,356,25,25,1,3,perfect,0,0,40,9,25,6,0,0,0,a26685819d5b201071d415bb7488094eb4da12d9bef1ad54dd153e103aa855c2
cheater-4p-357,Cheater,4,357,25,25,1,3,perfect,0,0,40,9,25,6,0,0,0,78d7582a2aab62811479bf07b7795453c49fe90d7bd6dfc169bc5b16e88e6b68
cheater-4p-358,Cheater,4,358,25,25,1,3,perfect,0,0,44,11,25,8,0,0,0,1414115d1299845b6594c37ee2739a3568691910d44ab6d17027a50e83753ec5
cheater-4p-359,Cheater,4,359,25,25,1,3,perfect,0,0,44,11,25,8,0,0,0,52e97931d3d21e81aa8314298ac307ded953134fdc1d3e245ba141e01d4f9446
cheater-4p-360,Cheater,4,360,25,25,1,3,perfect,0,0,49,13,25,11,0,0,0,bab6614c5e6472a43119eac7c425be6e54c41bc07488434d6c858939aa55424c
cheater-4p-361,Cheater,4,361,25,25,1,3,perfect,0,0,50,14,25,11,0,0,0,78447ccf870f22d7732495fd72f02aae99b3b57d02144d3b9b483ee86ba57ddf
cheater-4p-362,Cheater,4,362,25,25,1,3,perfect,0,0,51,15,25,11,0,0,0,038a1425badfbbde13c22c402bbea7a1795a769052321a63d8423d685e65251d
cheater-4p-363,Cheater,4,363,25,25,1,3,perfect,0,0,51,14,25,12,0,0,0,32535a9c0846873ed919e7968d77b8411fe21e1fab56dc5c9ad406ed47f6efdb
cheater-4p-364,Cheater,4,364,25,25,1,3,perfect,0,0,44,10,25,9,0,0,0,eb640dd973320aae26fc789d6432fc34604d70f10683c8d88817f0006cd3ee04
cheater-4p-365,Cheater,4,365,25,25,1,3,perfect,0,0,43,10,25,8,0,0,0,748aac55bdc56a8109073fe0c534b224eb8610d0dbea182eeb7f1e82f3f59ba7
cheater-4p-366,Cheater,4,366,25,25,1,3,perfect,0,0,40,8,25,7,0,0,0,661a3ba83e0e16f37ef0fdfcdf2edfb1135afcd3d6fc3137466e8d631a34822d
cheater-4p-367,Cheater,4,367,25,25,1,3,perfect,0,0,50,13,25,12,0,0,0,851adaab0a31caed40d8dec5240a72a3794f5113a59e907d0a161ea9e5f06382
cheater-4p-368,Cheater,4,368,25,25,1,3,perfect,0,0,39,8,25,6,0,0,0,ad8932d16de34a66f2eaaae9b079a9b3a10749de5c4490fa9b60375bd45140e7
cheater-4p-369,Cheater,4,369,25,25,1,3,perfect,0,0,51,15,25,11,0,0,0,600009b8139800c84173fa769c33fd9b6bbf974e60b29235aac37e02ecb88247
cheater-4p-370,Cheater,4,370,25,25,1,3,perfect,0,0,45,12,25,8,0,0,0,52d60dcc35ba7044408866dc7d0a55b12a95e16ec6b685e6eb3b1e2faed184f4
cheater-4p-371,Cheater,4,371,25,25,1,3,perfect,0,0,50,14,25,11,0,0,0,7c1eb9c42382f0c4d139c91f8b97e3119ba63f1848ddf81ce4d9976d658d8274
cheater-4p-372,Cheater,4,372,25,25,1,3,perfect,0,0,38,7,25,6,0,0,0,16fc962839b4d14e85a30fc3d1d8d4e10bca4a980ff6d1a45c656fdb11b5449b
cheater-4p-373,Cheater,4,373,25,25,1,3,perfect,0,0,38,8,25,5,0,0,0,47474412e7b8db8cfa4d6dbc6c9944837982a57257b780055a9722704d4a5f7a
cheater-4p-374,Cheater,4,374,25,25,1,3,perfect,0,0,49,13,25,11,0,0,0,f53bd6dbf85b761f77ebb9cab3750e56084733e6b5e10227fff6920ff2c10151
cheater-4p-375,Cheater,4,375,25,25,1,3,perfect,0,0,48,13,25,10,0,0,0,c7f80c16436b49a9fc05ae7ea846b4cc6100f08f370eaaba26ae24ef4b344c57
cheater-4p-376,Cheater,4,376,25,25,1,3,perfect,0,0,29,3,25,1,0,0,0,25f6a8fbc4e1a94fee71f2a0593223689cbbbde9000ce63d28849992eb86828c
cheater-4p-377,Cheater,4,377,24,24,0,3,tempo,0,1,53,16,24,13,0,0,0,6305a9e3053a2e90814e988f30ce4219e68e924a505185704b513da4b5cd8114
cheater-4p-378,Cheater,4,378,25,25,1,3,perfect,0,0,45,12,25,8,0,0,0,6e2ff5a06315dc309d3955e4fa66b33317f8a3cc9cffaca7b07513341182de19
cheater-4p-379,Cheater,4,379,25,25,1,3,perfect,0,0,36,7,25,4,0,0,0,e27083bcde59d55c9074d68b26bd2afd828368e302280dde0a0fdbd6ea946a52
cheater-4p-380,Cheater,4,380,25,25,1,3,perfect,0,0,51,15,25,11,0,0,0,8216472df23d98c00b9f2e445b4021200496ed72a252343267e45870c140a794
cheater-4p-381,Cheater,4,381,25,25,1,3,perfect,0,0,48,13,25,10,0,0,0,41ae195cc1ffd021a7e3d07deac2e0585a95add91d219159051ca8237593675f
cheater-4p-382,Cheater,4,382,25,25,1,3,perfect,0,0,35,6,25,4,0,0,0,03f8f3a92d9a9a5d96ca281f7ba9cd90254b474eac5bc19ec94bdb232a972cfc
cheater-4p-383,Cheater,4,383,25,25,1,3,perfect,0,0,48,12,25,11,0,0,0,0ac7abfc3763d19fc01c8ae6776604f00d6a06e03f3eda2e301b64526fcf9586
cheater-4p-384,Cheater,4,384,25,25,1,3,perfect,0,0,52,14,25,13,0,0,0,9bccc57753951c6a5ab7b26bd4cf03045c3afbbe661c767a6553b78cdd6de42d
cheater-4p-385,Cheater,4,385,25,25,1,3,perfect,0,0,43,10,25,8,0,0,0,b041ec7011a37b045e18d2765d10cc72e50679af32e6310e375e824207384815
cheater-4p-386,Cheater,4,386,25,25,1,3,perfect,0,0,52,15,25,12,0,0,0,6afffc77085dafc3975105555556aee34beb8cb824ef00d8473db156fa72e273
cheater-4p-387,Cheater,4,387,25,25,1,3,perfect,0,0,39,8,25,6,0,0,0,c5b43f7e003c6b8db19fd8ccf1fcf6415951485853e12879317097243602c649
cheater-4p-388,Cheater,4,388,25,25,1,3,perfect,0,0,45,11,25,9,0,0,0,a32f81c1eedf398b761286f580c90dd33ea3e8c3aadf30692f975be9e812b016
cheater-4p-389,Cheater,4,389,25,25,1,3,perfect,0,0,40,8,25,7,0,0,0,113d8a17a5201721560b10bd44e5aaf0e3c958ded368f8ebe452c7c1250838a4
cheater-4p-390,Cheater,4,390,25,25,1,3,perfect,0,0,41,9,25,7,0,0,0,3d2537136300c53d65d420e91909bf8af566bd544278a0fc2237cbf81af2ddac
cheater-4p-391,Cheater,4,391,25,25,1,3,perfect,0,0,42,9,25,8,0,0,0,fdf9eaddbc6a4868f599f0c5c016632fc1f7916186eb4c15bdd1e49034c21d23
cheater-4p-392,Cheater,4,392,25,25,1,3,perfect,0,0,50,14,25,11,0,0,0,cf39847304859f4638cc07285d302daf90b9987f98472b2a76ad42fee6994c00
cheater-4p-393,Cheater,4,393,25,25,1,3,perfect,0,0,42,10,25,7,0,0,0,c63cdd607eff1f70738ffef56ca66729d666b626a3dd64306e2d3edfe24bdd01
cheater-4p-394,Cheater,4,394,25,25,1,3,perfect,0,0,50,15,25,10,0,0,0,f43ccb70490f124868e2cf7eadd01c69abf84ea4dc808448a7585b0d2379a8fc
cheater-4p-395,Cheater,4,395,25,25,1,3,perfect,0,0,41,9,25,7,0,0,0,14d6450ac9d167e789ad30389fc71cff986a1a4a8b9f4c701be2a8dddc79aa34
cheater-4p-396,Cheater,4,396,25,25,1,3,perfect,0,0,47,12,25,10,0,0,0,3862fa5c58f2ddb5ddbb4079c0e08f4b977d899707f174ff4b2c96d02cdc9f52
cheater-4p-397,Cheater,4,397,25,25,1,3,perfect,0,0,45,12,25,8,0,0,0,2761144bae4425cfb5ce83ef403577c775b07f97132eca8ed255a814d7a83d82
cheater-4p-398,Cheater,4,398,25,25,1,3,perfect,0,0,46,11,25,10,0,0,0,b0562d285533fbf5bf6c7b7539a59a98f8a979251e43072f0c3a5e56f62c9c66
cheater-4p-399,Cheater,4,399,24,24,0,3,tempo,0,1,51,15,24,12,0,0,0,80dd9c8bfb8592c406de846f74275d8b0673b3f91f605050d8f6bed464278e45
cheater-4p-400,Cheater,4,400,25,25,1,3,perfect,0,0,53,16,25,12,0,0,0,e080374fedb15d43cadecaf72e384b237c4f6d4788b81620af65115933702e2f
cheater-4p-401,Cheater,4,401,25,25,1,3,perfect,0,0,37,7,25,5,0,0,0,62acd9eda5b7f525dce6542bbc8ad442a92a2a909c49d5a65da5ca24b97e64f4
cheater-4p-402,Cheater,4,402,25,25,1,3,perfect,0,0,47,12,25,10,0,0,0,3cb8ec518e571b05838025668ca0fc3363949a71c0e316ca49ce98e3e0e1fd5e
cheater-4p-403,Cheater,4,403,25,25,1,3,perfect,0,0,48,13,25,10,0,0,0,8e81ec886ef8b740e413d649c66da98e03f5bae14f943f2be05585c3833f7faf
cheater-4p-404,Cheater,4,404,25,25,1,3,perfect,0,0,47,13,25,9,0,0,0,d061674ba8c9996999d176d33573cd3378389dfc2e5b8bdde2fb79b02cb95e7a
cheater-4p-405,Cheater,4,405,24,24,0,3,tempo,0,1,53,17,24,12,0,0,0,aab8b7bcdcc429e42048289e1351071be71934112ed664ac530b99e3ecad3471
cheater-4p-406,Cheater,4,406,24,24,0,3,tempo,0,1,53,16,24,13,0,0,0,67cf280c1820a42c5e24c99ce8eb9d8dd4e6c7911f19f917ede280a26ae761a0
cheater-4p-407,Cheater,4,407,25,25,1,3,perfect,0,0,48,13,25,10,0,0,0,9c8dea94ef0683fc22e6a54f103ecc29307b02469bb1cf4fa4c3f3ca11f2514f
cheater-4p-408,Cheater,4,408,25,25,1,3,perfect,0,0,49,13,25,11,0,0,0,5c09da9a5793baeab9b167659e8be9fdd93801d11b5b425c37e11dfb30cc4b45
cheater-4p-409,Cheater,4,409,25,25,1,3,perfect,0,0,43,10,25,8,0,0,0,213212cbb45861d60fc4e5e7fb845b86db983f7103d58a73ffb3aae7ca7e3265
cheater-4p-410,Cheater,4,410,25,25,1,3,perfect,0,0,51,15,25,11,0,0,0,20b3390d3aebb148e6ffc1aaa09cd095fa46a08ad3cd6c9827b9a060931e1f6f
cheater-4p-411,Cheater,4,411,25,25,1,3,perfect,0,0,48,13,25,10,0,0,0,6c1208f676d95eeefec38de4b9e34e858e52959d8ac9fd16d71ba629222a56cb
cheater-4p-412,Cheater,4,412,25,25,1,3,perfect,0,0,43,10,25,8,0,0,0,f7ac10ff26d11f6a7b3c3edf739bb0fbd7032771dd3eccfd01b416a9c6ebbe9f
cheater-4p-413,Cheater,4,413,25,25,1,3,perfect,0,0,47,13,25,9,0,0,0,c0cda80cf8a7420175b1b99eedd7ded1953d6b3bf55bb91707d6373ab1e65e06
cheater-4p-414,Cheater,4,414,25,25,1,3,perfect,0,0,43,10,25,8,0,0,0,6a681fe20955c763458e5248c9d065826b3cdb5bd8c4e888221bb31df51dc3b2
cheater-4p-415,Cheater,4,415,25,25,1,3,perfect,0,0,52,16,25,11,0,0,0,93803f27818c79381be384769edbd899305e5453f1662b6b989d8cae36aa1faf
cheater-4p-416,Cheater,4,416,25,25,1,3,perfect,0,0,47,13,25,9,0,0,0,f5d97065749b015f49eaa56225c27c24cf3a8c0df23935fd554c0bfaa655e5df
cheater-4p-417,Cheater,4,417,25,25,1,3,perfect,0,0,41,10,25,6,0,0,0,ce2bcb3bc46703556bf80ac55cbc13344206fefe24e2093ee3b22c91369bba6c
cheater-4p-418,Cheater,4,418,25,25,1,3,perfect,0,0,45,11,25,9,0,0,0,49b1b98d81c7ff74ff4b00e398d56f16bfe916e869f1de60eda1fb841fbe0da2
cheater-4p-419,Cheater,4,419,25,25,1,3,perfect,0,0,49,13,25,11,0,0,0,964f375615875dcc86e8f9413b20c2a4ebc30874ce52d6428f987d25d77bdf72
cheater-4p-420,Cheater,4,420,25,25,1,3,perfect,0,0,34,7,25,2,0,0,0,097d6448f2edeb5d5cc8165f37fe5092d9222dac3ea80c9cf5e71890503b1507
cheater-4p-421,Cheater,4,421,25,25,1,3,perfect,0,0,48,13,25,10,0,0,0,b98db27f491b09122f0ecb6cacdd35a3c846a9449c4e0d852abd9dccea0abbe9
cheater-4p-422,Cheater,4,422,25,25,1,3,perfect,0,0,36,6,25,5,0,0,0,299a61b6a876ddd69f3365f9b10856cd0145fa68b0dcbad0167b4ed62a0b1546
cheater-4p-423,Cheater,4,423,25,25,1,3,perfect,0,0,44,10,25,9,0,0,0,afd092edfadf3622cd5d8c0ec7dd511fbca9807c3ef7efc4262c2747fe7d7f1b
cheater-4p-424,Cheater,4,424,24,24,0,3,tempo,0,1,50,14,24,12,0,0,0,cc9422104f3c6ccef10d31012a0abcd5fd535e7dd46a29d38ca4f19e5147f157
cheater-4p-425,Cheater,4,425,25,25,1,3,perfect,0,0,39,8,25,6,0,0,0,06f5317e0c5cb39c925d7412cc0f8c8ae99cab3e986bef19087d5e73c33889bb
cheater-4p-426,Cheater,4,426,25,25,1,3,perfect,0,0,40,8,25,7,0,0,0,e4bcba052b8acabb34662e17f54c33f063e68f8a055cff51168db189505b2c75
cheater-4p-427,Cheater,4,427,25,25,1,3,perfect,0,0,49,14,25,10,0,0,0,28cf864b455f9084d307eacb6532f89a38d695957f8a1604beb137ff383a6c4c
cheater-4p-428,Cheater,4,428,25,25,1,3,perfect,0,0,50,14,25,11,0,0,0,9ae501d6a34d95fe15fd0a9b9321097ea29f87937516e8498e678db20871ce1a
cheater-4p-429,Cheater,4,429,25,25,1,3,perfect,0,0,38,7,25,6,0,0,0,02f489fb1615dca2adf5e1985524aa10546765e93d7a5614599f8f5d5cae503f
cheater-4p-430,Cheater,4,430,25,25,1,3,perfect,0,0,43,11,25,7,0,0,0,3f7888c5e07eb3e4bffdd3138437b69b4c45f2346c923d2e322b5edc97136283
cheater-4p-431,Cheater,4,431,24,24,0,3,tempo,0,1,52,15,24,13,0,0,0,751b6c6f2b7070d7a8421fb1f7f274deabafb42f8da14cc689ecc9f0f5c7e321
cheater-4p-432,Cheater,4,432,25,25,1,3,perfect,0,0,46,12,25,9,0,5,0,9306b596dd05653b9892ec1cded65a19bcffdfb10a7a8223245882bde1b60ce0
cheater-4p-433,Cheater,4,433,25,25,1,3,perfect,0,0,40,10,25,5,0,0,0,9f8ed56b9ca0c4e90cfb0368c98efed08e09db6e536556dc57a2b18fe6613230
cheater-4p-434,Cheater,4,434,25,25,1,3,perfect,0,0,53,16,25,12,0,0,0,177bebb7d68274a75bd2ff874a08f0ddacfc5d91caa9ada18013a40a7c2e1e03
cheater-4p-435,Cheater,4,435,25,25,1,3,perfect,0,0,45,12,25,8,0,0,0,765892c9725e18c3d5e2736579051ba57eaec4efda75106b5466f792db04b013
cheater-4p-436,Cheater,4,436,25,25,1,3,perfect,0,0,48,12,25,11,0,0,0,9c1f1e7438e93b7daa95e7e87699feebbdcf675c8382c6dfc4319fddfd63bc59
cheater-4p-437,Cheater,4,437,25,25,1,3,perfect,0,0,34,5,25,4,0,0,0,1c7733630a94d5eb3923c1ece91df15fb2866a3d4e69c1fac401752bb7983647
cheater-4p-438,Cheater,4,438,25,25,1,3,perfect,0,0,49,12,25,12,0,0,0,c0487822782a30a4c95b690dfacc102eb65bfc87c46429a1ad6fb5438a554159
cheater-4p-439,Cheater,4,439,23,23,0,3,tempo,0,2,52,16,23,13,0,0,0,2d2201480497b05cd1d5770a2219f54e22536188c01591ff52ed4927addd65a2
cheater-4p-440,Cheater,4,440,25,25,1,3,perfect,0,0,51,15,25,11,0,0,0,c2eea01b337aa56264c78d347e3dab3fbe368dbc6528bfac5ff766ad137b3822
cheater-4p-441,Cheater,4,441,25,25,1,3,perfect,0,0,44,11,25,8,0,0,0,159902b883cca968c02960b81cf529914ec7786d91eac504cec6f2e7dfe97a80
cheater-4p-442,Cheater,4,442,25,25,1,3,perfect,0,0,48,13,25,10,0,0,0,f92f1503de3f02667659d4339d43ba38362e9360e718417650157ccec17fc0b1
cheater-4p-443,Cheater,4,443,25,25,1,3,perfect,0,0,47,12,25,10,0,0,0,63e981c8f44d0f35618f53601f77fdbd33575bd32b886b5a2bbd1d33fcf0ef77
cheater-4p-444,Cheater,4,444,25,25,1,3,perfect,0,0,51,15,25,11,0,0,0,c08c4a4b78697e8a2dc40a53925ded55e9e96e65a30f3a4d82d2b7a8ad4db84a
cheater-4p-445,Cheater,4,445,25,25,1,3,perfect,0,0,46,11,25,10,0,0,0,f4e6b090c5c5f9e104787eb13c64cbf4aa28aab4aa651ff5745d61c06c38e8dd
cheater-4p-446,Cheater,4,446,25,25,1,3,perfect,0,0,39,8,25,6,0,0,0,db45a7e59f865fe20938b1d4d3125e064779af1fb8858c2e0bcc3030cb41355c
cheater-4p-447,Cheater,4,447,25,25,1,3,perfect,0,0,48,13,25,10,0,0,0,ffbfec2c6f351515500d9aa5f85f45fba7cdb6fa49b501560d37e14cdb5b71d7
cheater-4p-448,Cheater,4,448,25,25,1,3,perfect,0,0,49,14,25,10,0,0,0,409143dd97b778197cd7f4556ffb917bcf557041911d3699eb0492946da0b405
cheater-4p-449,Cheater,4,449,25,25,1,3,perfect,0,0,46,12,25,9,0,0,0,963c0b5ebc7e5c8c3e296539f7eb52c5b7a5160b170b26ff086cc077b9421ceb
cheater-4p-450,Cheater,4,450,25,25,1,3,perfect,0,0,44,11,25,8,0,0,0,b76eb4f8a09ef13d271ac218a2488089b80c0f55d1a1a16e9f75acb90020a92e
cheater-4p-451,Cheater,4,451,25,25,1,3,perfect,0,0,44,10,25,9,0,0,0,433bc623c2ad96a72403e1f6c2edb2984ef8349df49002a6837ff968b7559375
cheater-4p-452,Cheater,4,452,25,25,1,3,perfect,0,0,43,11,25,7,0,0,0,48dbe769db36eee6308429cce69b670990f52d3311b9f7abac7e846f9c3ba4f0
cheater-4p-453,Cheater,4,453,25,25,1,3,perfect,0,0,47,11,25,11,0,0,0,794afb2ee3490dc27c1ad51e48bfcc3b32c18508eab37da15ff752fc092e34da
cheater-4p-454,Cheater,4,454,25,25,1,3,perfect,0,0,52,16,25,11,0,0,0,fbe757968e40f97afaca1fd2e5c86d9106957afdb35dcb0a52b773a331449d7d
cheater-4p-455,Cheater,4,455,25,25,1,3,perfect,0,0,39,8,25,6,0,0,0,355953a86c146a65b73729fb65cfaad25f1e242bda938010741ea30e163ff8f7
cheater-4p-456,Cheater,4,456,25,25,1,3,perfect,0,0,47,12,25,10,0,0,0,f44902f07b74aa97fe994930ce99a94365661d8f96fed1532dd17613bd0968b1
cheater-4p-457,Cheater,4,457,25,25,1,3,perfect,0,0,42,10,25,7,0,0,0,07fcd0419164219bc6956757e9839d593190b324c33d5336db726ab0fca30b22
cheater-4p-458,Cheater,4,458,25,25,1,3,perfect,0,0,42,10,25,7,0,0,0,8fa55173fb7feaae652e659d022c57086a4058013ccc79e0f0f64d84ec84a7b5
cheater-4p-459,Cheater,4,459,25,25,1,3,perfect,0,0,46,12,25,9,0,0,0,6f2e1a49b8bcfbba7309c8d82a86c200584a81416c40ba5318fddfd6c7068fd5
cheater-4p-460,Cheater,4,460,25,25,1,3,perfect,0,0,51,15,25,11,0,0,0,b9673275b924aa0359857cd26971683a675e1db783c97a4dbfa1558f78f9b303
cheater-4p-461,Cheater,4,461,25,25,1,3,perfect,0,0,40,8,25,7,0,0,0,86fb7a62c764162ec3aa463759cf5ae2341ee86428bffb15087ad246f27b5cfa
cheater-4p-462,Cheater,4,462,25,25,1,3,perfect,0,0,45,11,25,9,0,0,0,0e8e67e7b16c95be42615c10163661e5b2823ce1b288028647db6d2acee768e3
cheater-4p-463,Cheater,4,463,25,25,1,3,perfect,0,0,40,8,25,7,0,0,0,0f4de7796b9da0aec96e65a589913ce635ed60088c3fadaef854c73d171aef1b
cheater-4p-464,Cheater,4,464,25,25,1,3,perfect,0,0,42,9,25,8,0,0,0,d9cbf3d61786b1885ce2503d9d43f6ac256ae7c499886137e6b40ebec1662ed2
cheater-4p-465,Cheater,4,465,25,25,1,3,perfect,0,0,33,5,25,3,0,0,0,83e89975f073cbd671d332a6a11456d4efdd394ad6aaa43b46baf84d8b15c554
cheater-4p-466,Cheater,4,466,25,25,1,3,perfect,0,0,45,12,25,8,0,0,0,2aff1c684505a47acd1897dacd2eb46067f6959177360ee6117624371f467c4b
cheater-4p-467,Cheater,4,467,25,25,1,3,perfect,0,0,39,8,25,6,0,0,0,e78d327424dbec6667c85a8315211ed6c9dac16538fe3f44ea85bc3cc776ff17
cheater-4p-468,Cheater,4,468,25,25,1,3,perfect,0,0,37,7,25,5,0,0,0,bea82fc5fe87f3014ebd50a99c4e072b49fb3a1f406d7360c431e01b8bf2748e
cheater-4p-469,Cheater,4,469,25,25,1,3,perfect,0,0,48,13,25,10,0,0,0,bb8595602a711fdc5d573d8c1fc07cd124d0d5d78f223910dcc9ad1f62daa380
cheater-4p-470,Cheater,4,470,25,25,1,3,perfect,0,0,41,10,25,6,0,0,0,bc632bf42824dbba2f59e31c7bb582d44df8ec43fea261aba2774cf1a1a80f1f
cheater-4p-471,Cheater,4,471,25,25,1,3,perfect,0,0,45,11,25,9,0,0,0,97b5d44114f4040f88f1307fa69078743266b33061f984dc0a3f9d534e6944b7
cheater-4p-472,Cheater,4,472,25,25,1,3,perfect,0,0,50,14,25,11,0,0,0,953b0b57316119440bb36aab6b3dee46d680a0210327cc4c39e66e03b33d7cd6
cheater-4p-473,Cheater,4,473,25,25,1,3,perfect,0,0,50,15,25,10,0,0,0,34570cb1afc5e50b5fb7c88e6e795bc3a52704dcb8c437014b019cbeb180fb51
cheater-4p-474,Cheater,4,474,22,22,0,3,tempo,0,1,53,17,22,14,0,0,0,c7016715752749317ba8b3e117fd0aac0a718edadb90e32147edd1fba12e2682
cheater-4p-475,Cheater,4,475,25,25,1,3,perfect,0,0,34,6,25,3,0,0,0,6dadde1edf19facc9c82307d907aa0d0fbf40dc7805b9ac52c8850bf6d671f03
cheater-4p-476,Cheater,4,476,25,25,1,3,perfect,0,0,42,10,25,7,0,0,0,5f99422fb8f429d89f5252a0fcc91fc54790e8b850e3e60401d09356ef0b4773
cheater-4p-477,Cheater,4,477,25,25,1,3,perfect,0,0,50,14,25,11,0,0,0,dff7ebea25880bcdb06e12fca7bafb7442ee0540286e4d0ee9f5f7d53eec8774
cheater-4p-478,Cheater,4,478,25,25,1,3,perfect,0,0,49,13,25,11,0,0,0,a869ac3e3dbb2ed9184b302904f1360ccbb08bbfc59c57b0b00324a8e82b6898
cheater-4p-479,Cheater,4,479,23,23,0,3,tempo,0,2,53,16,23,14,0,0,0,e88919c98e57515d5641fb47475d442e455207f1a7eaf5360621d35920c4210b
cheater-4p-480,Cheater,4,480,25,25,1,3,perfect,0,0,40,9,25,6,0,0,0,eb2305200d96188d903b0b0a45970fedc3ec4d26ebf5ad322b3c45099af3af8f
cheater-4p-481,Cheater,4,481,23,23,0,3,tempo,0,2,54,17,23,14,0,0,0,09e2587ea0836c2264be71b29ec5afcd9428271227cf0b9b975dc1268ca77535
cheater-4p-482,Cheater,4,482,24,24,0,3,tempo,0,1,50,13,24,13,0,0,0,3fcb7ffc6dcfc31111040bc6e5635c46eaa6df3575fa1b475a6e9a29f027b24a
cheater-4p-483,Cheater,4,483,25,25,1,3,perfect,0,0,39,8,25,6,0,0,0,1064eb8e251638128d898300437dc1d61c7796471e29086f4ce65fab38a79f87
cheater-4p-484,Cheater,4,484,25,25,1,3,perfect,0,0,38,7,25,6,0,0,0,cbb751898c53af25a9f9bc7563d4e4619d265b4f43437434bdf51ab0b154eba6
cheater-4p-485,Cheater,4,485,25,25,1,3,perfect,0,0,46,11,25,10,0,0,0,4ad88a8c5216b548d314d739940d7c26d7d1aae1f5f0e44c0dc6b8f1c9c94f7b
cheater-4p-486,Cheater,4,486,25,25,1,3,perfect,0,0,48,13,25,10,0,0,0,fe6ec7b5f5d250f1b8f27d3424f1ad19773b340b98d9e2791c1f6730a5004c4c
cheater-4p-487,Cheater,4,487,25,25,1,3,perfect,0,0,33,5,25,3,0,0,0,e514c520861145c13ae827e3c4866849164b54fa63bae77633334c1af844d2b1
cheater-4p-488,Cheater,4,488,25,25,1,3,perfect,0,0,48,13,25,10,0,0,0,dc583d83ea188454ac62d2fe65877e21dc910b5538db53557117b901d63e8d20
cheater-4p-489,Cheater,4,489,25,25,1,3,perfect,0,0,49,14,25,10,0,0,0,3a090afe7e6c1d55d3c77488e915bf5b83af213c9357e521ed78057169a41e82
cheater-4p-490,Cheater,4,490,25,25,1,3,perfect,0,0,47,13,25,9,0,0,0,d9db7f7a2b9f469807f57894e9af5747a7c04fbf6317b6a9eda87daf942d1083
cheater-4p-491,Cheater,4,491,25,25,1,3,perfect,0,0,43,10,25,8,0,0,0,f49a20e8bded5c1fd914de03a305f069a0e31ab751c1b735d37dbabad0405ec2
cheater-4p-492,Cheater,4,492,25,25,1,3,perfect,0,0,51,14,25,12,0,0,0,65dc41ec2e7e96ddab0947f7746b24c514d383cbb0b8e150a0188885e1653efc
cheater-4p-493,Cheater,4,493,25,25,1,3,perfect,0,0,46,12,25,9,0,0,0,0ad5521be8f7dfe555cbda97396dd593f7acc92b72fc96733e7e129fa2cd0d37
cheater-4p-494,Cheater,4,494,25,25,1,3,perfect,0,0,44,11,25,8,0,0,0,96a1db9e445d238fd7b703697ee4d6d98fe443db61f98b3dd91d298a809e0447
cheater-4p-495,Cheater,4,495,25,25,1,3,perfect,0,0,42,10,25,7,0,0,0,3dc2fa7b9b141781aa5d8d52d9a2105eff1ffd04f25cfe585b5d7b6c676ed19a
cheater-4p-496,Cheater,4,496,25,25,1,3,perfect,0,0,33,5,25,3,0,0,0,5117ca6efac2ce9335dc0877ac27bd6223a271999a6b7733715a461bf0b86d06
cheater-4p-497,Cheater,4,497,25,25,1,3,perfect,0,0,43,10,25,8,0,0,0,5e811391c196ca3d3ca4203213e8d43fbb297cef82061b9a3dcdf15537dad18e
cheater-4p-498,Cheater,4,498,25,25,1,3,perfect,0,0,49,14,25,10,0,0,0,73fa91b2c98c0bd5419e4a2be3f9fb4590eac0338759d960c1f91cf2f3fb7f28
cheater-4p-499,Cheater,4,499,25,25,1,3,perfect,0,0,44,11,25,8,0,0,0,99a136433959bbf221609b4430cb88501a824fed460eb779713b1a4e8214237d
cheater-4p-500,Cheater,4,500,25,25,1,3,perfect,0,0,50,14,25,11,0,0,0,c17513ded25c32b0d13134163f62c0fcf38dbad8865363f81c99daf520f0ee95
cheater-4p-501,Cheater,4,501,24,24,0,3,tempo,0,1,50,14,24,12,0,0,0,c6ddb182281a8f9d73bd57cdac78f5fba0a301b260e198ae06242baa3cbb25c3
cheater-4p-502,Cheater,4,502,25,25,1,3,perfect,0,0,41,9,25,7,0,0,0,731fda9966a45341973031558098695b7b0f12b64ba7f99acb9bf1dbe2c6d094
cheater-4p-503,Cheater,4,503,25,25,1,3,perfect,0,0,49,14,25,10,0,0,0,16ff55aa1dc76e284cac0d6b5fa3571722cf9c8d3d879676e780b8cbf867d14c
cheater-4p-504,Cheater,4,504,25,25,1,3,perfect,0,0,51,15,25,11,0,0,0,7af96637074455a110a42b7edf35b3f41ec395b6e91afefd807319f5488d79db
cheater-4p-505,Cheater,4,505,25,25,1,3,perfect,0,0,51,15,25,11,0,0,0,4584da49300b976def8f1fef743fe6b2f74467bceded78dbe735df1e68d2d2a1
cheater-4p-506,Cheater,4,506,25,25,1,3,perfect,0,0,41,9,25,7,0,0,0,90c5056c991d4bd4a76c07eea285c3756277833a31596d8fbec1dda469a34f67
cheater-4p-507,Cheater,4,507,25,25,1,3,perfect,0,0,50,15,25,10,0,0,0,b46170410dcd3eeb975d176d37c9592901574bb5b209f95f73b6d26a83af0e6a
cheater-4p-508,Cheater,4,508,24,24,0,3,tempo,0,1,51,15,24,12,0,0,0,02b746964bb2aba06bc7c95af5c3e7b1cd8354bf60907c6e91bc3870f51cfe1f
cheater-4p-509,Cheater,4,509,25,25,1,3,perfect,0,0,41,10,25,6,0,0,0,5096102efaf55b4e45e14369fb78fdab31e4753b5bc9f48241434d78f675cd4a
cheater-4p-510,Cheater,4,510,25,25,1,3,perfect,0,0,35,6,25,4,0,0,0,d8b33df2c9e01540a6a3e744b2660c1c44cfdaf43255069e7783f4a03eb2eb40
cheater-4p-511,Cheater,4,511,25,25,1,3,perfect,0,0,48,13,25,10,0,0,0,dba0246e5773f76780a262ab84877025213d00f901d3bf70d7f9ff8d24cc10de
cheater-4p-512,Cheater,4,512,25,25,1,3,perfect,0,0,48,13,25,10,0,0,0,b0bd5d90dc6900340efb5939cdb7d71bd7816e094e2a34978cde24d4430777f1
cheater-4p-513,Cheater,4,513,25,25,1,3,perfect,0,0,44,11,25,8,0,0,0,82b7247724134ba6a6d4e7c342430b8a6c3117fc1e9540f8b7ed2b11c55b9ca6
cheater-4p-514,Cheater,4,514,25,25,1,3,perfect,0,0,39,8,25,6,0,0,0,9350d7e53dbd0e7b259aeff23e164f58f714c154efda021006e27df1aaae721e
cheater-4p-515,Cheater,4,515,24,24,0,3,tempo,0,1,51,15,24,12,0,0,0,afa494bb9d0a307f5d5583c3994acd8a9b10bc3231f85f2b5db1420a30b1804b
cheater-4p-516,Cheater,4,516,25,25,1,3,perfect,0,0,49,13,25,11,0,0,0,e55878ff66f6ae7ebc1ef4416672c7843fd751ec36d52a29ad24c9ae92c33f6c
cheater-4p-517,Cheater,4,517,25,25,1,3,perfect,0,0,39,8,25,6,0,0,0,abd8d2778f90988f1fddc1ccd2598260550432457f0552d02b20d98d57fe4160
cheater-4p-518,Cheater,4,518,25,25,1,3,perfect,0,0,43,11,25,7,0,0,0,eace9d9b83742586373cb9822d0e5e80c88f62d3946df80d897739425297e2cb
cheater-4p-519,Cheater,4,519,25,25,1,3,perfect,0,0,44,11,25,8,0,0,0,ac9e94e5024b48d8ce7b79c4a17c59af758241154cd2b5b1988b1d459b733ec6
cheater-4p-520,Cheater,4,520,25,25,1,3,perfect,0,0,41,9,25,7,0,0,0,9c76f9a6f0f38a2db16c1a45c894b8ca153d8b46fad70a2beeecce986c363d1f
cheater-4p-521,Cheater,4,521,25,25,1,3,perfect,0,0,47,13,25,9,0,0,0,0ca780ee7edbf7683d20525af264a83877de1264e65e8037051b8bf6f0c0e411
cheater-4p-522,Cheater,4,522,25,25,1,3,perfect,0,0,46,12,25,9,0,0,0,32171f32308ecd8b1930731b6e193accd4e728faf53b8d581543100ae558271f
cheater-4p-523,Cheater,4,523,24,24,0,3,tempo,0,1,49,13,24,12,0,0,0,f2aa8310eb01007c149e850953bec34e205a5015499ec21a27a0b4936cef8c6b
cheater-4p-524,Cheater,4,524,25,25,1,3,perfect,0,0,37,7,25,5,0,0,0,0bf80c21fd43b5078de34b585b4994722d4efded6e16aee4188e7c17a693cb73
cheater-4p-525,Cheater,4,525,25,25,1,3,perfect,0,0,38,7,25,6,0,0,0,839a52c992ddd4d36d239a36be59685c4713c4b15b1c71032881097f36ec3908
cheater-4p-526,Cheater,4,526,25,25,1,3,perfect,0,0,50,14,25,11,0,0,0,1d4398ad5a1f3bdcc7bb0cbcb54b9775a45a2beb9dbc887ef4c4fdda91476769
cheater-4p-527,Cheater,4,527,25,25,1,3,perfect,0,0,41,10,25,6,0,0,0,1cbb8577de076aa67ef4972d66c73e76ecac11e14bf02f0807bad422b8665abb
cheater-4p-528,Cheater,4,528,25,25,1,3,perfect,0,0,46,12,25,9,0,0,0,51383b8912ff4316825f58482d5d6ef0e525f327db415abe0a56108558249a07
cheater-4p-529,Cheater,4,529,25,25,1,3,perfect,0,0,49,13,25,11,0,0,0,18a6822a9c591d2ba7a1268c34ad49646b2be663dc5d03c6a52b746a71124ab4
cheater-4p-530,Cheater,4,530,25,25,1,3,perfect,0,0,43,11,25,7,0,0,0,3c11b8e365169468689b97541f1d61d6fa6eb597a43dbe99bc293d9e1da0096a
cheater-4p-531,Cheater,4,531,25,25,1,3,perfect,0,0,40,8,25,7,0,0,0,e771eb2c6adda8589987b4a579701820dd1ff58643312bdc01d36e40a135b0f2
cheater-4p-532,Cheater,4,532,25,25,1,3,perfect,0,0,46,12,25,9,0,0,0,c06d2929ffa5318b8bb6d7c0a381296e50bb199da1f5ead82d6c0edd2a0c9a94
cheater-4p-533,Cheater,4,533,23,23,0,3,tempo,0,2,52,16,23,13,0,0,0,95b9e01dac9e2c3dc6c4310caa9a49c789e121316bb2971c3058746427103c7a
cheater-4p-534,Cheater,4,534,25,25,1,3,perfect,0,0,45,12,25,8,0,0,0,7845ac8077af1acea2621b4c8c7fcee9952aec70a9725176d9e7dc1ab26cfa69
cheater-4p-535,Cheater,4,535,23,23,0,3,tempo,0,2,52,15,23,14,0,0,0,3dc55ecf0d740e24f76a4fb2dcc20fff9037ea59adbff053dfcf4e079ec88d33
cheater-4p-536,Cheater,4,536,25,25,1,3,perfect,0,0,42,10,25,7,0,0,0,53d164030a587644370e2d86b17ad7d2a7160be82dbc0793891790bc86a77c17
cheater-4p-537,Cheater,4,537,25,25,1,3,perfect,0,0,45,12,25,8,0,0,0,9c484e5ad8f0ab364d6eefbb1c0efd274567f34ae43669f17deb521ea7310a1c
cheater-4p-538,Cheater,4,538,24,24,0,3,tempo,0,1,50,14,24,12,0,0,0,b3b62af3154e8a962283e94ed2cb5f7afc3bf03cd7268dcb9e365eddf28a2005
cheater-4p-539,Cheater,4,539,25,25,1,3,perfect,0,0,40,9,25,6,0,0,0,ad38f9337f748ac9194f834640ca15db3f755af01acb74a63744bf6270688406
cheater-4p-540,Cheater,4,540,25,25,1,3,perfect,0,0,52,16,25,11,0,0,0,a06a219b9b5f87b6936a5187b7f73ae7302e96a114ba8b2b6b3006e24051493b
cheater-4p-541,Cheater,4,541,25,25,1,3,perfect,0,0,46,12,25,9,0,0,0,a0c2dd638702dbd788ddc858c2a8b73e2c10fe62b9e1b70dc7aa02709187be65
cheater-5p-42,Cheater,5,42,25,25,1,3,perfect,0,0,37,7,25,5,0,0,0,fedac63db945c37afbbd4cacb47e82bd4a0f404cc9ec1e02c663cafcd7bd4c69
cheater-5p-43,Cheater,5,43,25,25,1,3,perfect,0,0,38,8,25,5,0,0,0,bb0cfdc58bd91db9332854925d503eaca56f7d689bfddb2c8aec82b2e8b93394
cheater-5p-44,Cheater,5,44,23,23,0,3,tempo,0,1,46,13,23,10,0,0,0,c3dc5cfa6132ab8f55a157942cc32deb8212ea927af4ca5439f4be42187ad026
cheater-5p-45,Cheater,5,45,25,25,1,3,perfect,0,0,37,6,25,6,0,0,0,b4d11519d9ac6a6fc5e8681b8da7a57d2bcdec2c2ad7c80d7529b972abdf663c
cheater-5p-46,Cheater,5,46,25,25,1,3,perfect,0,0,40,9,25,6,0,0,0,c3b529f2e39e93c354828b56a836a26dc407db0c227c80f618f29ccb9d365a4b
cheater-5p-47,Cheater,5,47,24,24,0,3,tempo,0,1,44,11,24,9,0,0,0,802501c4243223972cf25502c3e074a5b5c762a6967a2ac7fb397e2edebea2f6
cheater-5p-48,Cheater,5,48,25,25,1,3,perfect,0,0,37,7,25,5,0,0,0,c1449b564576865f68d13821bfff61e589ab5e0c605ab55d4c7d3adf750c257f
cheater-5p-49,Cheater,5,49,25,25,1,3,perfect,0,0,39,8,25,6,0,0,0,96693f3bfcc3c8ed8d8740fc7f14d6b81d224daad236e8a6a22996fd7e7059e3
cheater-5p-50,Cheater,5,50,25,25,1,3,perfect,0,0,38,7,25,6,0,0,0,1aebb4d217774d89d174325d50e9b0c37c9c4bd64e8562a47583cab82a4d4cb9
cheater-5p-51,Cheater,5,51,25,25,1,3,perfect,0,0,43,10,25,8,0,0,0,c84e36b323f8de85a3aa773078c13260e395a8ae73035ede37b6060652c88a86
cheater-5p-52,Cheater,5,52,25,25,1,3,perfect,0,0,30,3,25,2,0,0,0,97d9b4427a073d692362ca7120d7a38223857cc98568f384fbbf6ddd47a835bb
cheater-5p-53,Cheater,5,53,24,24,0,3,tempo,0,1,44,10,24,10,0,0,0,f606376a322bba1a6894557e550a9f426f818ee596621bc1d955c1e561d071b8
cheater-5p-54,Cheater,5,54,25,25,1,3,perfect,0,0,40,8,25,7,0,0,0,9ca3fcc6eebcc53c9ca32e69493cb4d613f5e3544f572f80e6a98065041a8fd9
cheater-5p-55,Cheater,5,55,25,25,1,3,perfect,0,0,44,10,25,9,0,0,0,e03060997851f25d7e9aba760d42b6c7777c5f1d3d044fdef73f223ae6eaa182
cheater-5p-56,Cheater,5,56,25,25,1,3,perfect,0,0,43,10,25,8,0,0,0,b6407b9b73a48db1d9ab996800e88e2e17fbe90d364d014bd7cf06efd351aad5
cheater-5p-57,Cheater,5,57,25,25,1,3,perfect,0,0,40,9,25,6,0,0,0,071422ef582663bd55d3c39226ef45adbb4300e472e2f95c0875a451acf9511f
cheater-5p-58,Cheater,5,58,25,25,1,3,perfect,0,0,38,7,25,6,0,0,0,c6ecb8bb61f0f8128bc721a4550d4b11702458b1c6d9e99dfc5be1c40ac454ab
cheater-5p-59,Cheater,5,59,25,25,1,3,perfect,0,0,37,7,25,5,0,0,0,4f620eec21d771229f077dfba8674db8b19fab3474c8aa1a5d6fbaa5da5cb0b1
cheater-5p-60,Cheater,5,60,25,25,1,3,perfect,0,0,42,9,25,8,0,0,0,8dec70b50a4c44b773ab4a33f06671a407036c1e4fa130b49d367a0845320d1d
cheater-5p-61,Cheater,5,61,25,25,1,3,perfect,0,0,35,6,25,4,0,0,0,97ff11d12c8bef2668af14111c14d34711390e0ee78635840d509ec4ad0549b3
cheater-5p-62,Cheater,5,62,25,25,1,3,perfect,0,0,36,7,25,4,0,0,0,35d633b472752adc3e04de17798d01bd4eace6c07893d345a9dc51cb1b338368
cheater-5p-63,Cheater,5,63,25,25,1,3,perfect,0,0,40,8,25,7,0,0,0,d9d2e1bba10253bb6a9a308998938ee29b5d8ad93ab8297a77ecb7195810385c
cheater-5p-64,Cheater,5,64,25,25,1,3,perfect,0,0,37,7,25,5,0,0,0,84513d846a1ef7cd87a5c4690a341ee6acd9156ac87d8df082c4f09563f30756
cheater-5p-65,Cheater,5,65,25,25,1,3,perfect,0,0,39,8,25,6,0,0,0,9cc4299ec55011446e7c98f6b99e15c3eb87834c073343d40e359a40c3dba3e8
cheater-5p-66,Cheater,5,66,25,25,1,3,perfect,0,0,43,10,25,8,0,0,0,1c3b0fbc2242e9f97993843ee5ff00721eaeccd4db2fc44995e5df87b88e393b
cheater-5p-67,Cheater,5,67,25,25,1,3,perfect,0,0,37,7,25,5,0,0,0,0f5d49ed47b0b51a6cc718aabffd80d7e8d01b0bc90ac9b9a27a292868373ac6
cheater-5p-68,Cheater,5,68,25,25,1,3,perfect,0,0,41,9,25,7,0,0,0,74dcc2b2ffa69a1fe7e3ff41a24366bec9edb775544fca67edda6b8a1256fef8
cheater-5p-69,Cheater,5,69,25,25,1,3,perfect,0,0,34,6,25,3,0,0,0,1ef92a6b8f11da5d01249e4246185f4ec6dd751edebdec62aeda43fa29e6e408
cheater-5p-70,Cheater,5,70,25,25,1,3,perfect,0,0,38,8,25,5,0,0,0,ae123732c024250e5b7c44539e9c3cb9ece185b05c4be6b6be1b38bb4240d9e6
cheater-5p-71,Cheater,5,71,25,25,1,3,perfect,0,0,39,8,25,6,0,0,0,07eb4b5bf79117d2c05b39efcb26b83ca937a2ca084163310c9e600b3fcb2e79
cheater-5p-72,Cheater,5,72,25,25,1,3,perfect,0,0,37,7,25,5,0,0,0,db1cfef41dfbaa95a49bd996b3e05778d57bc5cc2ec613b006f5ce4e201703fb
cheater-5p-73,Cheater,5,73,25,25,1,3,perfect,0,0,41,9,25,7,0,0,0,61205d3b5a71c2cbc337b7d6d0796eb3ae7f9dba9498543a6c8e88020e804154
cheater-5p-74,Cheater,5,74,25,25,1,3,perfect,0,0,45,12,25,8,0,0,0,052f77b58cc9886067f8fd85f87248f487a412d6a0e3071756722fea55083e4d
cheater-5p-75,Cheater,5,75,24,24,0,3,tempo,0,1,45,11,24,10,0,0,0,0c4cc612b70e10dbaf489c4c2eceaf8fba5cc7d6c42768005960eeddd2fe6952
cheater-5p-76,Cheater,5,76,23,23,0,3,tempo,0,2,45,12,23,10,0,0,0,ef7cb135a55965b56f9977b21154751f99d1fd9489500555228c066158de2f9d
cheater-5p-77,Cheater,5,77,25,25,1,3,perfect,0,0,45,12,25,8,0,0,0,828a9c94c3882a4130ad0f0ff37d7b18aaa55c8e330442f3e211f16ef96e5164
cheater-5p-78,Cheater,5,78,25,25,1,3,perfect,0,0,40,9,25,6,0,0,0,4fe7108117e79813c1f64121a8b28d48ecb8090654354f9edc54d4337e0a7be3
cheater-5p-79,Cheater,5,79,25,25,1,3,perfect,0,0,44,11,25,8,0,0,0,d74eee179996053ed9e7b173dcaf727fc67af3b3110a72630ea26767a6eb7957
cheater-5p-80,Cheater,5,80,24,24,0,3,tempo,0,1,44,11,24,9,0,0,0,2d9d2132daa95a86f61aab09546a07c45292efbe5a736025409824088e8b4cb3
cheater-5p-81,Cheater,5,81,25,25,1,3,perfect,0,0,40,8,25,7,0,0,0,e3b1a8914953bcb5dc5a4d3ca116e4d634bad68c701da52f9a6c71a16cb014c9
cheater-5p-82,Cheater,5,82,24,24,0,3,tempo,0,1,46,12,24,10,0,0,0,fb7458682c0866f8b2e4d91888e5deb99d0515b02062d59caf16e35f628880f0
cheater-5p-83,Cheater,5,83,25,25,1,3,perfect,0,0,43,11,25,7,0,0,0,0c1b1be88d29a90661ef97c8cb84dcfba5ead1a52e629e1f9affeba9e91789e6
cheater-5p-84,Cheater,5,84,24,24,0,3,tempo,0,1,43,10,24,9,0,0,0,98d2501225371b7368f26e1f556c337a6edf2cf8321cb9f62e89bdcf2a6733d5
cheater-5p-85,Cheater,5,85,25,25,1,3,perfect,0,0,41,9,25,7,0,0,0,e236f3b885623b623a80c6565ac8fb17af6728eda4898e16afc669d40cbfacb2
cheater-5p-86,Cheater,5,86,25,25,1,3,perfect,0,0,42,9,25,8,0,0,0,66dc79d5a676c20dc03aa5d751a347d7b185e97a69ff8e728dc3a6d9828357c6
cheater-5p-87,Cheater,5,87,25,25,1,3,perfect,0,0,43,10,25,8,0,0,0,d0c806ad48679fc5b496c4d21c09aaccf419f435af4762ed89f9c3331ea6fb4c
cheater-5p-88,Cheater,5,88,25,25,1,3,perfect,0,0,30,3,25,2,0,0,0,d24fd470c0e14d6724aff5a6126f0a912b6f70a61cf358c1c6d7c69ee51a56d1
cheater-5p-89,Cheater,5,89,25,25,1,3,perfect,0,0,38,8,25,5,0,0,0,94e6a4cc67d996272fa6f628bae737c717ae2313ff4fa4491335920ec9162ef3
cheater-5p-90,Cheater,5,90,25,25,1,3,perfect,0,0,33,5,25,3,0,0,0,906418964d98b54da90f89f4fd0491997431561e213e0e59481d7f817f4ac3ea
cheater-5p-91,Cheater,5,91,25,25,1,3,perfect,0,0,38,8,25,5,0,0,0,37a5041ddb2e3e6b2bea3dc2830ea04fe2f2289f394133d06c37880669df2a64
cheater-5p-92,Cheater,5,92,25,25,1,3,perfect,0,0,43,10,25,8,0,0,0,bb66d7740ccb8374bc7bdb90e0891f14c6994b0879a387e908a932fc72ff3a9c
cheater-5p-93,Cheater,5,93,25,25,1,3,perfect,0,0,36,6,25,5,0,0,0,ac81bf6cc7500352e4bd7ae729361d0e16eafe47149c877e8bbf45d7387d330e
cheater-5p-94,Cheater,5,94,25,25,1,3,perfect,0,0,36,7,25,4,0,0,0,aafcacf76b2da2e1dca6146b14fcfaafc2ab29bb26a3085f2c88aa8dc1471380
cheater-5p-95,Cheater,5,95,25,25,1,3,perfect,0,0,38,8,25,5,0,0,0,f0fbbda3e4f9711fc4667b3f763a2c38b94a0d4d7709a45cccc725511b6cf25a
cheater-5p-96,Cheater,5,96,25,25,1,3,perfect,0,0,37,8,25,4,0,0,0,9c3a0cf28c7dc2d04bbca42a7bdd20aa7f83ba3d921662bf519795b63c078ac8
cheater-5p-97,Cheater,5,97,25,25,1,3,perfect,0,0,40,8,25,7,0,0,0,3e8efe994913d0c1fe774495e22670469cef29baf0c7ee786b586f4fc6243eec
cheater-5p-98,Cheater,5,98,25,25,1,3,perfect,0,0,40,8,25,7,0,0,0,ac921b415d5bc3b41431a7fa4285b0fbc62f57b6ad8b560acce50432b1e4553d
cheater-5p-99,Cheater,5,99,25,25,1,3,perfect,0,0,40,10,25,5,0,0,0,c2041dc979a77ca97221ec6a670ece2fa2d4aa837879ccd82204310304690076
cheater-5p-100,Cheater,5,100,25,25,1,3,perfect,0,0,43,10,25,8,0,0,0,07de12da556560cb277e2f40ee430fd53a3b3f0426883b7d161af51e292bbf30
cheater-5p-101,Cheater,5,101,25,25,1,3,perfect,0,0,41,9,25,7,0,0,0,53c0598207060fa0ccba1ac47a62594ccf57dae53d3ffa3e38a46b744e9fd077
cheater-5p-102,Cheater,5,102,25,25,1,3,perfect,0,0,44,11,25,8,0,0,0,32f85fa88b609ec9684f9be09e134c018db285f0c189a03f07127deaf30c4abf
cheater-5p-103,Cheater,5,103,24,24,0,3,tempo,0,1,47,13,24,10,0,0,0,bcfeaa10e49949fe838dc54d4d7da827dde18083df2c5332271fd8686ba9602e
cheater-5p-104,Cheater,5,104,25,25,1,3,perfect,0,0,32,5,25,2,0,0,0,039f7c3e86b0ecaa78ca80319b6730af2591b9366bb878fec7b004da47550308
cheater-5p-105,Cheater,5,105,25,25,1,3,perfect,0,0,38,7,25,6,0,0,0,c99dca0e8359b28621f51634052a139056a63dbd272c191806c2b839f1464dc8
cheater-5p-106,Cheater,5,106,25,25,1,3,perfect,0,0,39,8,25,6,0,0,0,c75ad90dc18271707ae8d31351f5c421e48ffe28bda0382be20e1cbb764f286b
cheater-5p-107,Cheater,5,107,25,25,1,3,perfect,0,0,41,9,25,7,0,0,0,2b6e9dc446ecee4b150d36ba89087f0ed7387da8dd422da261f2ac04ab285bbe
cheater-5p-108,Cheater,5,108,25,25,1,3,perfect,0,0,38,8,25,5,0,0,0,318f8e8d1c3a0e922ded146c493218518cfb2f572cbdb2f24c47fb24261722f4
cheater-5p-109,Cheater,5,109,25,25,1,3,perfect,0,0,41,10,25,6,0,0,0,157f558f9ff536c5846c8c74d2f590eae3b43a46a0e5c23b78b1b1298ef5c94b
cheater-5p-110,Cheater,5,110,25,25,1,3,perfect,0,0,32,5,25,2,0,0,0,982cd5bcb2429013963d24ed83b3d794aaf8ef1cc165b18c31ffdb12781dc941
cheater-5p-111,Cheater,5,111,25,25,1,3,perfect,0,0,43,11,25,7,0,0,0,32ae8cdaea0ee3c6930c20d6d2ed7ffb2dc34b0c28523ab3de5b5f772bb81d7e
cheater-5p-112,Cheater,5,112,25,25,1,3,perfect,0,0,42,10,25,7,0,0,0,9837333d881dff8a3e067c7ab0d704de6d55f1e95049263df312f1d9062aa414
cheater-5p-113,Cheater,5,113,25,25,1,3,perfect,0,0,35,6,25,4,0,0,0,f71c6f807d3c267724bece7b2bc9de19d7cfa4d64599c9cee748141d6231c4e1
cheater-5p-114,Cheater,5,114,25,25,1,3,perfect,0,0,35,6,25,4,0,0,0,e275745cc3f7d4cfce128b77751da088cace9b7315ad31c562679bfacffbeab1
cheater-5p-115,Cheater,5,115,25,25,1,3,perfect,0,0,38,8,25,5,0,0,0,4a83233343361cd8856d5b9db764d017fd9245142789f9c588b6032f6d0cc749
cheater-5p-116,Cheater,5,116,25,25,1,3,perfect,0,0,35,6,25,4,0,0,0,6aba94d64fd22a012435f035aa5de9c98b78ba9946745909d0a8cc8f87d881a2
cheater-5p-117,Cheater,5,117,25,25,1,3,perfect,0,0,41,9,25,7,0,0,0,073502ce23a70d5afc854b065cff450c6da682f8e2a01f674f3e41185ce5b182
cheater-5p-118,Cheater,5,118,25,25,1,3,perfect,0,0,39,8,25,6,0,0,0,51ecb6ae3abed99eb535b0509aa59539bba4068d44db7644944b5e2cacf8c4c0
cheater-5p-119,Cheater,5,119,25,25,1,3,perfect,0,0,37,6,25,6,0,0,0,7ddb81872bbc6ed6d3704d3fcabf5bcf1f6a761bea5880e9d680b48473bc9411
cheater-5p-120,Cheater,5,120,25,25,1,3,perfect,0,0,44,11,25,8,0,0,0,8003ec521b34e4166dc95d6ac79215fd46cf94261b179476774f06c9045abfdf
cheater-5p-121,Cheater,5,121,25,25,1,3,perfect,0,0,31,4,25,2,0,0,0,f79f0a9a2e143ede97863c2c7056de00ea8506a21bd4233cc8c72d2bed90620b
cheater-5p-122,Cheater,5,122,25,25,1,3,perfect,0,0,44,10,25,9,0,0,0,3b9feb6233c1478e693a5fe6c6a8a9e4332f7c7fc57cca54d66136708c695c3c
cheater-5p-123,Cheater,5,123,25,25,1,3,perfect,0,0,38,7,25,6,0,0,0,5fc2d1918b263220f5163726cd39531604cc13f6f7733e69f81eb3f7a8931200
cheater-5p-124,Cheater,5,124,25,25,1,3,perfect,0,0,35,6,25,4,0,0,0,13e0b0fbbb8cee3926a1d6e340a8ed422f1a7a9b8ab3c48423ee8a3d47a0a040
cheater-5p-125,Cheater,5,125,25,25,1,3,perfect,0,0,37,7,25,5,0,0,0,de98a8d95ea23e83f05e85fab4237f3a1e2f52b2e7c0554cbe334caea4b914ba
cheater-5p-126,Cheater,5,126,24,24,0,3,tempo,0,1,43,10,24,9,0,0,0,83b17e0f74000659c8c2b6ce59104bf00746ffe14d1c9a9bcd2c4c2c9e9bb2f3
cheater-5p-127,Cheater,5,127,25,25,1,3,perfect,0,0,41,9,25,7,0,0,0,a59969e8c5fd6e14fd26c15ba03c4d68d7b23fd38512632d4ba0b8fe06498f12
cheater-5p-128,Cheater,5,128,25,25,1,3,perfect,0,0,42,9,25,8,0,0,0,0dbdb9ff06265dd8acf667423f73a120e2f6398e1e0924f187f7a0b57c3a73ae
cheater-5p-129,Cheater,5,129,25,25,1,3,perfect,0,0,33,5,25,3,0,0,0,9612f0eaccdf3d048165810918ba9552894925402ce9d729b9660e7b14d8e9a1
cheater-5p-130,Cheater,5,130,25,25,1,3,perfect,0,0,38,7,25,6,0,0,0,603dd690729bc6919e13e70ac6820c26230a1c308f881098ad7e05eff0a10e28
cheater-5p-131,Cheater,5,131,25,25,1,3,perfect,0,0,39,9,25,5,0,0,0,cf066cdd396ae156dcb73bf721d5417e6288b0482a19f33fac299dce6adcefa7
cheater-5p-132,Cheater,5,132,25,25,1,3,perfect,0,0,41,9,25,7,0,0,0,bd0c9ba80cd91a9209ca6249d637d8e75c1e23d619caa29d0e5eff01e4136e3d
cheater-5p-133,Cheater,5,133,24,24,0,3,tempo,0,1,44,11,24,9,0,0,0,f2ad165b0ba10c708d8f3c2fdcfcc915e39462a935cc445cc6e45ca43a485e4e
cheater-5p-134,Cheater,5,134,25,25,1,3,perfect,0,0,42,9,25,8,0,0,0,c7a71f7f723a0e39faf86e06d390c2d573c5216192ff785fa6aeba8c8dda364e
cheater-5p-135,Cheater,5,135,24,24,0,3,tempo,0,1,47,13,24,10,0,0,0,7fa136b39f5b240958c6b880891567196e5069a09e8a32557d6609efa9ea8936
cheater-5p-136,Cheater,5,136,25,25,1,3,perfect,0,0,32,4,25,3,0,0,0,5bff8aac0914522a37eeed25a23a0022dc8b57458f24e7cee950d0b0ae7a1a78
cheater-5p-137,Cheater,5,137,25,25,1,3,perfect,0,0,44,12,25,7,0,0,0,f0ef9825ddb3f81c4114eb038f2cc6639d84e575a49c32b00f953d67096261f8
cheater-5p-138,Cheater,5,138,25,25,1,3,perfect,0,0,37,7,25,5,0,0,0,64597c12ba0709258b7751081e9609d09498e60ca58ca7c52a1ce12a534b71f1
cheater-5p-139,Cheater,5,139,25,25,1,3,perfect,0,0,40,9,25,6,0,0,0,1edddd49d0d3b1ac29d3c6786d3df96aa79567d6008b1de6f214ef5bb59e8aaa
cheater-5p-140,Cheater,5,140,25,25,1,3,perfect,0,0,41,8,25,8,0,0,0,0f0d5090477513daa7dc5090f2b8b4d8c837584f31b3161f8b57bcc97b7d159d
cheater-5p-141,Cheater,5,141,24,24,0,3,tempo,0,1,42,9,24,9,0,0,0,8235c42eb00a4b06e5c42fccd732463c43cc82bb5a016c4c8da73de726ba0651
cheater-5p-142,Cheater,5,142,24,24,0,3,tempo,0,1,45,11,24,10,0,0,0,decd14c38bfbcc6d0985fc7309c5d362c5523951b40e34b274515f573a06d3bc
cheater-5p-143,Cheater,5,143,25,25,1,3,perfect,0,0,41,9,25,7,0,0,0,052feceed29b4026c2aece1f0b95e03da27c0f4520a4b7dfae7294b6d33316d8
cheater-5p-144,Cheater,5,144,24,24,0,3,tempo,0,1,43,10,24,9,0,0,0,f4072b3dcb4512a16493ebbc30e0ff92f35f7de00cd163e732096a6cdd261c5d
cheater-5p-145,Cheater,5,145,25,25,1,3,perfect,0,0,38,8,25,5,0,0,0,2445c51914f3bd29461c67a6d96855b83e159f0e3f8f942d6343fad7c21c4ba4
cheater-5p-146,Cheater,5,146,25,25,1,3,perfect,0,0,40,8,25,7,0,0,0,d0774eb8aa2eaed5354f2335aaf52bc441821387b26bd999bb055cbb53369dcd
cheater-5p-147,Cheater,5,147,25,25,1,3,perfect,0,0,39,8,25,6,0,0,0,dc8e2b33e0656eba2d5562c1493d566597481299681fc218c3defb8f89836f18
cheater-5p-148,Cheater,5,148,24,24,0,3,tempo,0,1,44,11,24,9,0,0,0,92339c72fcb07164bf17b864e7d8c7fb14e60110c3ea8e1b80fb21ce7963c5aa
cheater-5p-149,Cheater,5,149,25,25,1,3,perfect,0,0,44,10,25,9,0,0,0,dfd375763fd68c564f03be4e4a89e3904de1b3ee26f3586846d5e56a7b563051
cheater-5p-150,Cheater,5,150,25,25,1,3,perfect,0,0,38,7,25,6,0,0,0,8621ab8c45ab79ddef1b298b923a3e8c12ac10386ffb70e40559a894acc61e80
cheater-5p-151,Cheater,5,151,25,25,1,3,perfect,0,0,38,7,25,6,0,0,0,e0d4dfd34b225ebeffab1fee6b5f3fc69a535222ca4764108e5db7901c0fe1ce
cheater-5p-152,Cheater,5,152,25,25,1,3,perfect,0,0,37,7,25,5,0,0,0,19576642d42bcca396014474b03414e11637187c92142a73eb0e4293f593e8df
cheater-5p-153,Cheater,5,153,25,25,1,3,perfect,0,0,34,5,25,4,0,0,0,800a0ff337d622a7d787b5a4c4d43823f1dd9af9b8b6346c1f05fb5795b28786
cheater-5p-154,Cheater,5,154,25,25,1,3,perfect,0,0,37,7,25,5,0,0,0,26963fb23e8610cce0b95b7998c17450be5e161a9335d3ffd26fcf8761594e38
cheater-5p-155,Cheater,5,155,24,24,0,3,tempo,0,1,42,9,24,9,0,0,0,5b8b7397b0788c87a6e988d12048a77c1c65b1c468c956e700bdcda1cb99b169
cheater-5p-156,Cheater,5,156,25,25,1,3,perfect,0,0,35,7,25,3,0,0,0,78c30090aeae45074ca81ebc38744ca251fa14d2a2141df8cc2bf7a09cc18041
cheater-5p-157,Cheater,5,157,25,25,1,3,perfect,0,0,43,10,25,8,0,0,0,384ba1129d7c8a9cb127f413996f3d97a7f7f63192b0877d51b297f2dc9f07d8
cheater-5p-158,Cheater,5,158,25,25,1,3,perfect,0,0,42,9,25,8,0,0,0,265d455fcde84295525aa956dca1940f2f03aa409fe78b5a424593ea6b8beb09
cheater-5p-159,Cheater,5,159,25,25,1,3,perfect,0,0,31,5,25,1,0,0,0,4e011ead4cccdc9a5f00d4fc7428579c29ac739e79decb2117e51b2cb2905a38
cheater-5p-160,Cheater,5,160,25,25,1,3,perfect,0,0,37,7,25,5,0,0,0,b68767bfee00f4498531c3328b88b67331f2eb5bea0eebd2a2a640c8e75936d1
cheater-5p-161,Cheater,5,161,25,25,1,3,perfect,0,0,42,10,25,7,0,0,0,3f790a95907a9a828192d8ddd0e8a2f6415517a009a9dfa73cb014cb049a0c32
cheater-5p-162,Cheater,5,162,25,25,1,3,perfect,0,0,34,6,25,3,0,0,0,0b631784ebd9d2cefa5ca2e92b7b0b41606f2f14c3fe9ba51903063c8893a280
cheater-5p-163,Cheater,5,163,25,25,1,3,perfect,0,0,41,9,25,7,0,0,0,0e7f5fdf3dcdd5e074fcb6f205a18c8bafe57055b8ca20b127309d66d49cfb73
cheater-5p-164,Cheater,5,164,25,25,1,3,perfect,0,0,39,8,25,6,0,0,0,a509611c7cecf606f7782671561b8f96bb62d5f10656d1c7bf186f3ab2216ef2
cheater-5p-165,Cheater,5,165,23,23,0,3,tempo,0,1,45,12,23,10,0,0,0,140d45ffc4b4bbca12607fc21c4c0721829e1bbbab55a1009d749f38d74e8909
cheater-5p-166,Cheater,5,166,25,25,1,3,perfect,0,0,43,10,25,8,0,0,0,98514edc6cd00303bf8442c5c66b9b57265fbd9213b21d5a3de23bb8de93dc57
cheater-5p-167,Cheater,5,167,25,25,1,3,perfect,0,0,27,2,25,0,0,0,0,24ec1a0a1ea3962576c5eb68b9e5bc919b49bc7bc44be0a968f6a849a3c45077
cheater-5p-168,Cheater,5,168,23,23,0,3,tempo,0,2,47,13,23,11,0,0,0,2712aa69440d21e741fa504b17923db82b3a7caf0b04007b76e47772d61a251f
cheater-5p-169,Cheater,5,169,25,25,1,3,perfect,0,0,40,9,25,6,0,0,0,46ec781e3d967599eabe30edbd15f12f8569e2fe0817c02373cd32c11ecde79d
cheater-5p-170,Cheater,5,170,25,25,1,3,perfect,0,0,38,7,25,6,0,0,0,6d0c2e40f055dab507d018695fc157aff58b167afc7b2a23fff6fa40e802ba6a
cheater-5p-171,Cheater,5,171,25,25,1,3,perfect,0,0,33,5,25,3,0,0,0,f01c0832061ca9748fb0865157f1cbce791cafdc875bbe02ebe7e081ce789ff8
cheater-5p-172,Cheater,5,172,25,25,1,3,perfect,0,0,42,10,25,7,0,0,0,f06c6068ba31dd6b0eda70da27c7413aa1ab3eddb61a9c7d79f75395f033097b
cheater-5p-173,Cheater,5,173,25,25,1,3,perfect,0,0,32,4,25,3,0,0,0,a5ad819d82837a0721568f03d560737ca1af4263406330861b6774e8f2554c04
cheater-5p-174,Cheater,5,174,25,25,1,3,perfect,0,0,38,7,25,6,0,0,0,bd4157ef631efd36e3f6a4790593e4620bfb65ac2539ba29e0351cf5a71dacba
cheater-5p-175,Cheater,5,175,25,25,1,3,perfect,0,0,43,11,25,7,0,0,0,f0c9a73a45c3a44a54c31db647ca08c1757446518644dd85507c0aaf1616c0af
cheater-5p-176,Cheater,5,176,25,25,1,3,perfect,0,0,36,7,25,4,0,0,0,c5cebf30baf6bd47e437dd5d80461ae620cdb6683387f7ab703fe65736890f03
cheater-5p-177,Cheater,5,177,25,25,1,3,perfect,0,0,43,10,25,8,0,0,0,d33c10cc9bd349c63fc7efd2cbf367acc342553a21f992af716ad5d353678fd0
cheater-5p-178,Cheater,5,178,25,25,1,3,perfect,0,0,38,7,25,6,0,0,0,bb25b09926861c6105dca574356634db21f5cc56ed7891494c7f233d89f8406e
cheater-5p-179,Cheater,5,179,24,24,0,3,tempo,0,1,46,12,24,10,0,0,0,3326c265b5cf46b01a20b96a5ff46cc62173a28cf000995a6b04e813592c80b2
cheater-5p-180,Cheater,5,180,25,25,1,3,perfect,0,0,43,10,25,8,0,0,0,c68cfd4cb260701f9d963f5db5df918bbfc2ea817d61a69673d7824fb2adaeaa
cheater-5p-181,Cheater,5,181,25,25,1,3,perfect,0,0,36,6,25,5,0,0,0,8e57c8a2fa4a4d626c23c39f20abd691014fb730cf5d232e50cc3b7ec679fc5c
cheater-5p-182,Cheater,5,182,25,25,1,3,perfect,0,0,39,8,25,6,0,0,0,0bf98bf85a38300f52e8ae299ac17c732bab683f901c3d323e2b395c98dd7609
cheater-5p-183,Cheater,5,183,23,23,0,3,tempo,0,2,45,12,23,10,0,0,0,e7f3e2a76498b2a6d8684707489ca4e77e852ab5397501296f0f4593fd323180
cheater-5p-184,Cheater,5,184,25,25,1,3,perfect,0,0,36,6,25,5,0,0,0,6295d44e22f02578c04fb1a179b10cd11d46252a3cd102a011538515857b7997
cheater-5p-185,Cheater,5,185,25,25,1,3,perfect,0,0,40,8,25,7,0,0,0,71d86af2f73faa99644571d06d8bf39715ce81aa4d412170a6dc290be167e1a3
cheater-5p-186,Cheater,5,186,25,25,1,3,perfect,0,0,36,6,25,5,0,0,0,06c9dc4836d55fac193c843e117e4fcdade50b1ac06fe068e1fce7ebbb1180c7
cheater-5p-187,Cheater,5,187,25,25,1,3,perfect,0,0,36,6,25,5,0,0,0,a7f6260826050620db71016e50a9d43c6f1370663c06e915fdad25ddf0928258
cheater-5p-188,Cheater,5,188,25,25,1,3,perfect,0,0,41,10,25,6,0,0,0,39155ecb33d5dc113b453cfe146a502cfb7a3dd30c04cab053b4179d45a65653
cheater-5p-189,Cheater,5,189,25,25,1,3,perfect,0,0,43,10,25,8,0,0,0,8834b7290f2366191a21c0fa9c713af8a3d08b28328ffeb32a0d112b79c4a4db
cheater-5p-190,Cheater,5,190,22,22,0,3,tempo,0,2,45,12,22,11,0,0,0,94292ce46ac4b10ec4181756d9361dae652d043a21ac1c329a15c569d3e04c29
cheater-5p-191,Cheater,5,191,25,25,1,3,perfect,0,0,40,9,25,6,0,0,0,2495e93e4b29f2ee02d749b4b33a45c83dc3a7c9a869e8da2751bc83124a81a2
cheater-5p-192,Cheater,5,192,25,25,1,3,perfect,0,0,42,10,25,7,0,0,0,74728e1d244d2be8ed277790f9f2b7a80d4607f5c84dbc7feeac7c72acfea6fb
cheater-5p-193,Cheater,5,193,25,25,1,3,perfect,0,0,42,10,25,7,0,0,0,25d0987682286bd101bf795932d1725ac116c5c835c44c57da7f8fc8e6fa7506
cheater-5p-194,Cheater,5,194,25,25,1,3,perfect,0,0,44,11,25,8,0,0,0,2265a5e5d3076bbb7f1f8e6c44c200eec014a50f924c730d9f29212acc376f85
cheater-5p-195,Cheater,5,195,25,25,1,3,perfect,0,0,33,4,25,4,0,0,0,5f39670c1acb42c2688f682751a1bc2928dd68a79387fd3f16227570aef13da0
cheater-5p-196,Cheater,5,196,25,25,1,3,perfect,0,0,39,9,25,5,0,0,0,b5cd9025d5d9e28c1ef6e06fb5e1efb1cefd41b7158d3eb34bd672da9450b518
cheater-5p-197,Cheater,5,197,25,25,1,3,perfect,0,0,45,11,25,9,0,0,0,eadbde85938c7e266caf75db8da346fc9682e249222520931f6fdf12907f2c1f
cheater-5p-198,Cheater,5,198,25,25,1,3,perfect,0,0,36,7,25,4,0,0,0,459221c88f6c14963a6874bd02bbf11c5de17a950c60c947a5d6be177e5e9ff4
cheater-5p-199,Cheater,5,199,24,24,0,3,tempo,0,1,43,10,24,9,0,0,0,55cbe9aa431e32f875f144a5d2c698e81dc061f064af4667157204f01ba8f470
cheater-5p-200,Cheater,5,200,25,25,1,3,perfect,0,0,44,11,25,8,0,0,0,567c675328c78cb38d906b650952f5f404a99ec71c33e59c59f57f75905efc3a
cheater-5p-201,Cheater,5,201,25,25,1,3,perfect,0,0,33,4,25,4,0,0,0,63e1e313478991f5be0e3ac433e275ca062c62fb9d5dbe975fbf519ef051d948
cheater-5p-202,Cheater,5,202,25,25,1,3,perfect,0,0,45,12,25,8,0,0,0,47677e9157f70c6be822a92f1b67f3cd0e9b15ee4426a5c0d60632eb0241e36d
cheater-5p-203,Cheater,5,203,25,25,1,3,perfect,0,0,37,7,25,5,0,0,0,02ca4fc649b63dc16538ad2585cd2f65a75d68129015c8b4181079ef4e200fa1
cheater-5p-204,Cheater,5,204,25,25,1,3,perfect,0,0,43,10,25,8,0,0,0,46f547e3f97b25e33ef47d8be3f9ab1d5f39f1f5d6d16a8a53f7d9ed184edfb0
cheater-5p-205,Cheater,5,205,25,25,1,3,perfect,0,0,39,8,25,6,0,0,0,252685d29f72fa6d9abdfafc782d9c27ddeb79a2b58e7f98426b9cf8f2d17fcc
cheater-5p-206,Cheater,5,206,25,25,1,3,perfect,0,0,39,8,25,6,0,0,0,1ef1f280eeb3d460ab15bf73cdd080a0f9e4368027617591b3bcba58b61ef513
cheater-5p-207,Cheater,5,207,25,25,1,3,perfect,0,0,36,6,25,5,0,0,0,90ad671c89be3ac6bb0cbd6f3b837f432c62d0658e080dffab0c6165818b75c4
cheater-5p-208,Cheater,5,208,25,25,1,3,perfect,0,0,32,4,25,3,0,0,0,bd24f3314f8e943c5b0edac1f5f7aa4a084b569b224bb9a26ba4fe2aa1750ffa
cheater-5p-209,Cheater,5,209,25,25,1,3,perfect,0,0,41,9,25,7,0,0,0,3f5db94188475386a9b630d7d85743d113420aadde008b9df5a80c3729f377f9
cheater-5p-210,Cheater,5,210,25,25,1,3,perfect,0,0,42,9,25,8,0,0,0,b7d268addb91f16da8412f915c79f341aa3b5c88301b2164aa00f458eac3cbb3
cheater-5p-211,Cheater,5,211,24,24,0,3,tempo,0,1,45,12,24,9,0,0,0,be28f1596a885de911d6b0faed75094675781ad187db3702cb89f080c61fc3b8
cheater-5p-212,Cheater,5,212,25,25,1,3,perfect,0,0,41,9,25,7,0,0,0,edef5559487f7cd0bce48e67263310d91cebcab023a243c98cf9cbf6bad8a743
cheater-5p-213,Cheater,5,213,25,25,1,3,perfect,0,0,42,9,25,8,0,0,0,6bbf033d191adb5e573834d4e07e398defb488947edf1e5321c822d033af6a43
cheater-5p-214,Cheater,5,214,25,25,1,3,perfect,0,0,43,10,25,8,0,0,0,5102338da62b8bafbf1bbf5680f0dcd684a86219298325f8ecf118e34868a2cc
cheater-5p-215,Cheater,5,215,25,25,1,3,perfect,0,0,38,7,25,6,0,0,0,b92b06e462d270a3687db26a7df7271cf1e76f5f84b70e31c9e8dce9834075ef
cheater-5p-216,Cheater,5,216,25,25,1,3,perfect,0,0,41,9,25,7,0,0,0,45285f4542567af9879c8899a79e32fc6f3f66a0a7b1dc1d654ca37b5158a152
cheater-5p-217,Cheater,5,217,24,24,0,3,tempo,0,1,44,11,24,9,0,0,0,981e81decd5ad13e4d266e3085542e31e2d0e8660bd3c1bdf61e50c494191249
cheater-5p-218,Cheater,5,218,25,25,1,3,perfect,0,0,43,10,25,8,0,0,0,b312c114c413c874ed395b065bc781cf902b5ae84f3d4615d1e5c01fb141e517
cheater-5p-219,Cheater,5,219,25,25,1,3,perfect,0,0,34,6,25,3,0,0,0,3199c1b8b4a7fd9e559a7fb6338211d1b11c2878b70874d889af4bace4fa382d
cheater-5p-220,Cheater,5,220,24,24,0,3,tempo,0,1,43,10,24,9,0,0,0,3dca95904b30c0814b9924c9052f26007575a18e10f86e66c7ab9ed922b4db77
cheater-5p-221,Cheater,5,221,25,25,1,3,perfect,0,0,33,6,25,2,0,0,0,d744c0b5b0493e7bcc5ea4d85271224eea1b80a6c447881b3a8458e8ac6a6118
cheater-5p-222,Cheater,5,222,25,25,1,3,perfect,0,0,44,11,25,8,0,0,0,20c6221b473925053cbc1e3d7bfc11f7ed283de376d8f5740fb38c24b10ddd96
cheater-5p-223,Cheater,5,223,25,25,1,3,perfect,0,0,40,9,25,6,0,0,0,2a1be5ea38e30b005707d45d181c2410180c2302de1ba5fe055f87321ca877ba
cheater-5p-224,Cheater,5,224,25,25,1,3,perfect,0,0,40,8,25,7,0,0,0,2cc5cebe24eede8fefb1cd9d385768c1953dfe26f566df5198a040f505c56d87
cheater-5p-225,Cheater,5,225,25,25,1,3,perfect,0,0,36,7,25,4,0,0,0,f5b0b2cb048957e07c204e18d5aac3e020eea0430617a4fca5150fbe194df1c9
cheater-5p-226,Cheater,5,226,25,25,1,3,perfect,0,0,41,9,25,7,0,0,0,021b655e3803ce9af711fee8c8af041637a5e99594b4dcc084fe2cfbef16ad4d
cheater-5p-227,Cheater,5,227,24,24,0,3,tempo,0,1,46,13,24,9,0,0,0,5aa8ef57999c850804db5c95d2a7e06a4a4f068fe6f6ce3a9288157234565ab6
cheater-5p-228,Cheater,5,228,25,25,1,3,perfect,0,0,38,8,25,5,0,0,0,d58b5155906514f54da727925eb5a5c6b7ef78784354dabea4281aae6ff4fb61
cheater-5p-229,Cheater,5,229,23,23,0,3,tempo,0,2,47,13,23,11,0,0,0,8883c923b5c56d4a27e5e4a0d3cbb2b3172e9b976191b4e469ebaaa5ac690ba1
cheater-5p-230,Cheater,5,230,24,24,0,3,tempo,0,1,45,12,24,9,0,0,0,0de87e1ad6f945758584d78bdc0a623bcc067444c9eeca1225ba75c3baa7882e
cheater-5p-231,Cheater,5,231,24,24,0,3,tempo,0,1,45,12,24,9,0,0,0,8298a17100ed7c836f427a4ae4c10bf35a392fb4dd8a2db1d5669604970dd230
cheater-5p-232,Cheater,5,232,25,25,1,3,perfect,0,0,37,7,25,5,0,0,0,bf04bd92dd73f9fd4003b39c823301d0e92d34cd227f524c7024a288c50394fb
cheater-5p-233,Cheater,5,233,25,25,1,3,perfect,0,0,42,9,25,8,0,0,0,eebab909a0d8c6bbc184082a304d82a7d315ad9be7296b2ba099f49120bc28d5
cheater-5p-234,Cheater,5,234,24,24,0,3,tempo,0,1,44,11,24,9,0,0,0,63ab35f875c3039f595088a9cbdbedcd8887684eefa057a1392ceae50f229116
cheater-5p-235,Cheater,5,235,25,25,1,3,perfect,0,0,41,8,25,8,0,0,0,939ffadf9d01c0ff45d9dbde6229c24c1f8e22e50970ffee447677df4b1a662b
cheater-5p-236,Cheater,5,236,24,24,0,3,tempo,0,1,44,11,24,9,0,0,0,aa35963210720462d918ed44dfdb5a665f099a41f04c0cf5bebbafa532141dec
cheater-5p-237,Cheater,5,237,25,25,1,3,perfect,0,0,44,11,25,8,0,0,0,e470bd9c12ce5b092cb653dec1aa1096f6f117b17b1a33e078e547833ca66c29
cheater-5p-238,Cheater,5,238,25,25,1,3,perfect,0,0,41,9,25,7,0,0,0,f6be29176e1fc5ba557e5ab9ec3f0c7063a6c1718b22b7457ade99aeda9b76a6
cheater-5p-239,Cheater,5,239,25,25,1,3,perfect,0,0,38,8,25,5,0,0,0,3b50d5a65cd7bb2b713006071fa09d779533b7f01d1a6d3e616f7a3dd14d82fe
cheater-5p-240,Cheater,5,240,25,25,1,3,perfect,0,0,42,9,25,8,0,0,0,f713fc3336638b6418350fba8527caabd0939ff16bf42a74f3a0c361d07b4936
cheater-5p-241,Cheater,5,241,25,25,1,3,perfect,0,0,37,7,25,5,0,0,0,6c393b1f3f7b375c07b82b8dc5d44bd2650d8ac0a7bafcfcb7512de51d8d07f9
cheater-5p-242,Cheater,5,242,25,25,1,3,perfect,0,0,42,10,25,7,0,0,0,15b4cb7215c908ff015a9fd416ccd727d5cf5c67dd3fc500ab8b6403f907af91
cheater-5p-243,Cheater,5,243,25,25,1,3,perfect,0,0,38,8,25,5,0,0,0,88a9a8b8e92978f040773b920872ee789f04684c0e6c51ac65f4ea4aaeaef08c
cheater-5p-244,Cheater,5,244,25,25,1,3,perfect,0,0,36,8,25,3,0,0,0,d4f1972d223c0930223aca8bcec3e2b0c9f6ff12e1fe0cb9308fdd3f7453a1b5
cheater-5p-245,Cheater,5,245,25,25,1,3,perfect,0,0,29,3,25,1,0,0,0,cf9499bac809e79d87c022c928325ce316d9e4affcb9b3bcebd04ea1f53e0940
cheater-5p-246,Cheater,5,246,24,24,0,3,tempo,0,1,46,13,24,9,0,0,0,08bb56f42fb768e939475f63526fd72c54b6a9c3434d28ab1184c6fb73d3b2da
cheater-5p-247,Cheater,5,247,25,25,1,3,perfect,0,0,44,11,25,8,0,0,0,68f985fae4f7110046a18b172c25312445180f2492ee416e26102d25e4d4e7f8
cheater-5p-248,Cheater,5,248,25,25,1,3,perfect,0,0,43,10,25,8,0,0,0,06af237a7363bc6028455d039da809db630495542532227ac97fd17990b80174
cheater-5p-249,Cheater,5,249,25,25,1,3,perfect,0,0,43,10,25,8,0,0,0,6b4537f1cb1b13756b50a0a32ef2303e857c85b0c1b05533a8bbfaf7f03e9106
cheater-5p-250,Cheater,5,250,25,25,1,3,perfect,0,0,39,9,25,5,0,0,0,328b0a38411708e40ed689f938f4659b0a2b161c8f6cfa50a9d2be2548238662
cheater-5p-251,Cheater,5,251,25,25,1,3,perfect,0,0,38,8,25,5,0,0,0,20362daf0663b389091f97cfd1075553a3982ae1dc76ad827b13873f0bb9eac5
cheater-5p-252,Cheater,5,252,25,25,1,3,perfect,0,0,44,11,25,8,0,0,0,e5efa59b6a46d4ff5ad6185a987829e643b9d2add646160c776fb5890b63edd0
cheater-5p-253,Cheater,5,253,25,25,1,3,perfect,0,0,42,9,25,8,0,0,0,bb8e77d27863f5ab7b765a8579c0eb1f179ed4481db7d4a9d30f9efa904925d2
cheater-5p-254,Cheater,5,254,25,25,1,3,perfect,0,0,34,6,25,3,0,0,0,b49f657b726303ead4b7edd5f0de50502439620e5dbbcb2c3494273e86e16f23
cheater-5p-255,Cheater,5,255,25,25,1,3,perfect,0,0,38,8,25,5,0,0,0,5267a58ec704f71011e1d9d35ed020ca4e627d2db16f875c37dccdad9ec59159
cheater-5p-256,Cheater,5,256,25,25,1,3,perfect,0,0,44,10,25,9,0,0,0,813d6984cb93908656333e896fd79d4a6b3c336bab8b1e4204416a84c651289e
cheater-5p-257,Cheater,5,257,25,25,1,3,perfect,0,0,40,8,25,7,0,0,0,afb88d4c39a7f92801b93a2ddf38eedfe5bae4c25c0c6c8d3259956df57cc6f2
cheater-5p-258,Cheater,5,258,25,25,1,3,perfect,0,0,40,9,25,6,0,0,0,7388c9aeaffd99412946e760927a178343577052b4bbc829545ffb9306a5b2d2
cheater-5p-259,Cheater,5,259,25,25,1,3,perfect,0,0,32,4,25,3,0,0,0,ee3791de6dee166ce48ff8d098d3c996988fd977a90cd73b4c717bb74e2d4d54
cheater-5p-260,Cheater,5,260,24,24,0,3,tempo,0,1,44,11,24,9,0,0,0,60b02034febe3edb03c9feb702d7f508c7466aebc339f5d01acf102d0baa93eb
cheater-5p-261,Cheater,5,261,25,25,1,3,perfect,0,0,39,9,25,5,0,0,0,ee01a19fe673fbc4a4d7f08950977934d183704cb4275ec462c7c029716a5a59
cheater-5p-262,Cheater,5,262,25,25,1,3,perfect,0,0,42,10,25,7,0,0,0,3b73d71c4e155de16e2665ac28b0cd906697bdcf78b1788db20f9bbf36ded5bb
cheater-5p-263,Cheater,5,263,24,24,0,3,tempo,0,1,43,10,24,9,0,0,0,cb946d507f5e32f5d32c922fc39f84763e937e8328ec10df329f7af60a202375
cheater-5p-264,Cheater,5,264,25,25,1,3,perfect,0,0,44,11,25,8,0,0,0,a5e21e154309b1ac9beacf026a84f751df7041453bf3a240eccf954f88a6ca8a
cheater-5p-265,Cheater,5,265,25,25,1,3,perfect,0,0,41,9,25,7,0,0,0,9c0f7e3cad28fcb9aa727f57439b7d5231fbf6346fb72862017f96ff0cd7224d
cheater-5p-266,Cheater,5,266,25,25,1,3,perfect,0,0,42,9,25,8,0,0,0,ac2d4aadc635a362a2c64de40ab5eab0cff4e3fa69eb45944ad052191a9cca38
cheater-5p-267,Cheater,5,267,25,25,1,3,perfect,0,0,42,10,25,7,0,0,0,e20dbefa6e20015e738ecc4f70a27190029329100a0ee2df3410b996212a2a20
cheater-5p-268,Cheater,5,268,25,25,1,3,perfect,0,0,36,6,25,5,0,0,0,4821239ff4d616704b557f189344b198da31232f9f8d241074a0823903a90750
cheater-5p-269,Cheater,5,269,25,25,1,3,perfect,0,0,39,9,25,5,0,0,0,6823241c4d8d9eafb834dbeb04bc2fd436538f2935d63d5d57c8f7fb284d6fb3
cheater-5p-270,Cheater,5,270,25,25,1,3,perfect,0,0,39,8,25,6,0,0,0,b89b2a18344ebb56e9aa81d8e8f79541906eee78fe698b77db3f382ac7b1eae2
cheater-5p-271,Cheater,5,271,25,25,1,3,perfect,0,0,31,4,25,2,0,0,0,4f9e62c97f7aad3ca055efff7525aa290878a9e3f4be893a8eadbb21efc839f4
cheater-5p-272,Cheater,5,272,25,25,1,3,perfect,0,0,42,9,25,8,0,0,0,261da201b171d34181438cdf0d2eebdb434798ad3d25c2339485fbc2ace1bef7
cheater-5p-273,Cheater,5,273,25,25,1,3,perfect,0,0,36,6,25,5,0,0,0,db184b7e2154ff46210bda918fc93a020fb57eb1924fd81bbec7c8870c708231
cheater-5p-274,Cheater,5,274,25,25,1,3,perfect,0,0,42,9,25,8,0,0,0,3015fcd8710c1bff8593e695ae302e515357078ecefa8c846e3e96318000d8af
cheater-5p-275,Cheater,5,275,24,24,0,3,tempo,0,1,45,12,24,9,0,0,0,1488c551b0523d0c7363493d80a4a751619085b086da36118a847a4301d719b5
cheater-5p-276,Cheater,5,276,25,25,1,3,perfect,0,0,37,8,25,4,0,0,0,a7e173c0aec1830d06c82d178aec0bdef61200d1b21d51b3d6f96c617ce2b043
cheater-5p-277,Cheater,5,277,25,25,1,3,perfect,0,0,34,6,25,3,0,0,0,0415843e972a5e8cdbe85bd1c38aa208a2b8f885b97641c3732a449b7d8d936d
cheater-5p-278,Cheater,5,278,24,24,0,3,tempo,0,1,44,11,24,9,0,0,0,bbe45e86140dc98253ad4126b1585355e22d251b8bc3f1baeb5ca590137ce2e4
cheater-5p-279,Cheater,5,279,25,25,1,3,perfect,0,0,38,8,25,5,0,0,0,30e961668405166a80228b89b16557c58cd2a30791224c8b99373597d1a7b49a
cheater-5p-280,Cheater,5,280,25,25,1,3,perfect,0,0,43,10,25,8,0,0,0,180d200f75455c1940ade9ad8efa472e84b4c79ed986ac7489f5000a04e33a82
cheater-5p-281,Cheater,5,281,25,25,1,3,perfect,0,0,41,9,25,7,0,0,0,c6d5a07179c9403a653f9ac4a9a477a616f4f1067dbd17be988b213f23318493
cheater-5p-282,Cheater,5,282,25,25,1,3,perfect,0,0,37,6,25,6,0,0,0,2a492debd21928f812a7675a3b07816c51da929dd17f5a545b016b743f7dc2fd
cheater-5p-283,Cheater,5,283,25,25,1,3,perfect,0,0,34,5,25,4,0,0,0,cb3e076a702b6456a4a52d3a6515a1f91a12fc467b48d71ca65d15ad5a906fc0
cheater-5p-284,Cheater,5,284,25,25,1,3,perfect,0,0,42,10,25,7,0,0,0,18310aecd435c80a3f0f836559c039157d30558be680fbfa7d878faa405c77da
cheater-5p-285,Cheater,5,285,25,25,1,3,perfect,0,0,36,7,25,4,0,0,0,708b881a4e08adeba425de51703dd85636c45322de1636fdefbf32f7e24a6326
cheater-5p-286,Cheater,5,286,24,24,0,3,tempo,0,1,44,11,24,9,0,0,0,00654649038d3556eef432535ae115294eb0c8ce70005fef69f782ba5532df19
cheater-5p-287,Cheater,5,287,25,25,1,3,perfect,0,0,37,8,25,4,0,0,0,e3daf244be1a20c841208ae4a3316eb14ae5cd01a35bb83df2d6a4ba255c88bf
cheater-5p-288,Cheater,5,288,21,21,0,3,tempo,0,1,46,13,21,12,0,0,0,a558c4eef6568d63d4d5dc5008251b0de6c5a42c9976dec598c4d4829c123ef1
cheater-5p-289,Cheater,5,289,25,25,1,3,perfect,0,0,34,5,25,4,0,0,0,7a215d4726cc8954954998ece82a82505783a22f1099d55aea31ff263b475913
cheater-5p-290,Cheater,5,290,25,25,1,3,perfect,0,0,41,9,25,7,0,0,0,5bd9a45a950c0825a44a1f4c156f0a3fef82ddd6c827c7cb7d4b8ded88919465
cheater-5p-291,Cheater,5,291,25,25,1,3,perfect,0,0,40,9,25,6,0,0,0,62e2fa891e5afec8d048c9998164ce77c2da1671aac853d638bb716d30ebbb5f
cheater-5p-292,Cheater,5,292,25,25,1,3,perfect,0,0,43,10,25,8,0,0,0,eebf52906f9c265f3737453bd7595fdd2a39f3b4133b45a49b7332771cccd92e
cheater-5p-293,Cheater,5,293,25,25,1,3,perfect,0,0,44,11,25,8,0,0,0,d87e414b2586f0a6d720ec93efeaa0b6a46e4d6146e17e2238d8587c02847b0c
cheater-5p-294,Cheater,5,294,25,25,1,3,perfect,0,0,35,7,25,3,0,0,0,686e7244c07df7754b4fda4a613a22e712fb2f436643e4cc04f2d38e54e80fc4
cheater-5p-295,Cheater,5,295,24,24,0,3,tempo,0,1,44,11,24,9,0,0,0,7619118782082a50d51e157357a86caa76f30b7a6f42b151962158bc2da46d41
cheater-5p-296,Cheater,5,296,25,25,1,3,perfect,0,0,38,7,25,6,0,0,0,cc8724ec128f295d49ec7e4c40472c6a95c2f5c790f9cdd5025640ae2983f526
cheater-5p-297,Cheater,5,297,25,25,1,3,perfect,0,0,31,4,25,2,0,0,0,b48a9a215fb2686a2b6e31236aa30b698980840e7ca27fd1e513537a9ff68493
cheater-5p-298,Cheater,5,298,25,25,1,3,perfect,0,0,34,5,25,4,0,0,0,dffcdfb1bf435db8a42d69f1ca2a8a99aebe0f13b337c628d70b10e6ec7ca508
cheater-5p-299,Cheater,5,299,25,25,1,3,perfect,0,0,35,6,25,4,0,0,0,beb48d406a0dfcce9fc700f43b6f998b4944f6386961d871a987cac646b45bfb
cheater-5p-300,Cheater,5,300,25,25,1,3,perfect,0,0,41,9,25,7,0,0,0,3b570a809445369b9d9310d09b48b1ff1f650927d2a84ce478f57fbc4bd4c3b8
cheater-5p-301,Cheater,5,301,23,23,0,3,tempo,0,2,47,13,23,11,0,0,0,679b4b4c602ff027ba93a45f7f5fedf1e660deb489a7e0fd8770fc2facf43537
cheater-5p-302,Cheater,5,302,25,25,1,3,perfect,0,0,38,7,25,6,0,0,0,d6c5f2f62f79668531e9177beddad267f85657bb55e2538cbe268518c2519576
cheater-5p-303,Cheater,5,303,25,25,1,3,perfect,0,0,41,8,25,8,0,0,0,97c87cdaf01947677207119e82fce6e034363a7fc380d4e133c14f46d8157e98
cheater-5p-304,Cheater,5,304,24,24,0,3,tempo,0,1,44,11,24,9,0,0,0,4a4ea86b67bb22902971be5ed42f45652f433e3068fbb54d3f7924f8b528691d
cheater-5p-305,Cheater,5,305,25,25,1,3,perfect,0,0,37,7,25,5,0,0,0,c4598bef1bc5f060157af038eb0bd1f534470728ccdd61ac8c63af0970e24fa1
cheater-5p-306,Cheater,5,306,25,25,1,3,perfect,0,0,35,6,25,4,0,0,0,e7ff006adaa28b1dab1df21b536023536926b187e9fc8090256c22e150c123da
cheater-5p-307,Cheater,5,307,25,25,1,3,perfect,0,0,40,9,25,6,0,0,0,409badc4f900827e485ac471061ad3233808c385b8b54c43c9c9621096f4ed04
cheater-5p-308,Cheater,5,308,25,25,1,3,perfect,0,0,42,10,25,7,0,0,0,444c6e50c6cdee4351bb1584ff226ba81831497dcf60c72597fa483e9b30669d
cheater-5p-309,Cheater,5,309,24,24,0,3,tempo,0,1,43,10,24,9,0,0,0,87c207f9f3b01690823e314708cd5a6f4e8808932442ba3f16ca9f6b25ccd4f9
cheater-5p-310,Cheater,5,310,25,25,1,3,perfect,0,0,31,4,25,2,0,0,0,485c01ce8113761652407903855f308ab024a89d0c7e8d4cb9aeb6612c839b9b
cheater-5p-311,Cheater,5,311,25,25,1,3,perfect,0,0,41,9,25,7,0,0,0,def85d74db5092b0f8a7cf59abdca587765a69e55bc5ee98dce0fdab448fec12
cheater-5p-312,Cheater,5,312,25,25,1,3,perfect,0,0,42,10,25,7,0,0,0,97ca6eb1475a42812ff4808010e3dc2b62478fbfb5c0f0477ba3c097c9888a8f
cheater-5p-313,Cheater,5,313,25,25,1,3,perfect,0,0,33,6,25,2,0,0,0,1405986489a7c28726f3ae43f220ac40407e10a6940646aab497fe499fa956af
cheater-5p-314,Cheater,5,314,24,24,0,3,tempo,0,1,43,10,24,9,0,0,0,41bb858e9b8adf6fb27e378c1236c4913da9cbb9caca3bedfe488ef3cc3c8d2e
cheater-5p-315,Cheater,5,315,25,25,1,3,perfect,0,0,39,8,25,6,0,0,0,abfe33856ee2e5c7d39849ca27509ba40f37f62584bc07047232f7d4335a8545
cheater-5p-316,Cheater,5,316,23,23,0,3,tempo,0,2,44,11,23,10,0,0,0,1f76241f42597bfa5792f8ac3be8f14ed988641eeb3404e8cc0fe3a19cffccbe
cheater-5p-317,Cheater,5,317,24,24,0,3,tempo,0,1,44,11,24,9,0,0,0,2ac395c52146c46917ccb81c9500eb7704616a321a86f6055114252147a7e4c9
cheater-5p-318,Cheater,5,318,25,25,1,3,perfect,0,0,39,8,25,6,0,0,0,2ef1762710c262d40adb86df010eb4323fecc57331f1b99e59a872d468c1d9ca
cheater-5p-319,Cheater,5,319,25,25,1,3,perfect,0,0,45,11,25,9,0,0,0,de06db24053f30466f9b06a7642e20a049ecd89e4ccba384da9863e7f7289a37
cheater-5p-320,Cheater,5,320,25,25,1,3,perfect,0,0,40,9,25,6,0,0,0,988b8b207734e441d4fd04c49c3a188aab4fdea368e13969c66b216ca3808504
cheater-5p-321,Cheater,5,321,25,25,1,3,perfect,0,0,36,6,25,5,0,0,0,9d94dda8d38697fc6583e75a7957ad88730cec5c9f34c493fd83877623bc02e9
cheater-5p-322,Cheater,5,322,25,25,1,3,perfect,0,0,39,8,25,6,0,0,0,9922dbc928f68d06aa10cd54cc5e5d46cef978d99b6dc71001c3dfaf9f87ba44
cheater-5p-323,Cheater,5,323,25,25,1,3,perfect,0,0,42,9,25,8,0,0,0,a00ce05139524693798d5ffb82ecf6277595b2dbb219015db898d8ef40c91da0
cheater-5p-324,Cheater,5,324,25,25,1,3,perfect,0,0,29,3,25,1,0,0,0,510f054f412e700a82143c48e915f824eef45576bfa9943504d3acce328e033f
cheater-5p-325,Cheater,5,325,24,24,0,3,tempo,0,1,46,12,24,10,0,0,0,64b0c2b8fc56dc397405b603088db16cd731a6e519840ef7fe318872b2ec7084
cheater-5p-326,Cheater,5,326,25,25,1,3,perfect,0,0,39,8,25,6,0,0,0,e422155604d93192edecfe0b122c6032b9191a66fb7ca11c1823a47cd83aa2e1
cheater-5p-327,Cheater,5,327,25,25,1,3,perfect,0,0,40,9,25,6,0,0,0,ecf428af25ad7024f384c0e8e772c98e4fbd5dbd629d4fc1cc49d6129a59d34f
cheater-5p-328,Cheater,5,328,25,25,1,3,perfect,0,0,46,12,25,9,0,0,0,c215c022cc3305a7a95e68a9881df38a1c3bea96b88bba3577abc69856bbda25
cheater-5p-329,Cheater,5,329,25,25,1,3,perfect,0,0,42,10,25,7,0,0,0,bac1cae9359f8a1b5522153c769f6f89d47e3bd20e5846793f2fff209e421dcb
cheater-5p-330,Cheater,5,330,24,24,0,3,tempo,0,1,47,13,24,10,0,0,0,483374d0a6a543d809b117c98afbfc6c9c7918a317f55476ad909c93c1fb5ff6
cheater-5p-331,Cheater,5,331,25,25,1,3,perfect,0,0,33,6,25,2,0,0,0,b40be64fea30e1c16ff9d402f528b7ee9a799b1e2394d27778ca581998fa8a50
cheater-5p-332,Cheater,5,332,25,25,1,3,perfect,0,0,42,10,25,7,0,0,0,a657822d4c6b1ad0c7aea2d169c8c5c60b67461593e7629d7f3c28d7a86c8cdd
cheater-5p-333,Cheater,5,333,25,25,1,3,perfect,0,0,39,9,25,5,0,0,0,b765053aabf85611914e3c3852b218ef888308edaa23f3f2dca9ffff947057bb
cheater-5p-334,Cheater,5,334,25,25,1,3,perfect,0,0,43,10,25,8,0,0,0,87b1de18f086b9f8a2f5745ed87f4c008788806b73cd71305056b3820eb5d774
cheater-5p-335,Cheater,5,335,25,25,1,3,perfect,0,0,44,11,25,8,0,0,0,50545448a7908cebe0f8c4e99db9ef1b6ceaa9e0627e7ca4a96ca4f415449e5b
cheater-5p-336,Cheater,5,336,25,25,1,3,perfect,0,0,43,11,25,7,0,0,0,9debf34fe27e2f4d76fc001b0e52b397f9556a8ac876b13b69bc22ef7a2c5c85
cheater-5p-337,Cheater,5,337,25,25,1,3,perfect,0,0,32,5,25,2,0,0,0,dad36dc22df867651799380dc53145d912fa52a171e5cc4abd691d936c60dc56
cheater-5p-338,Cheater,5,338,25,25,1,3,perfect,0,0,38,8,25,5,0,0,0,d0fc0f60bcc4b3fe9e646b0b551843b377e43d33c2e8c2ff77e94d5c515d1dc6
cheater-5p-339,Cheater,5,339,25,25,1,3,perfect,0,0,44,10,25,9,0,0,0,4348c4b5257e45149af4496edc37934a9e91641dbed8c7e75708bfc638a205eb
cheater-5p-340,Cheater,5,340,24,24,0,3,tempo,0,1,44,11,24,9,0,0,0,5039d2d76ed68cfec6da3b479cdd32eb7ce8f540dfe0edf550bb9e9c229ebef4
cheater-5p-341,Cheater,5,341,24,24,0,3,tempo,0,1,45,12,24,9,0,0,0,54264c11a6da766c619a07cdc5b2a1cbac5e0a4803b2810ccbdba3150a7581ed
cheater-5p-342,Cheater,5,342,25,25,1,3,perfect,0,0,41,8,25,8,0,0,0,a20c6d7e34b98b6f925d0cd0c6c13f669e706d8023b00ec2f672315de6790411
cheater-5p-343,Cheater,5,343,25,25,1,3,perfect,0,0,38,7,25,6,0,0,0,d62d21e768ede709cab873e21e0cac83460a03bf35993b4f5a67dbe1b0f008a1
cheater-5p-344,Cheater,5,344,25,25,1,3,perfect,0,0,43,10,25,8,0,0,0,e077ce20f2a1899532477301e8d1cfd6f96e82f81c9a5820d54443b15d7b0911
cheater-5p-345,Cheater,5,345,25,25,1,3,perfect,0,0,43,10,25,8,0,0,0,b10231be610603e1d57cf153ac97387f387ce82a019d2f57adec6e5fdbdb5900
cheater-5p-346,Cheater,5,346,25,25,1,3,perfect,0,0,45,12,25,8,0,0,0,58e78c027ecf7fb1a08ca6c1e12c8bc1af11b4512e85ba19bef8f4a00a6995d6
cheater-5p-347,Cheater,5,347,25,25,1,3,perfect,0,0,43,10,25,8,0,0,0,51b6fd0511a0848c7a2b778496c4a099c082096192b21e4effb4dcb3f9426e0f
cheater-5p-348,Cheater,5,348,25,25,1,3,perfect,0,0,44,10,25,9,0,0,0,330e8f0214dd04cfbf8caa0f6756c5de195dd71e8b618d70b32cff03ed186c7f
cheater-5p-349,Cheater,5,349,24,24,0,3,tempo,0,1,45,12,24,9,0,0,0,f86e57dabff44c2d8da951209ecfc4b4d5c2c3b9a478baeadb4473b7a0290af8
cheater-5p-350,Cheater,5,350,25,25,1,3,perfect,0,0,32,4,25,3,0,0,0,156d7c6d6d531fd78727c607f0e7dd3246c909d8a71caff4f878e6e6597a9cbb
cheater-5p-351,Cheater,5,351,25,25,1,3,perfect,0,0,43,10,25,8,0,0,0,3ff1adf0d726e4791676c10ab9fc3ef5035355e99bd5c63acf0429d14c80371a
cheater-5p-352,Cheater,5,352,25,25,1,3,perfect,0,0,41,9,25,7,0,0,0,a9bcc75a202b59763dd1022d63f693f166ddb7d96e8684afb27108832255089c
cheater-5p-353,Cheater,5,353,24,24,0,3,tempo,0,1,46,13,24,9,0,0,0,d07e643d567fd6b37d66675305303300b37d2a5c294c1aa1ff3738f0a00875b4
cheater-5p-354,Cheater,5,354,24,24,0,3,tempo,0,1,44,11,24,9,0,0,0,e53d2d50a7a5ec863b2c3d63622a3c988eeaa9dde2b78078af854014e91a4992
cheater-5p-355,Cheater,5,355,25,25,1,3,perfect,0,0,38,7,25,6,0,0,0,e4c4048682b34efc8fca2e6274f2ebc4c558d922ab18912529849d5870fbf9e8
cheater-5p-356,Cheater,5,356,25,25,1,3,perfect,0,0,38,7,25,6,0,0,0,a26685819d5b201071d415bb7488094eb4da12d9bef1ad54dd153e103aa855c2
cheater-5p-357,Cheater,5,357,25,25,1,3,perfect,0,0,39,8,25,6,0,0,0,78d7582a2aab62811479bf07b7795453c49fe90d7bd6dfc169bc5b16e88e6b68
cheater-5p-358,Cheater,5,358,25,25,1,3,perfect,0,0,39,9,25,5,0,0,0,1414115d1299845b6594c37ee2739a3568691910d44ab6d17027a50e83753ec5
cheater-5p-359,Cheater,5,359,25,25,1,3,perfect,0,0,38,8,25,5,0,0,0,52e97931d3d21e81aa8314298ac307ded953134fdc1d3e245ba141e01d4f9446
cheater-5p-360,Cheater,5,360,25,25,1,3,perfect,0,0,42,9,25,8,0,0,0,bab6614c5e6472a43119eac7c425be6e54c41bc07488434d6c858939aa55424c
cheater-5p-361,Cheater,5,361,25,25,1,3,perfect,0,0,44,11,25,8,0,0,0,78447ccf870f22d7732495fd72f02aae99b3b57d02144d3b9b483ee86ba57ddf
cheater-5p-362,Cheater,5,362,25,25,1,3,perfect,0,0,42,9,25,8,0,0,0,038a1425badfbbde13c22c402bbea7a1795a769052321a63d8423d685e65251d
cheater-5p-363,Cheater,5,363,25,25,1,3,perfect,0,0,44,11,25,8,0,0,0,32535a9c0846873ed919e7968d77b8411fe21e1fab56dc5c9ad406ed47f6efdb
cheater-5p-364,Cheater,5,364,25,25,1,3,perfect,0,0,38,7,25,6,0,0,0,eb640dd973320aae26fc789d6432fc34604d70f10683c8d88817f0006cd3ee04
cheater-5p-365,Cheater,5,365,25,25,1,3,perfect,0,0,37,7,25,5,0,0,0,748aac55bdc56a8109073fe0c534b224eb8610d0dbea182eeb7f1e82f3f59ba7
cheater-5p-366,Cheater,5,366,25,25,1,3,perfect,0,0,40,10,25,5,0,0,0,661a3ba83e0e16f37ef0fdfcdf2edfb1135afcd3d6fc3137466e8d631a34822d
cheater-5p-367,Cheater,5,367,24,24,0,3,tempo,0,1,44,11,24,9,0,0,0,851adaab0a31caed40d8dec5240a72a3794f5113a59e907d0a161ea9e5f06382
cheater-5p-368,Cheater,5,368,25,25,1,3,perfect,0,0,32,5,25,2,0,0,0,ad8932d16de34a66f2eaaae9b079a9b3a10749de5c4490fa9b60375bd45140e7
cheater-5p-369,Cheater,5,369,25,25,1,3,perfect,0,0,44,11,25,8,0,0,0,600009b8139800c84173fa769c33fd9b6bbf974e60b29235aac37e02ecb88247
cheater-5p-370,Cheater,5,370,25,25,1,3,perfect,0,0,41,9,25,7,0,0,0,52d60dcc35ba7044408866dc7d0a55b12a95e16ec6b685e6eb3b1e2faed184f4
cheater-5p-371,Cheater,5,371,25,25,1,3,perfect,0,0,42,9,25,8,0,0,0,7c1eb9c42382f0c4d139c91f8b97e3119ba63f1848ddf81ce4d9976d658d8274
cheater-5p-372,Cheater,5,372,25,25,1,3,perfect,0,0,29,3,25,1,0,0,0,16fc962839b4d14e85a30fc3d1d8d4e10bca4a980ff6d1a45c656fdb11b5449b
cheater-5p-373,Cheater,5,373,25,25,1,3,perfect,0,0,35,5,25,5,0,0,0,47474412e7b8db8cfa4d6dbc6c9944837982a57257b780055a9722704d4a5f7a
cheater-5p-374,Cheater,5,374,25,25,1,3,perfect,0,0,42,10,25,7,0,0,0,f53bd6dbf85b761f77ebb9cab3750e56084733e6b5e10227fff6920ff2c10151
cheater-5p-375,Cheater,5,375,25,25,1,3,perfect,0,0,43,11,25,7,0,0,0,c7f80c16436b49a9fc05ae7ea846b4cc6100f08f370eaaba26ae24ef4b344c57
cheater-5p-376,Cheater,5,376,25,25,1,3,perfect,0,0,29,3,25,1,0,0,0,25f6a8fbc4e1a94fee71f2a0593223689cbbbde9000ce63d28849992eb86828c
cheater-5p-377,Cheater,5,377,23,23,0,3,tempo,0,2,45,12,23,10,0,0,0,6305a9e3053a2e90814e988f30ce4219e68e924a505185704b513da4b5cd8114
cheater-5p-378,Cheater,5,378,25,25,1,3,perfect,0,0,40,9,25,6,0,0,0,6e2ff5a06315dc309d3955e4fa66b33317f8a3cc9cffaca7b07513341182de19
cheater-5p-379,Cheater,5,379,25,25,1,3,perfect,0,0,33,6,25,2,0,0,0,e27083bcde59d55c9074d68b26bd2afd828368e302280dde0a0fdbd6ea946a52
cheater-5p-380,Cheater,5,380,25,25,1,3,perfect,0,0,39,8,25,6,0,0,0,8216472df23d98c00b9f2e445b4021200496ed72a252343267e45870c140a794
cheater-5p-381,Cheater,5,381,25,25,1,3,perfect,0,0,40,8,25,7,0,0,0,41ae195cc1ffd021a7e3d07deac2e0585a95add91d219159051ca8237593675f
cheater-5p-382,Cheater,5,382,25,25,1,3,perfect,0,0,31,4,25,2,0,0,0,03f8f3a92d9a9a5d96ca281f7ba9cd90254b474eac5bc19ec94bdb232a972cfc
cheater-5p-383,Cheater,5,383,25,25,1,3,perfect,0,0,42,10,25,7,0,0,0,0ac7abfc3763d19fc01c8ae6776604f00d6a06e03f3eda2e301b64526fcf9586
cheater-5p-384,Cheater,5,384,23,23,0,3,tempo,0,2,45,12,23,10,0,0,0,9bccc57753951c6a5ab7b26bd4cf03045c3afbbe661c767a6553b78cdd6de42d
cheater-5p-385,Cheater,5,385,25,25,1,3,perfect,0,0,41,9,25,7,0,0,0,b041ec7011a37b045e18d2765d10cc72e50679af32e6310e375e824207384815
cheater-5p-386,Cheater,5,386,23,23,0,3,tempo,0,2,44,12,23,9,0,0,0,6afffc77085dafc3975105555556aee34beb8cb824ef00d8473db156fa72e273
cheater-5p-387,Cheater,5,387,25,25,1,3,perfect,0,0,33,6,25,2,0,0,0,c5b43f7e003c6b8db19fd8ccf1fcf6415951485853e12879317097243602c649
cheater-5p-388,Cheater,5,388,25,25,1,3,perfect,0,0,39,8,25,6,0,0,0,a32f81c1eedf398b761286f580c90dd33ea3e8c3aadf30692f975be9e812b016
cheater-5p-389,Cheater,5,389,25,25,1,3,perfect,0,0,33,5,25,3,0,0,0,113d8a17a5201721560b10bd44e5aaf0e3c958ded368f8ebe452c7c1250838a4
cheater-5p-390,Cheater,5,390,25,25,1,3,perfect,0,0,34,5,25,4,0,0,0,3d2537136300c53d65d420e91909bf8af566bd544278a0fc2237cbf81af2ddac
cheater-5p-391,Cheater,5,391,25,25,1,3,perfect,0,0,35,6,25,4,0,0,0,fdf9eaddbc6a4868f599f0c5c016632fc1f7916186eb4c15bdd1e49034c21d23
cheater-5p-392,Cheater,5,392,25,25,1,3,perfect,0,0,43,10,25,8,0,0,0,cf39847304859f4638cc07285d302daf90b9987f98472b2a76ad42fee6994c00
cheater-5p-393,Cheater,5,393,25,25,1,3,perfect,0,0,36,7,25,4,0,0,0,c63cdd607eff1f70738ffef56ca66729d666b626a3dd64306e2d3edfe24bdd01
cheater-5p-394,Cheater,5,394,25,25,1,3,perfect,0,0,41,9,25,7,0,0,0,f43ccb70490f124868e2cf7eadd01c69abf84ea4dc808448a7585b0d2379a8fc
cheater-5p-395,Cheater,5,395,25,25,1,3,perfect,0,0,39,9,25,5,0,0,0,14d6450ac9d167e789ad30389fc71cff986a1a4a8b9f4c701be2a8dddc79aa34
cheater-5p-396,Cheater,5,396,25,25,1,3,perfect,0,0,41,9,25,7,0,0,0,3862fa5c58f2ddb5ddbb4079c0e08f4b977d899707f174ff4b2c96d02cdc9f52
cheater-5p-397,Cheater,5,397,25,25,1,3,perfect,0,0,37,6,25,6,0,0,0,2761144bae4425cfb5ce83ef403577c775b07f97132eca8ed255a814d7a83d82
cheater-5p-398,Cheater,5,398,25,25,1,3,perfect,0,0,36,6,25,5,0,0,0,b0562d285533fbf5bf6c7b7539a59a98f8a979251e43072f0c3a5e56f62c9c66
cheater-5p-399,Cheater,5,399,24,24,0,3,tempo,0,1,45,12,24,9,0,0,0,80dd9c8bfb8592c406de846f74275d8b0673b3f91f605050d8f6bed464278e45
cheater-5p-400,Cheater,5,400,24,24,0,3,tempo,0,1,45,11,24,10,0,0,0,e080374fedb15d43cadecaf72e384b237c4f6d4788b81620af65115933702e2f
cheater-5p-401,Cheater,5,401,25,25,1,3,perfect,0,0,33,5,25,3,0,0,0,62acd9eda5b7f525dce6542bbc8ad442a92a2a909c49d5a65da5ca24b97e64f4
cheater-5p-402,Cheater,5,402,25,25,1,3,perfect,0,0,43,10,25,8,0,0,0,3cb8ec518e571b05838025668ca0fc3363949a71c0e316ca49ce98e3e0e1fd5e
cheater-5p-403,Cheater,5,403,25,25,1,3,perfect,0,0,42,10,25,7,0,0,0,8e81ec886ef8b740e413d649c66da98e03f5bae14f943f2be05585c3833f7faf
cheater-5p-404,Cheater,5,404,24,24,0,3,tempo,0,1,44,11,24,9,0,0,0,d061674ba8c9996999d176d33573cd3378389dfc2e5b8bdde2fb79b02cb95e7a
cheater-5p-405,Cheater,5,405,24,24,0,3,tempo,0,1,45,12,24,9,0,0,0,aab8b7bcdcc429e42048289e1351071be71934112ed664ac530b99e3ecad3471
cheater-5p-406,Cheater,5,406,23,23,0,3,tempo,0,2,45,12,23,10,0,0,0,67cf280c1820a42c5e24c99ce8eb9d8dd4e6c7911f19f917ede280a26ae761a0
cheater-5p-407,Cheater,5,407,25,25,1,3,perfect,0,0,39,7,25,7,0,0,0,9c8dea94ef0683fc22e6a54f103ecc29307b02469bb1cf4fa4c3f3ca11f2514f
cheater-5p-408,Cheater,5,408,24,24,0,3,tempo,0,1,44,11,24,9,0,0,0,5c09da9a5793baeab9b167659e8be9fdd93801d11b5b425c37e11dfb30cc4b45
cheater-5p-409,Cheater,5,409,25,25,1,3,perfect,0,0,38,8,25,5,0,0,0,213212cbb45861d60fc4e5e7fb845b86db983f7103d58a73ffb3aae7ca7e3265
cheater-5p-410,Cheater,5,410,25,25,1,3,perfect,0,0,44,11,25,8,0,0,0,20b3390d3aebb148e6ffc1aaa09cd095fa46a08ad3cd6c9827b9a060931e1f6f
cheater-5p-411,Cheater,5,411,24,24,0,3,tempo,0,1,43,10,24,9,0,0,0,6c1208f676d95eeefec38de4b9e34e858e52959d8ac9fd16d71ba629222a56cb
cheater-5p-412,Cheater,5,412,25,25,1,3,perfect,0,0,46,13,25,8,0,0,0,f7ac10ff26d11f6a7b3c3edf739bb0fbd7032771dd3eccfd01b416a9c6ebbe9f
cheater-5p-413,Cheater,5,413,25,25,1,3,perfect,0,0,38,7,25,6,0,0,0,c0cda80cf8a7420175b1b99eedd7ded1953d6b3bf55bb91707d6373ab1e65e06
cheater-5p-414,Cheater,5,414,25,25,1,3,perfect,0,0,39,9,25,5,0,0,0,6a681fe20955c763458e5248c9d065826b3cdb5bd8c4e888221bb31df51dc3b2
cheater-5p-415,Cheater,5,415,24,24,0,3,tempo,0,1,44,11,24,9,0,0,0,93803f27818c79381be384769edbd899305e5453f1662b6b989d8cae36aa1faf
cheater-5p-416,Cheater,5,416,25,25,1,3,perfect,0,0,39,8,25,6,0,0,0,f5d97065749b015f49eaa56225c27c24cf3a8c0df23935fd554c0bfaa655e5df
cheater-5p-417,Cheater,5,417,25,25,1,3,perfect,0,0,37,8,25,4,0,0,0,ce2bcb3bc46703556bf80ac55cbc13344206fefe24e2093ee3b22c91369bba6c
cheater-5p-418,Cheater,5,418,25,25,1,3,perfect,0,0,38,8,25,5,0,0,0,49b1b98d81c7ff74ff4b00e398d56f16bfe916e869f1de60eda1fb841fbe0da2
cheater-5p-419,Cheater,5,419,25,25,1,3,perfect,0,0,42,9,25,8,0,0,0,964f375615875dcc86e8f9413b20c2a4ebc30874ce52d6428f987d25d77bdf72
cheater-5p-420,Cheater,5,420,25,25,1,3,perfect,0,0,36,6,25,5,0,0,0,097d6448f2edeb5d5cc8165f37fe5092d9222dac3ea80c9cf5e71890503b1507
cheater-5p-421,Cheater,5,421,25,25,1,3,perfect,0,0,42,10,25,7,0,0,0,b98db27f491b09122f0ecb6cacdd35a3c846a9449c4e0d852abd9dccea0abbe9
cheater-5p-422,Cheater,5,422,25,25,1,3,perfect,0,0,32,5,25,2,0,0,0,299a61b6a876ddd69f3365f9b10856cd0145fa68b0dcbad0167b4ed62a0b1546
cheater-5p-423,Cheater,5,423,25,25,1,3,perfect,0,0,39,8,25,6,0,0,0,afd092edfadf3622cd5d8c0ec7dd511fbca9807c3ef7efc4262c2747fe7d7f1b
cheater-5p-424,Cheater,5,424,25,25,1,3,perfect,0,0,43,9,25,9,0,0,0,cc9422104f3c6ccef10d31012a0abcd5fd535e7dd46a29d38ca4f19e5147f157
cheater-5p-425,Cheater,5,425,25,25,1,3,perfect,0,0,41,9,25,7,0,0,0,06f5317e0c5cb39c925d7412cc0f8c8ae99cab3e986bef19087d5e73c33889bb
cheater-5p-426,Cheater,5,426,25,25,1,3,perfect,0,0,39,8,25,6,0,0,0,e4bcba052b8acabb34662e17f54c33f063e68f8a055cff51168db189505b2c75
cheater-5p-427,Cheater,5,427,25,25,1,3,perfect,0,0,43,11,25,7,0,0,0,28cf864b455f9084d307eacb6532f89a38d695957f8a1604beb137ff383a6c4c
cheater-5p-428,Cheater,5,428,24,24,0,3,tempo,0,1,45,11,24,10,0,0,0,9ae501d6a34d95fe15fd0a9b9321097ea29f87937516e8498e678db20871ce1a
cheater-5p-429,Cheater,5,429,25,25,1,3,perfect,0,0,32,4,25,3,0,0,0,02f489fb1615dca2adf5e1985524aa10546765e93d7a5614599f8f5d5cae503f
cheater-5p-430,Cheater,5,430,25,25,1,3,perfect,0,0,39,8,25,6,0,0,0,3f7888c5e07eb3e4bffdd3138437b69b4c45f2346c923d2e322b5edc97136283
cheater-5p-431,Cheater,5,431,23,23,0,3,tempo,0,1,47,14,23,10,0,0,0,751b6c6f2b7070d7a8421fb1f7f274deabafb42f8da14cc689ecc9f0f5c7e321
cheater-5p-432,Cheater,5,432,25,25,1,3,perfect,0,0,40,9,25,6,0,0,0,9306b596dd05653b9892ec1cded65a19bcffdfb10a7a8223245882bde1b60ce0
cheater-5p-433,Cheater,5,433,25,25,1,3,perfect,0,0,34,6,25,3,0,0,0,9f8ed56b9ca0c4e90cfb0368c98efed08e09db6e536556dc57a2b18fe6613230
cheater-5p-434,Cheater,5,434,24,24,0,3,tempo,0,1,45,12,24,9,0,0,0,177bebb7d68274a75bd2ff874a08f0ddacfc5d91caa9ada18013a40a7c2e1e03
cheater-5p-435,Cheater,5,435,25,25,1,3,perfect,0,0,38,7,25,6,0,0,0,765892c9725e18c3d5e2736579051ba57eaec4efda75106b5466f792db04b013
cheater-5p-436,Cheater,5,436,24,24,0,3,tempo,0,1,44,11,24,9,0,0,0,9c1f1e7438e93b7daa95e7e87699feebbdcf675c8382c6dfc4319fddfd63bc59
cheater-5p-437,Cheater,5,437,25,25,1,3,perfect,0,0,32,5,25,2,0,0,0,1c7733630a94d5eb3923c1ece91df15fb2866a3d4e69c1fac401752bb7983647
cheater-5p-438,Cheater,5,438,24,24,0,3,tempo,0,1,45,12,24,9,0,0,0,c0487822782a30a4c95b690dfacc102eb65bfc87c46429a1ad6fb5438a554159
cheater-5p-439,Cheater,5,439,24,24,0,3,tempo,0,1,46,13,24,9,0,0,0,2d2201480497b05cd1d5770a2219f54e22536188c01591ff52ed4927addd65a2
cheater-5p-440,Cheater,5,440,24,24,0,3,tempo,0,1,45,13,24,8,0,0,0,c2eea01b337aa56264c78d347e3dab3fbe368dbc6528bfac5ff766ad137b3822
cheater-5p-441,Cheater,5,441,25,25,1,3,perfect,0,0,37,7,25,5,0,0,0,159902b883cca968c02960b81cf529914ec7786d91eac504cec6f2e7dfe97a80
cheater-5p-442,Cheater,5,442,25,25,1,3,perfect,0,0,43,10,25,8,0,0,0,f92f1503de3f02667659d4339d43ba38362e9360e718417650157ccec17fc0b1
cheater-5p-443,Cheater,5,443,25,25,1,3,perfect,0,0,43,10,25,8,0,0,0,63e981c8f44d0f35618f53601f77fdbd33575bd32b886b5a2bbd1d33fcf0ef77
cheater-5p-444,Cheater,5,444,25,25,1,3,perfect,0,0,44,11,25,8,0,0,0,c08c4a4b78697e8a2dc40a53925ded55e9e96e65a30f3a4d82d2b7a8ad4db84a
cheater-5p-445,Cheater,5,445,25,25,1,3,perfect,0,0,40,8,25,7,0,0,0,f4e6b090c5c5f9e104787eb13c64cbf4aa28aab4aa651ff5745d61c06c38e8dd
cheater-5p-446,Cheater,5,446,25,25,1,3,perfect,0,0,36,7,25,4,0,0,0,db45a7e59f865fe20938b1d4d3125e064779af1fb8858c2e0bcc3030cb41355c
cheater-5p-447,Cheater,5,447,25,25,1,3,perfect,0,0,39,8,25,6,0,0,0,ffbfec2c6f351515500d9aa5f85f45fba7cdb6fa49b501560d37e14cdb5b71d7
cheater-5p-448,Cheater,5,448,25,25,1,3,perfect,0,0,44,12,25,7,0,0,0,409143dd97b778197cd7f4556ffb917bcf557041911d3699eb0492946da0b405
cheater-5p-449,Cheater,5,449,25,25,1,3,perfect,0,0,40,9,25,6,0,0,0,963c0b5ebc7e5c8c3e296539f7eb52c5b7a5160b170b26ff086cc077b9421ceb
cheater-5p-450,Cheater,5,450,25,25,1,3,perfect,0,0,39,9,25,5,0,0,0,b76eb4f8a09ef13d271ac218a2488089b80c0f55d1a1a16e9f75acb90020a92e
cheater-5p-451,Cheater,5,451,25,25,1,3,perfect,0,0,35,6,25,4,0,0,0,433bc623c2ad96a72403e1f6c2edb2984ef8349df49002a6837ff968b7559375
cheater-5p-452,Cheater,5,452,25,25,1,3,perfect,0,0,35,6,25,4,0,0,0,48dbe769db36eee6308429cce69b670990f52d3311b9f7abac7e846f9c3ba4f0
cheater-5p-453,Cheater,5,453,24,24,0,3,tempo,0,1,43,10,24,9,0,0,0,794afb2ee3490dc27c1ad51e48bfcc3b32c18508eab37da15ff752fc092e34da
cheater-5p-454,Cheater,5,454,25,25,1,3,perfect,0,0,41,8,25,8,0,0,0,fbe757968e40f97afaca1fd2e5c86d9106957afdb35dcb0a52b773a331449d7d
cheater-5p-455,Cheater,5,455,25,25,1,3,perfect,0,0,40,8,25,7,0,0,0,355953a86c146a65b73729fb65cfaad25f1e242bda938010741ea30e163ff8f7
cheater-5p-456,Cheater,5,456,25,25,1,3,perfect,0,0,40,9,25,6,0,0,0,f44902f07b74aa97fe994930ce99a94365661d8f96fed1532dd17613bd0968b1
cheater-5p-457,Cheater,5,457,25,25,1,3,perfect,0,0,39,8,25,6,0,0,0,07fcd0419164219bc6956757e9839d593190b324c33d5336db726ab0fca30b22
cheater-5p-458,Cheater,5,458,25,25,1,3,perfect,0,0,33,4,25,4,0,0,0,8fa55173fb7feaae652e659d022c57086a4058013ccc79e0f0f64d84ec84a7b5
cheater-5p-459,Cheater,5,459,25,25,1,3,perfect,0,0,40,9,25,6,0,0,0,6f2e1a49b8bcfbba7309c8d82a86c200584a81416c40ba5318fddfd6c7068fd5
cheater-5p-460,Cheater,5,460,25,25,1,3,perfect,0,0,43,10,25,8,0,0,0,b9673275b924aa0359857cd26971683a675e1db783c97a4dbfa1558f78f9b303
cheater-5p-461,Cheater,5,461,25,25,1,3,perfect,0,0,33,4,25,4,0,0,0,86fb7a62c764162ec3aa463759cf5ae2341ee86428bffb15087ad246f27b5cfa
cheater-5p-462,Cheater,5,462,25,25,1,3,perfect,0,0,39,8,25,6,0,0,0,0e8e67e7b16c95be42615c10163661e5b2823ce1b288028647db6d2acee768e3
cheater-5p-463,Cheater,5,463,25,25,1,3,perfect,0,0,35,6,25,4,0,0,0,0f4de7796b9da0aec96e65a589913ce635ed60088c3fadaef854c73d171aef1b
cheater-5p-464,Cheater,5,464,25,25,1,3,perfect,0,0,37,7,25,5,0,0,0,d9cbf3d61786b1885ce2503d9d43f6ac256ae7c499886137e6b40ebec1662ed2
cheater-5p-465,Cheater,5,465,25,25,1,3,perfect,0,0,31,4,25,2,0,0,0,83e89975f073cbd671d332a6a11456d4efdd394ad6aaa43b46baf84d8b15c554
cheater-5p-466,Cheater,5,466,25,25,1,3,perfect,0,0,36,7,25,4,0,0,0,2aff1c684505a47acd1897dacd2eb46067f6959177360ee6117624371f467c4b
cheater-5p-467,Cheater,5,467,25,25,1,3,perfect,0,0,40,8,25,7,0,0,0,e78d327424dbec6667c85a8315211ed6c9dac16538fe3f44ea85bc3cc776ff17
cheater-5p-468,Cheater,5,468,25,25,1,3,perfect,0,0,37,7,25,5,0,0,0,bea82fc5fe87f3014ebd50a99c4e072b49fb3a1f406d7360c431e01b8bf2748e
cheater-5p-469,Cheater,5,469,25,25,1,3,perfect,0,0,42,10,25,7,0,0,0,bb8595602a711fdc5d573d8c1fc07cd124d0d5d78f223910dcc9ad1f62daa380
cheater-5p-470,Cheater,5,470,25,25,1,3,perfect,0,0,40,9,25,6,0,0,0,bc632bf42824dbba2f59e31c7bb582d44df8ec43fea261aba2774cf1a1a80f1f
cheater-5p-471,Cheater,5,471,25,25,1,3,perfect,0,0,40,8,25,7,0,0,0,97b5d44114f4040f88f1307fa69078743266b33061f984dc0a3f9d534e6944b7
cheater-5p-472,Cheater,5,472,25,25,1,3,perfect,0,0,42,9,25,8,0,0,0,953b0b57316119440bb36aab6b3dee46d680a0210327cc4c39e66e03b33d7cd6
cheater-5p-473,Cheater,5,473,25,25,1,3,perfect,0,0,40,8,25,7,0,0,0,34570cb1afc5e50b5fb7c88e6e795bc3a52704dcb8c437014b019cbeb180fb51
cheater-5p-474,Cheater,5,474,22,22,0,3,tempo,0,2,46,13,22,11,0,0,0,c7016715752749317ba8b3e117fd0aac0a718edadb90e32147edd1fba12e2682
cheater-5p-475,Cheater,5,475,25,25,1,3,perfect,0,0,43,10,25,8,0,0,0,6dadde1edf19facc9c82307d907aa0d0fbf40dc7805b9ac52c8850bf6d671f03
cheater-5p-476,Cheater,5,476,25,25,1,3,perfect,0,0,37,6,25,6,0,0,0,5f99422fb8f429d89f5252a0fcc91fc54790e8b850e3e60401d09356ef0b4773
cheater-5p-477,Cheater,5,477,25,25,1,3,perfect,0,0,42,9,25,8,0,0,0,dff7ebea25880bcdb06e12fca7bafb7442ee0540286e4d0ee9f5f7d53eec8774
cheater-5p-478,Cheater,5,478,24,24,0,3,tempo,0,1,44,12,24,8,0,0,0,a869ac3e3dbb2ed9184b302904f1360ccbb08bbfc59c57b0b00324a8e82b6898
cheater-5p-479,Cheater,5,479,23,23,0,3,tempo,0,2,46,13,23,10,0,0,0,e88919c98e57515d5641fb47475d442e455207f1a7eaf5360621d35920c4210b
cheater-5p-480,Cheater,5,480,25,25,1,3,perfect,0,0,41,10,25,6,0,0,0,eb2305200d96188d903b0b0a45970fedc3ec4d26ebf5ad322b3c45099af3af8f
cheater-5p-481,Cheater,5,481,23,23,0,3,tempo,0,2,46,13,23,10,0,0,0,09e2587ea0836c2264be71b29ec5afcd9428271227cf0b9b975dc1268ca77535
cheater-5p-482,Cheater,5,482,23,23,0,3,tempo,0,2,47,13,23,11,0,0,0,3fcb7ffc6dcfc31111040bc6e5635c46eaa6df3575fa1b475a6e9a29f027b24a
cheater-5p-483,Cheater,5,483,25,25,1,3,perfect,0,0,42,9,25,8,0,0,0,1064eb8e251638128d898300437dc1d61c7796471e29086f4ce65fab38a79f87
cheater-5p-484,Cheater,5,484,25,25,1,3,perfect,0,0,34,5,25,4,0,0,0,cbb751898c53af25a9f9bc7563d4e4619d265b4f43437434bdf51ab0b154eba6
cheater-5p-485,Cheater,5,485,25,25,1,3,perfect,0,0,41,9,25,7,0,0,0,4ad88a8c5216b548d314d739940d7c26d7d1aae1f5f0e44c0dc6b8f1c9c94f7b
cheater-5p-486,Cheater,5,486,25,25,1,3,perfect,0,0,40,8,25,7,0,0,0,fe6ec7b5f5d250f1b8f27d3424f1ad19773b340b98d9e2791c1f6730a5004c4c
cheater-5p-487,Cheater,5,487,25,25,1,3,perfect,0,0,34,6,25,3,0,0,0,e514c520861145c13ae827e3c4866849164b54fa63bae77633334c1af844d2b1
cheater-5p-488,Cheater,5,488,25,25,1,3,perfect,0,0,44,11,25,8,0,0,0,dc583d83ea188454ac62d2fe65877e21dc910b5538db53557117b901d63e8d20
cheater-5p-489,Cheater,5,489,24,24,0,3,tempo,0,1,44,11,24,9,0,0,0,3a090afe7e6c1d55d3c77488e915bf5b83af213c9357e521ed78057169a41e82
cheater-5p-490,Cheater,5,490,25,25,1,3,perfect,0,0,43,11,25,7,0,0,0,d9db7f7a2b9f469807f57894e9af5747a7c04fbf6317b6a9eda87daf942d1083
cheater-5p-491,Cheater,5,491,25,25,1,3,perfect,0,0,37,7,25,5,0,0,0,f49a20e8bded5c1fd914de03a305f069a0e31ab751c1b735d37dbabad0405ec2
cheater-5p-492,Cheater,5,492,25,25,1,3,perfect,0,0,46,12,25,9,0,0,0,65dc41ec2e7e96ddab0947f7746b24c514d383cbb0b8e150a0188885e1653efc
cheater-5p-493,Cheater,5,493,25,25,1,3,perfect,0,0,39,8,25,6,0,0,0,0ad5521be8f7dfe555cbda97396dd593f7acc92b72fc96733e7e129fa2cd0d37
cheater-5p-494,Cheater,5,494,25,25,1,3,perfect,0,0,39,9,25,5,0,0,0,96a1db9e445d238fd7b703697ee4d6d98fe443db61f98b3dd91d298a809e0447
cheater-5p-495,Cheater,5,495,25,25,1,3,perfect,0,0,39,9,25,5,0,0,0,3dc2fa7b9b141781aa5d8d52d9a2105eff1ffd04f25cfe585b5d7b6c676ed19a
cheater-5p-496,Cheater,5,496,25,25,1,3,perfect,0,0,32,5,25,2,0,0,0,5117ca6efac2ce9335dc0877ac27bd6223a271999a6b7733715a461bf0b86d06
cheater-5p-497,Cheater,5,497,25,25,1,3,perfect,0,0,40,8,25,7,0,0,0,5e811391c196ca3d3ca4203213e8d43fbb297cef82061b9a3dcdf15537dad18e
cheater-5p-498,Cheater,5,498,24,24,0,3,tempo,0,1,45,12,24,9,0,0,0,73fa91b2c98c0bd5419e4a2be3f9fb4590eac0338759d960c1f91cf2f3fb7f28
cheater-5p-499,Cheater,5,499,25,25,1,3,perfect,0,0,38,8,25,5,0,0,0,99a136433959bbf221609b4430cb88501a824fed460eb779713b1a4e8214237d
cheater-5p-500,Cheater,5,500,25,25,1,3,perfect,0,0,43,10,25,8,0,0,0,c17513ded25c32b0d13134163f62c0fcf38dbad8865363f81c99daf520f0ee95
cheater-5p-501,Cheater,5,501,25,25,1,3,perfect,0,0,41,9,25,7,0,0,0,c6ddb182281a8f9d73bd57cdac78f5fba0a301b260e198ae06242baa3cbb25c3
cheater-5p-502,Cheater,5,502,25,25,1,3,perfect,0,0,33,5,25,3,0,0,0,731fda9966a45341973031558098695b7b0f12b64ba7f99acb9bf1dbe2c6d094
cheater-5p-503,Cheater,5,503,25,25,1,3,perfect,0,0,40,8,25,7,0,0,0,16ff55aa1dc76e284cac0d6b5fa3571722cf9c8d3d879676e780b8cbf867d14c
cheater-5p-504,Cheater,5,504,25,25,1,3,perfect,0,0,43,10,25,8,0,0,0,7af96637074455a110a42b7edf35b3f41ec395b6e91afefd807319f5488d79db
cheater-5p-505,Cheater,5,505,25,25,1,3,perfect,0,0,44,11,25,8,0,0,0,4584da49300b976def8f1fef743fe6b2f74467bceded78dbe735df1e68d2d2a1
cheater-5p-506,Cheater,5,506,25,25,1,3,perfect,0,0,34,6,25,3,0,0,0,90c5056c991d4bd4a76c07eea285c3756277833a31596d8fbec1dda469a34f67
cheater-5p-507,Cheater,5,507,25,25,1,3,perfect,0,0,40,8,25,7,0,0,0,b46170410dcd3eeb975d176d37c9592901574bb5b209f95f73b6d26a83af0e6a
cheater-5p-508,Cheater,5,508,25,25,1,3,perfect,0,0,44,10,25,9,0,0,0,02b746964bb2aba06bc7c95af5c3e7b1cd8354bf60907c6e91bc3870f51cfe1f
cheater-5p-509,Cheater,5,509,25,25,1,3,perfect,0,0,36,7,25,4,0,0,0,5096102efaf55b4e45e14369fb78fdab31e4753b5bc9f48241434d78f675cd4a
cheater-5p-510,Cheater,5,510,25,25,1,3,perfect,0,0,31,4,25,2,0,0,0,d8b33df2c9e01540a6a3e744b2660c1c44cfdaf43255069e7783f4a03eb2eb40
cheater-5p-511,Cheater,5,511,25,25,1,3,perfect,0,0,40,8,25,7,0,0,0,dba0246e5773f76780a262ab84877025213d00f901d3bf70d7f9ff8d24cc10de
cheater-5p-512,Cheater,5,512,25,25,1,3,perfect,0,0,39,8,25,6,0,0,0,b0bd5d90dc6900340efb5939cdb7d71bd7816e094e2a34978cde24d4430777f1
cheater-5p-513,Cheater,5,513,25,25,1,3,perfect,0,0,37,7,25,5,0,0,0,82b7247724134ba6a6d4e7c342430b8a6c3117fc1e9540f8b7ed2b11c55b9ca6
cheater-5p-514,Cheater,5,514,25,25,1,3,perfect,0,0,33,5,25,3,0,0,0,9350d7e53dbd0e7b259aeff23e164f58f714c154efda021006e27df1aaae721e
cheater-5p-515,Cheater,5,515,25,25,1,3,perfect,0,0,45,12,25,8,0,0,0,afa494bb9d0a307f5d5583c3994acd8a9b10bc3231f85f2b5db1420a30b1804b
cheater-5p-516,Cheater,5,516,24,24,0,3,tempo,0,1,45,12,24,9,0,0,0,e55878ff66f6ae7ebc1ef4416672c7843fd751ec36d52a29ad24c9ae92c33f6c
cheater-5p-517,Cheater,5,517,25,25,1,3,perfect,0,0,32,4,25,3,0,0,0,abd8d2778f90988f1fddc1ccd2598260550432457f0552d02b20d98d57fe4160
cheater-5p-518,Cheater,5,518,25,25,1,3,perfect,0,0,39,8,25,6,0,0,0,eace9d9b83742586373cb9822d0e5e80c88f62d3946df80d897739425297e2cb
cheater-5p-519,Cheater,5,519,25,25,1,3,perfect,0,0,38,7,25,6,0,0,0,ac9e94e5024b48d8ce7b79c4a17c59af758241154cd2b5b1988b1d459b733ec6
cheater-5p-520,Cheater,5,520,25,25,1,3,perfect,0,0,36,6,25,5,0,0,0,9c76f9a6f0f38a2db16c1a45c894b8ca153d8b46fad70a2beeecce986c363d1f
cheater-5p-521,Cheater,5,521,25,25,1,3,perfect,0,0,40,8,25,7,0,0,0,0ca780ee7edbf7683d20525af264a83877de1264e65e8037051b8bf6f0c0e411
cheater-5p-522,Cheater,5,522,25,25,1,3,perfect,0,0,36,6,25,5,0,0,0,32171f32308ecd8b1930731b6e193accd4e728faf53b8d581543100ae558271f
cheater-5p-523,Cheater,5,523,25,25,1,3,perfect,0,0,43,10,25,8,0,0,0,f2aa8310eb01007c149e850953bec34e205a5015499ec21a27a0b4936cef8c6b
cheater-5p-524,Cheater,5,524,25,25,1,3,perfect,0,0,36,6,25,5,0,0,0,0bf80c21fd43b5078de34b585b4994722d4efded6e16aee4188e7c17a693cb73
cheater-5p-525,Cheater,5,525,25,25,1,3,perfect,0,0,37,7,25,5,0,0,0,839a52c992ddd4d36d239a36be59685c4713c4b15b1c71032881097f36ec3908
cheater-5p-526,Cheater,5,526,25,25,1,3,perfect,0,0,42,9,25,8,0,0,0,1d4398ad5a1f3bdcc7bb0cbcb54b9775a45a2beb9dbc887ef4c4fdda91476769
cheater-5p-527,Cheater,5,527,25,25,1,3,perfect,0,0,31,4,25,2,0,0,0,1cbb8577de076aa67ef4972d66c73e76ecac11e14bf02f0807bad422b8665abb
cheater-5p-528,Cheater,5,528,25,25,1,3,perfect,0,0,38,7,25,6,0,0,0,51383b8912ff4316825f58482d5d6ef0e525f327db415abe0a56108558249a07
cheater-5p-529,Cheater,5,529,24,24,0,3,tempo,0,1,45,12,24,9,0,0,0,18a6822a9c591d2ba7a1268c34ad49646b2be663dc5d03c6a52b746a71124ab4
cheater-5p-530,Cheater,5,530,25,25,1,3,perfect,0,0,38,8,25,5,0,0,0,3c11b8e365169468689b97541f1d61d6fa6eb597a43dbe99bc293d9e1da0096a
cheater-5p-531,Cheater,5,531,25,25,1,3,perfect,0,0,36,7,25,4,0,0,0,e771eb2c6adda8589987b4a579701820dd1ff58643312bdc01d36e40a135b0f2
cheater-5p-532,Cheater,5,532,25,25,1,3,perfect,0,0,41,9,25,7,0,0,0,c06d2929ffa5318b8bb6d7c0a381296e50bb199da1f5ead82d6c0edd2a0c9a94
cheater-5p-533,Cheater,5,533,24,24,0,3,tempo,0,1,43,10,24,9,0,0,0,95b9e01dac9e2c3dc6c4310caa9a49c789e121316bb2971c3058746427103c7a
cheater-5p-534,Cheater,5,534,25,25,1,3,perfect,0,0,39,9,25,5,0,0,0,7845ac8077af1acea2621b4c8c7fcee9952aec70a9725176d9e7dc1ab26cfa69
cheater-5p-535,Cheater,5,535,24,24,0,3,tempo,0,1,48,13,24,11,0,0,0,3dc55ecf0d740e24f76a4fb2dcc20fff9037ea59adbff053dfcf4e079ec88d33
cheater-5p-536,Cheater,5,536,25,25,1,3,perfect,0,0,35,6,25,4,0,0,0,53d164030a587644370e2d86b17ad7d2a7160be82dbc0793891790bc86a77c17
cheater-5p-537,Cheater,5,537,25,25,1,3,perfect,0,0,38,8,25,5,0,0,0,9c484e5ad8f0ab364d6eefbb1c0efd274567f34ae43669f17deb521ea7310a1c
cheater-5p-538,Cheater,5,538,25,25,1,3,perfect,0,0,44,11,25,8,0,0,0,b3b62af3154e8a962283e94ed2cb5f7afc3bf03cd7268dcb9e365eddf28a2005
cheater-5p-539,Cheater,5,539,25,25,1,3,perfect,0,0,38,8,25,5,0,0,0,ad38f9337f748ac9194f834640ca15db3f755af01acb74a63744bf6270688406
cheater-5p-540,Cheater,5,540,25,25,1,3,perfect,0,0,43,10,25,8,0,0,0,a06a219b9b5f87b6936a5187b7f73ae7302e96a114ba8b2b6b3006e24051493b
cheater-5p-541,Cheater,5,541,25,25,1,3,perfect,0,0,38,7,25,6,0,0,0,a0c2dd638702dbd788ddc858c2a8b73e2c10fe62b9e1b70dc7aa02709187be65
